tree
version=v4
num_class=1
num_tree_per_iteration=1
label_index=0
max_feature_idx=14
objective=regression
feature_names=pm2_5_lag_1 pm10_lag_1 temperature_lag_1 wind_speed_lag_1 precipitation_lag_1 pm2_5_roll_7 pm2_5_roll_30 pm10_roll_7 pm10_roll_30 day_of_week month is_weekend temperature_2m_mean wind_speed_10m_max precipitation_sum
feature_infos=[5.6791666666666663:106.20833333333333] [7.1374999999999993:170.16249999999999] [17.300000000000001:39.5] [6.2000000000000002:34.100000000000001] [0:95.400000000000006] [8.8904761904761909:82.61666666666666] [14.351666666666665:64.840138888888902] [12.207738095238096:133.96904761904761] [20.420694444444443:96.369722222222251] [0:6] [1:12] [0:1] [17.300000000000001:39.5] [6.2000000000000002:34.100000000000001] [0:95.400000000000006]
tree_sizes=2520 2652 2601 2640 2631 2643 2667 2631 2660 2630 2648 2641 2657 2629 2676 2673 2666 2671 2664 2662 2672 2657 2665 2672 2649 2672 2662 2666 2677 2654 2677 2673 2673 2671 2666 2667 2682 2679 2696 2692 2693 2692 2681 2676 2703 2667 2687 2673 2664 2684 2697 2692 2680 2683 2707 2708 2685 2652 2698 2732 2703 2702 2660 2689 2720 2684 2685 2719 2697 2684 2693 2720 2696 2674 2720 2707 2693 2679 2646 2703 2692 2690 2711 2697 2703 2705 2704 2702 2701 2696 2701 2685 2708 2715 2731 2697 2693 2724 2724 2718

Tree=0
num_leaves=31
num_cat=0
split_feature=0 5 4 0 13 13 0 13 7 13 7 2 1 14 13 13 13 14 6 1 4 8 0 12 2 6 3 6 14 6
split_gain=97452.7 20771.5 17325.1 9307.99 6713.56 6128.34 4538.3 3248.06 2974.51 2624.34 2012.04 1712.91 1408.57 1248.55 1225.06 1107.98 1076.61 1243.19 984.271 863.106 883.273 779.639 972.878 640.446 542.51 460.468 429.776 370.029 314.535 181.375
threshold=35.810416666666676 44.189583333333339 0.65000000000000002 61.375000000000007 10.050000000000002 10.250000000000002 22.90625 9.2500000000000018 41.333630952380965 12.15 39.666964285714293 22.950000000000003 57.918750000000003 10.850000000000003 12.65 13.750000000000002 15.15 0.15000000000000005 50.670902777777805 63.83958333333333 1.0000000180025095e-35 58.220763888888889 29.064583333333335 27.150000000000002 29.050000000000004 28.60263888888889 16.350000000000005 33.301458333333336 18.850000000000005 28.060277777777781
decision_type=2 10 2 2 2 2 2 2 10 2 10 2 2 2 2 2 2 2 10 2 2 8 2 2 2 10 2 10 2 10
left_child=2 7 5 9 -5 10 15 -2 14 11 -1 -3 -13 25 -7 23 19 -18 -6 -9 -21 22 26 -4 -16 -8 -10 -24 -17 -26
right_child=1 3 6 4 18 8 13 16 21 -11 -12 12 -14 -15 24 28 17 -19 -20 20 -22 -23 27 -25 29 -27 -28 -29 -30 -31
leaf_value=34.681098421834939 35.454967050375338 35.217288910942912 33.838835621042342 36.586612757646527 35.906587526906279 34.474560730639844 34.267910139845931 34.748657684643995 34.22791868498112 34.963199401826628 35.344975006092341 36.036077115643771 35.490641424661177 33.95135001944378 33.956195716831353 33.753640986552035 34.357593846766036 34.862238147871139 35.410535435172264 35.307655960457843 34.854309094656259 34.796115078591889 34.831420834172512 34.187112131064247 34.339295840967445 34.561048836220053 34.529202095974235 34.551862661268302 33.562358351910035 34.143572420585897
leaf_weight=21 23 27 33 38 20 35 37 38 29 27 25 20 29 25 31 83 23 26 20 21 22 31 20 22 20 21 20 29 29 29
leaf_count=21 23 27 33 38 20 35 37 38 29 27 25 20 29 25 31 83 23 26 20 21 22 31 20 22 20 21 20 29 29 29
internal_value=34.6645 35.3361 34.2496 35.6987 36.1107 34.5125 33.9445 34.9073 34.4127 35.3866 35.0419 35.5371 35.7133 34.2467 34.2278 33.7944 34.8104 34.6254 35.6586 34.9223 35.0757 34.5776 34.5084 33.9781 34.1199 34.374 34.3509 34.666 33.7041 34.2235
internal_weight=0 334 540 181 78 290 250 153 244 103 46 76 49 83 115 167 130 49 40 81 43 129 98 55 80 58 49 49 112 49
internal_count=874 334 540 181 78 290 250 153 244 103 46 76 49 83 115 167 130 49 40 81 43 129 98 55 80 58 49 49 112 49
is_linear=0
shrinkage=1


Tree=1
num_leaves=31
num_cat=0
split_feature=5 0 0 13 4 2 3 0 2 1 6 13 13 13 13 12 13 8 7 1 12 3 14 7 0 12 12 12 6 14
split_gain=88054.2 26336.6 11843.3 6590.43 5003.84 4947.31 4730.31 2799.55 1755.81 2031.47 1735.13 1579.28 1315.14 1098.61 993.2 877.242 865.153 745.744 728.074 1371.8 720.222 704.59 679.145 517.825 436.273 401.501 341.811 292.449 176.232 100.008
threshold=42.592857142857149 24.658333333333335 61.375000000000007 10.050000000000002 0.65000000000000002 24.750000000000004 11.050000000000002 37.768750000000004 22.550000000000004 63.83958333333333 28.60263888888889 10.850000000000003 13.750000000000002 11.350000000000003 13.850000000000003 32.650000000000013 12.450000000000001 49.706805555555555 65.578273809523822 62.577083333333341 27.150000000000002 9.9500000000000011 1.5500000000000003 41.813988095238095 42.433333333333344 29.650000000000002 28.250000000000004 26.450000000000003 20.025208333333335 2.8000000000000003
decision_type=10 2 2 2 2 2 2 2 2 2 10 2 2 2 2 2 2 10 10 2 2 2 2 8 2 2 2 2 8 2
left_child=1 4 6 -4 16 11 8 10 -2 -10 22 -3 20 -8 23 -16 -1 25 19 -9 -6 -5 26 -12 -15 -18 -7 28 -14 -29
right_child=2 5 3 21 12 7 13 18 9 -11 14 -13 27 24 15 -17 17 -19 -20 -21 -22 -23 -24 -25 -26 -27 -28 29 -30 -31
leaf_value=-0.17316048530971304 0.53049002853887417 0.59128685272656956 1.825965404510498 1.1124539827758617 -0.75878044337034234 -0.071324416995048531 0.54033285570533385 -0.034505414664745333 1.2962260846433971 0.65049596953959699 0.30961435707286 0.075782744896908616 -0.90335330652154022 -0.05847252741456032 -0.37800136780546562 -0.015144685826574765 -0.76386113166809089 -0.26423685661068669 -0.12293365413323046 0.41521907425843757 -0.41231686014992497 0.70240416735410693 -0.50846648200964317 -0.026056527539535808 0.27178242072463038 -0.47464474851886429 -0.32669476239304795 -0.76411058759689343 -1.0933559821202206 -0.89099167265543133
leaf_weight=34 28 39 38 22 40 20 23 30 29 21 20 24 23 20 31 36 20 27 20 39 24 20 39 27 20 30 38 25 26 41
leaf_count=34 28 39 38 22 40 20 23 30 29 21 20 24 23 20 31 36 20 27 20 39 24 20 39 27 20 30 38 25 26 41
internal_value=0 -0.291715 0.862929 1.34886 -0.646976 -0.00789777 0.587224 -0.0924862 0.847496 1.02502 -0.191685 0.394904 -0.810529 0.264982 -0.0594254 -0.183034 -0.383229 -0.475986 0.142693 0.219687 -0.628857 0.917192 -0.347125 0.116782 0.106655 -0.590331 -0.238636 -0.911633 -1.00417 -0.842931
internal_weight=0 653 221 80 290 363 141 300 78 50 211 63 179 63 114 67 111 77 89 69 64 42 97 47 40 50 58 115 49 66
internal_count=874 653 221 80 290 363 141 300 78 50 211 63 179 63 114 67 111 77 89 69 64 42 97 47 40 50 58 115 49 66
is_linear=0
shrinkage=0.05


Tree=2
num_leaves=31
num_cat=0
split_feature=0 5 4 0 13 13 0 13 7 13 7 2 1 14 13 13 1 13 6 13 8 0 14 12 2 3 6 6 12 6
split_gain=79769.4 16933.5 14120 7552.92 5444.18 5098.14 3668.3 2790.69 2504.01 2241.68 1723.89 1447.3 1173.33 1040.71 980.641 955.209 983.68 951.757 903.83 894.566 697.243 817.834 506.065 477.569 452.645 391.346 371.869 364.465 296.834 166.544
threshold=35.810416666666676 44.189583333333339 0.65000000000000002 61.375000000000007 10.050000000000002 10.250000000000002 22.90625 9.2500000000000018 41.333630952380965 12.15 39.666964285714293 22.950000000000003 57.918750000000003 10.850000000000003 12.65 16.250000000000004 63.83958333333333 11.65 50.670902777777805 14.050000000000002 58.220763888888889 29.064583333333335 0.65000000000000002 27.150000000000002 29.050000000000004 16.350000000000005 28.60263888888889 33.301458333333336 26.450000000000003 28.060277777777781
decision_type=2 10 2 2 2 2 2 2 10 2 10 2 2 2 2 2 2 2 10 2 8 2 2 2 2 2 10 10 2 10
left_child=2 7 5 9 -5 10 19 -2 14 11 -1 -3 -13 26 -7 16 17 -9 -6 23 21 25 -18 -4 -16 -10 -8 -23 -21 -26
right_child=1 3 6 4 18 8 13 15 20 -11 -12 12 -14 -15 24 -17 22 -19 -20 28 -22 27 -24 -25 29 -27 -28 -29 -30 -31
leaf_value=0.010814127326011658 0.7280619994453762 0.49895298825231971 -0.74349745537553513 1.7346671222856171 1.1366202211380005 -0.17797202531780518 -0.35827304890026923 0.27880475983023645 -0.40500302294204976 0.2625135635888135 0.62531631207466132 1.2494836449623108 0.75167236019825123 -0.6488062307238579 -0.64481778404405043 -0.11164077957791668 0.45654740281816991 -0.19281114381484932 0.66127024650573729 -0.96501526553580108 0.12884267472451735 0.16542854145169261 0.1428572863340378 -0.45020295681188938 -0.28969188392162326 -0.11750521242618561 -0.094840926561681999 -0.11201974743142212 -0.79840747396792144 -0.47724246095609052
leaf_weight=21 23 27 35 38 20 35 37 20 29 27 25 20 29 25 31 31 36 23 20 47 31 20 20 23 20 20 21 29 62 29
leaf_count=21 23 27 35 38 20 35 37 20 29 27 25 20 29 25 31 31 36 23 20 47 31 20 20 23 20 20 21 29 62 29
internal_value=0 0.60761 -0.375436 0.934933 1.30609 -0.138046 -0.650808 0.220385 -0.229071 0.653862 0.344783 0.792893 0.954861 -0.379132 -0.398715 0.130565 0.206407 0.0265451 0.898945 -0.785833 -0.0778378 -0.143216 0.344515 -0.627191 -0.49529 -0.287657 -0.262892 0.00122445 -0.870248 -0.400691
internal_weight=0 334 540 181 78 290 250 153 244 103 46 76 49 83 115 130 99 43 40 167 129 98 56 58 80 49 58 49 109 49
internal_count=874 334 540 181 78 290 250 153 244 103 46 76 49 83 115 130 99 43 40 167 129 98 56 58 80 49 58 49 109 49
is_linear=0
shrinkage=0.05


Tree=3
num_leaves=31
num_cat=0
split_feature=0 0 5 0 13 4 2 3 7 13 13 5 14 7 13 14 3 2 12 13 12 12 7 6 5 13 10 14 13 3
split_gain=72102.8 14261.1 13917.7 6357.37 4913.37 4350.06 4314.19 2358.52 3641.97 1970.56 1850.31 1323.66 1208.26 1151.27 1084.34 965.361 876.381 862.418 1059.56 663.25 612.732 592.98 470.972 425.218 723.469 389.016 330.075 253.73 145.767 153.67
threshold=37.595833333333339 24.658333333333335 44.189583333333339 61.375000000000007 10.050000000000002 0.65000000000000002 26.050000000000004 11.050000000000002 63.235714285714302 11.050000000000002 11.350000000000003 34.10327380952382 10.550000000000002 39.666964285714293 13.750000000000002 1.0000000180025095e-35 9.9500000000000011 25.750000000000004 29.550000000000004 12.65 34.150000000000013 27.150000000000002 42.463690476190486 28.697500000000002 37.752083333333339 15.850000000000003 4.5000000000000009 18.850000000000005 18.650000000000002 16.150000000000002
decision_type=2 2 10 2 2 2 2 2 10 2 2 10 2 10 2 2 2 2 2 2 2 2 10 8 10 2 2 2 2 2
left_child=1 5 10 7 -5 17 9 8 -4 22 11 -2 13 19 21 -12 -6 -1 -19 -8 -20 -7 -3 -15 25 -25 -17 28 29 -16
right_child=2 6 3 4 16 14 12 -9 -10 -11 15 -13 -14 23 27 26 -18 18 20 -21 -22 -23 -24 24 -26 -27 -28 -29 -30 -31
leaf_value=-0.039040366113185884 0.1456454846262932 0.32945342555642132 1.311068399871389 1.6479338195763138 1.0880360168218612 -0.68449510154314341 -0.12453534792044335 0.33451077547640756 0.5159038838413027 -0.088119419935074716 -0.10538199798841226 0.66737717659242701 -0.55269863277673725 -0.19307668791026683 -0.80007175430655486 0.38867077440023423 0.61995993316173559 -0.59608856648206709 -0.10553504940122367 -0.44349433978398639 -0.44069785779714588 -0.37012272719293837 0.67259032830595977 0.20420547400911651 -0.23597488081590698 -0.049606368619088945 0.113639559969306 -0.95126958057798194 -0.8648069888353348 -0.62840912531722681
leaf_weight=20 20 20 24 38 20 40 28 39 36 22 38 31 20 37 32 20 20 40 30 39 25 24 20 36 22 26 24 29 32 22
leaf_count=20 20 20 24 38 20 40 28 39 36 22 38 31 20 37 32 20 20 40 30 39 25 24 20 36 22 26 24 29 32 22
internal_value=0 -0.336467 0.612785 0.903195 1.24079 -0.57741 -0.0741061 0.637213 0.83397 0.291972 0.2263 0.462777 -0.183225 -0.14392 -0.731568 0.0792225 0.853998 -0.33746 -0.400285 -0.310198 -0.257882 -0.566605 0.501022 -0.0518484 0.0103593 0.0977682 0.238654 -0.823373 -0.780246 -0.730135
internal_weight=0 564 310 177 78 294 270 99 60 62 133 51 208 188 179 82 40 115 95 67 55 64 40 121 84 62 44 115 86 54
internal_count=874 564 310 177 78 294 270 99 60 62 133 51 208 188 179 82 40 115 95 67 55 64 40 121 84 62 44 115 86 54
is_linear=0
shrinkage=0.05


Tree=4
num_leaves=31
num_cat=0
split_feature=0 0 5 0 13 4 2 13 13 13 7 14 7 13 2 7 1 6 2 12 13 12 12 3 7 4 13 5 0 14
split_gain=65072.8 12870.6 12560.7 5737.53 4434.32 3925.93 3893.55 2129.23 1778.43 1710.35 1172.18 1090.46 1039.02 978.619 962.157 912.12 1478.04 832.705 778.332 956.249 598.583 552.99 535.164 505.556 425.052 394.534 577.541 468.963 262.04 234.621
threshold=37.595833333333339 24.658333333333335 44.189583333333339 61.375000000000007 10.050000000000002 0.65000000000000002 26.050000000000004 12.15 11.050000000000002 9.3500000000000032 63.235714285714302 10.550000000000002 39.666964285714293 13.750000000000002 24.150000000000002 65.578273809523822 63.962499999999999 50.670902777777805 25.750000000000004 29.550000000000004 12.65 34.150000000000013 27.150000000000002 12.550000000000002 42.463690476190486 1.4500000000000002 16.350000000000005 32.335119047619052 47.758333333333333 8.1500000000000004
decision_type=2 2 10 2 2 2 2 2 2 2 10 2 10 2 2 10 2 10 2 2 2 2 2 2 10 2 2 10 2 2
left_child=1 5 9 7 -5 18 8 10 24 -2 -4 12 20 22 -12 16 23 -6 -1 -20 -8 -21 -7 -11 -3 26 27 -14 -18 -15
right_child=2 6 3 4 17 13 11 -9 -10 15 14 -13 25 29 -16 -17 28 -19 19 21 -22 -23 -24 -25 -26 -27 -28 -29 -30 -31
leaf_value=-0.037088357210159302 0.6411823266744614 0.3129807581007481 0.9860559374590715 1.5655371148335306 1.0394297173619271 -0.6502703448385001 -0.11830858420913243 0.22669406884729312 -0.083713447641242639 0.17157064095139504 0.32584998294711115 -0.52506370425224302 -0.054387473861376448 -0.70761159425432041 0.8050217349420894 -0.12030268709820052 0.51343486960977314 0.58316647678613664 -0.56628414273262029 -0.10025829856749624 -0.42131962741796791 -0.41866295593976982 -0.35161659121513367 -0.18394152015447618 0.63896080940961841 -0.2261792153567076 -0.16879051838289291 0.22078160829842092 0.27596632314934616 -0.85058172861735037
leaf_weight=20 20 20 30 38 20 40 28 27 22 20 20 20 30 55 22 26 26 20 40 30 39 25 24 20 20 25 34 32 21 60
leaf_count=20 20 20 30 38 20 40 28 27 22 20 20 20 30 55 22 26 26 20 40 30 39 25 24 20 20 25 34 32 21 60
internal_value=0 -0.319643 0.582146 0.858035 1.17875 -0.548539 -0.0704008 0.605352 0.277373 0.214985 0.747349 -0.174064 -0.136724 -0.69499 0.576845 0.139551 0.217209 0.811298 -0.320587 -0.38027 -0.294688 -0.244988 -0.538275 -0.00618544 0.475971 -0.049256 -0.00318219 0.0876353 0.407332 -0.782205
internal_weight=0 564 310 177 78 294 270 99 62 133 72 208 188 179 42 113 87 40 115 95 67 55 64 40 40 121 96 62 47 115
internal_count=874 564 310 177 78 294 270 99 62 133 72 208 188 179 42 113 87 40 115 95 67 55 64 40 40 121 96 62 47 115
is_linear=0
shrinkage=0.05


Tree=5
num_leaves=31
num_cat=0
split_feature=0 0 13 0 13 14 4 13 2 8 13 1 5 7 7 3 13 9 12 4 13 3 8 12 13 5 14 0 8 1
split_gain=58557.4 15846.7 9550.23 4979.36 4732.39 4035.28 3746.82 2455.3 1902.42 1644.86 1488.97 1195.2 1134.99 1350.53 1059.71 836.071 767.211 671.365 502.733 461.394 444.708 486.357 433.668 347.198 330.914 546.406 325.765 307.329 165.758 164.673
threshold=42.145833333333343 24.318750000000005 12.050000000000002 61.375000000000007 10.850000000000003 1.0000000180025095e-35 0.95000000000000007 10.050000000000002 27.350000000000005 34.632638888888899 10.250000000000002 41.79375000000001 45.023214285714289 76.462202380952391 39.666964285714293 15.050000000000002 17.350000000000005 4.5000000000000009 30.450000000000003 1.5500000000000003 12.65 18.350000000000005 39.893819444444446 27.850000000000005 15.15 36.474702380952387 6.6500000000000012 33.954166666666673 49.772777777777797 21.100000000000001
decision_type=2 2 2 2 2 2 2 2 2 10 2 2 10 10 10 2 2 2 2 2 2 2 10 2 2 10 2 2 10 2
left_child=1 6 3 12 5 11 10 -5 -4 -6 -1 -3 -2 -14 22 -10 23 18 28 -7 -16 24 -11 29 27 -26 -18 -22 -12 -8
right_child=2 4 8 7 9 19 16 -9 15 14 17 -13 13 -15 20 -17 26 -19 -20 -21 21 -23 -24 -25 25 -27 -28 -29 -30 -31
leaf_value=0.067419133335351947 0.44810796357183302 0.28461726316867547 0.52554087287340412 1.5315301246113249 -0.47994264644203766 0.023710974752902986 -0.73417026973687693 0.86106917695565655 -0.11468925111252687 -0.16926130786024293 -0.64005455896258356 0.7019083319231868 1.0120834491708699 0.4942806812375784 0.12072100171094968 0.29406871910799637 -0.68523662924766549 -0.20177051266354901 -0.31509332135319712 -0.31185151139895123 -0.15173151331103368 0.13689741329068231 -0.46365169977599924 -0.43971693969291192 -0.061091813776228167 -0.38897960359851519 -0.94097031535524323 0.1162637932598591 -0.4565619692206383 -0.59379770570331158
leaf_weight=20 33 37 39 36 33 20 39 22 29 29 32 32 34 20 36 22 20 31 31 21 23 21 22 23 27 24 33 20 20 45
leaf_count=20 33 37 39 36 33 20 39 22 29 29 32 32 34 20 36 22 20 31 31 21 23 21 22 23 27 24 33 20 20 45
internal_value=0 -0.255821 0.667244 0.918363 -0.0259667 0.244702 -0.525548 1.27722 0.262662 -0.152663 -0.330503 0.478144 0.679127 0.820305 -0.0991963 0.0616377 -0.688899 -0.400314 -0.474468 -0.148162 -0.0326406 -0.0806495 -0.296253 -0.611841 -0.12925 -0.215392 -0.844467 -0.0270825 -0.56948 -0.658971
internal_weight=0 639 235 145 345 110 294 58 90 235 134 69 87 54 202 51 160 114 83 41 151 115 51 107 94 51 53 43 52 84
internal_count=874 639 235 145 345 110 294 58 90 235 134 69 87 54 202 51 160 114 83 41 151 115 51 107 94 51 53 43 52 84
is_linear=0
shrinkage=0.05


Tree=6
num_leaves=31
num_cat=0
split_feature=0 0 13 6 0 4 6 13 14 2 1 13 7 13 5 7 3 13 11 2 12 6 7 13 5 12 12 14 10 8
split_gain=52848 14301.6 8619.08 5479.43 4493.87 3381.51 2531.21 1886.17 1744.36 1716.94 1344.6 1343.79 1110.54 1155.01 1024.33 1218.85 754.554 692.408 605.907 461.541 453.716 414.684 668.98 701.087 631.543 367.389 313.346 294.003 160.747 149.596
threshold=42.145833333333343 24.318750000000005 12.050000000000002 39.517847222222237 61.375000000000007 0.95000000000000007 53.809236111111126 11.050000000000002 12.550000000000002 27.350000000000005 40.568750000000001 10.250000000000002 35.340773809523817 10.050000000000002 45.023214285714289 76.462202380952391 15.050000000000002 17.350000000000005 1.0000000180025095e-35 27.350000000000005 30.450000000000003 36.572638888888896 49.222023809523812 13.750000000000002 37.064285714285724 32.650000000000013 27.850000000000005 6.6500000000000012 8.5000000000000018 49.772777777777797
decision_type=2 2 2 10 2 2 10 2 2 2 2 2 10 2 10 10 2 2 2 2 2 10 10 2 10 2 2 2 2 10
left_child=1 5 4 8 14 11 -6 10 12 -4 -5 -1 19 -14 -2 -16 -11 26 20 -3 29 22 23 -15 25 -24 28 -19 -7 -13
right_child=2 3 9 7 6 17 -8 -9 -10 16 -12 18 13 21 15 -17 -18 27 -20 -21 -22 -23 24 -25 -26 -27 -28 -29 -30 -31
leaf_value=0.064048173427581789 0.4257025624653607 -0.44267965123571201 0.49926382899284366 0.30433170856798397 1.4622014896289723 -0.67493090418034374 0.77491533756256104 0.035892790772854108 -0.59294587731361392 -0.10895478417133463 0.8209960496425629 -0.60805183425545695 0.26053711330661405 0.050685776472091673 0.96147927710896031 0.4695666502043605 0.27936527986418119 -0.65097478806972509 -0.19168198358628058 -0.14275388095689856 -0.29933865954799038 -0.263151200536278 0.013294212307248796 -0.31853287017179865 -0.15314184157736599 0.30567313459786505 -0.41773109202799596 -0.89392179864825627 -0.5282046458550862 -0.43373386919498441
leaf_weight=20 33 29 39 34 37 56 21 38 20 29 20 32 26 20 34 20 22 20 31 23 31 31 21 36 25 22 23 33 28 20
leaf_count=20 33 29 39 34 37 56 21 38 20 29 20 32 26 20 34 20 22 20 31 23 31 31 21 36 25 22 23 33 28 20
internal_value=0 -0.24303 0.633881 -0.0246684 0.872445 -0.499271 1.21336 0.305773 -0.144829 0.249529 0.495689 -0.313978 -0.106364 -0.047855 0.64517 0.779289 0.0585558 -0.654454 -0.380298 -0.31002 -0.450745 -0.0995852 -0.0586938 -0.186669 0.0466977 0.162883 -0.581249 -0.802244 -0.626022 -0.541006
internal_weight=0 639 235 345 145 294 58 92 253 90 54 134 233 181 87 54 51 160 114 52 83 155 124 56 68 43 107 53 84 52
internal_count=874 639 235 345 145 294 58 92 253 90 54 134 233 181 87 54 51 160 114 52 83 155 124 56 68 43 107 53 84 52
is_linear=0
shrinkage=0.05


Tree=7
num_leaves=31
num_cat=0
split_feature=0 0 13 6 0 14 6 14 2 13 13 13 5 10 13 2 5 13 3 13 0 9 3 9 6 2 2 14 8 2
split_gain=47695.3 12907.2 7778.72 4950.89 4055.72 3070.58 2297.8 1648.39 1564.24 1432.04 1299.46 1083.42 946.311 927.625 1659.5 927.87 924.459 1152.87 820.842 653.347 471.269 366.635 492.577 397.065 451.532 660.41 354.988 252.508 154.558 144.602
threshold=42.145833333333343 24.318750000000005 12.050000000000002 41.261597222222228 61.375000000000007 0.8500000000000002 52.82500000000001 10.850000000000003 27.650000000000002 11.050000000000002 11.750000000000002 13.350000000000003 42.103571428571435 9.5000000000000018 9.9500000000000011 27.250000000000004 45.023214285714289 9.3500000000000032 14.65 16.950000000000003 19.716666666666672 4.5000000000000009 14.15 3.5000000000000004 29.887500000000003 32.850000000000001 32.150000000000013 8.9000000000000021 33.840833333333343 27.150000000000002
decision_type=2 2 2 10 2 2 10 2 2 2 2 2 10 2 2 2 10 2 2 2 2 2 2 2 10 2 2 2 10 2
left_child=1 5 4 7 16 10 -6 13 11 12 -1 -4 -5 15 -15 -3 -2 -18 -10 20 29 23 -23 24 -17 -26 28 -21 -12 -7
right_child=2 3 8 9 6 19 -8 -9 18 -11 26 -13 -14 14 -16 21 17 -19 -20 27 -22 22 -24 -25 25 -27 -28 -29 -30 -31
leaf_value=-0.050256799083007009 0.40441743532816576 -0.37967708698090386 0.17839711278676987 0.70821587840716049 1.4078071383067541 -0.65407477468252184 0.76446494123210085 -0.54427462030540819 -0.16903605610132219 0.057442797240660051 -0.57104603377255525 0.67667900631980349 0.27282468986052733 0.45225168801844123 -0.13192990052123224 -0.21952200085905038 0.45071646042522934 0.92462125303167297 0.25379007804122838 -0.63727640733122826 -0.3299139675498009 -0.38068158667195928 -0.04609343946318735 0.15293973173413958 -0.13943215935460981 0.223719428053924 -0.25972559433430437 -0.85182284414768228 -0.40745116394190561 -0.5204235532704522
leaf_weight=38 33 34 20 24 35 50 23 22 24 33 22 24 26 20 31 38 21 33 22 24 20 22 22 21 31 21 32 32 42 34
leaf_count=38 33 34 20 24 35 50 23 22 24 33 22 24 26 20 31 38 21 33 22 24 20 22 22 21 31 21 32 32 42 34
internal_value=0 -0.230879 0.602187 -0.023435 0.828823 -0.474307 1.15269 -0.130043 0.237053 0.313087 -0.297738 0.450187 0.481812 -0.0920719 0.0971609 -0.143135 0.612912 0.740325 0.0331851 -0.622184 -0.548042 -0.091248 -0.213388 -0.0428323 -0.0885125 0.00722521 -0.3957 -0.759874 -0.463687 -0.599978
internal_weight=0 639 235 345 145 294 58 262 90 83 134 44 50 240 51 189 87 54 46 160 104 155 44 111 90 52 96 56 64 84
internal_count=874 639 235 345 145 294 58 262 90 83 134 44 50 240 51 189 87 54 46 160 104 155 44 111 90 52 96 56 64 84
is_linear=0
shrinkage=0.05


Tree=8
num_leaves=31
num_cat=0
split_feature=0 0 13 6 0 14 13 13 14 2 1 13 7 13 5 7 3 13 6 7 13 5 0 2 3 2 14 1 8 2
split_gain=43045 11648.8 7020.29 4470.12 3660.29 2771.2 2110.37 1533.93 1438.02 1415.63 1181.05 1172.76 985.69 1238.01 834.325 1120.43 618.756 589.646 459.986 460.161 1106.43 491.567 425.32 404.731 355.835 320.377 227.889 178.151 139.489 130.504
threshold=42.145833333333343 24.318750000000005 12.050000000000002 39.517847222222237 61.375000000000007 0.8500000000000002 10.050000000000002 11.050000000000002 10.850000000000003 27.350000000000005 40.568750000000001 11.750000000000002 35.340773809523817 9.9500000000000011 45.023214285714289 63.235714285714302 15.050000000000002 16.950000000000003 37.225972222222232 49.473809523809535 13.550000000000002 37.064285714285724 19.716666666666672 27.350000000000005 15.850000000000003 32.150000000000013 8.9000000000000021 46.616666666666674 33.840833333333343 27.150000000000002
decision_type=2 2 2 10 2 2 2 2 2 2 2 2 10 2 10 10 2 2 10 10 2 10 2 2 2 2 2 2 10 2
left_child=1 5 4 8 14 11 -6 10 12 -4 -5 -1 23 -14 -2 -16 -11 22 19 20 -15 24 29 -3 -21 28 -19 -22 -13 -7
right_child=2 3 9 7 6 17 -8 -9 -10 16 -12 25 13 18 15 -17 -18 26 -20 21 27 -23 -24 -25 -26 -27 -28 -29 -30 -31
leaf_value=-0.047743961999290874 0.38419656852881112 -0.40986215513328034 0.45196550729183055 0.26812187814537219 1.3308276739385394 -0.62137104129791265 0.70924310900948262 0.032817602834027064 -0.51706088781356818 -0.09989856049932283 0.75234613835811626 -0.5424937329509042 0.33241826757788662 0.12369404176007147 0.95794473049851758 0.49959987304483855 0.2517464030195366 -0.60541258628169703 -0.30917476147413253 0.012178151948111398 -0.20600565850734709 -0.13637978928163649 -0.31341827273368839 -0.12900077933850496 0.28831262632273136 -0.24673931393772364 -0.80923169255256655 -0.41704552799463274 -0.3870786127589998 -0.49440237073337334
leaf_weight=38 33 29 39 34 36 50 22 38 22 29 20 22 20 23 24 30 22 24 20 28 20 28 20 23 20 32 32 20 42 34
leaf_count=38 33 29 39 34 36 50 22 38 22 29 20 22 20 23 24 30 22 24 20 28 20 28 20 23 20 32 32 20 42 34
internal_value=0 -0.219335 0.572078 -0.0222632 0.787381 -0.450592 1.09505 0.276197 -0.130794 0.2252 0.447464 -0.282851 -0.0940069 -0.0383385 0.582266 0.703309 0.0517914 -0.591074 -0.0849745 -0.0527155 -0.152636 0.0301132 -0.52064 -0.285635 0.127234 -0.375915 -0.721881 -0.311526 -0.440503 -0.569979
internal_weight=0 639 235 345 145 294 58 92 253 90 54 134 231 179 87 54 51 160 159 139 63 76 104 52 48 96 56 40 64 84
internal_count=874 639 235 345 145 294 58 92 253 90 54 134 231 179 87 54 51 160 159 139 63 76 104 52 48 96 56 40 64 84
is_linear=0
shrinkage=0.05


Tree=9
num_leaves=31
num_cat=0
split_feature=0 0 13 0 2 4 13 13 5 2 2 13 13 5 2 5 13 1 9 13 3 8 3 7 12 12 12 10 14 8
split_gain=38848.2 10513 6335.81 3303.41 3289.31 2517.1 1913.14 1642.28 1803.25 1341.73 1294.32 1067.23 977.614 975.262 770.863 752.978 1029.49 618.925 546.82 516.42 477.373 512.899 440.297 398.041 391.228 362.469 258.569 240.406 219.004 162.237
threshold=42.145833333333343 24.318750000000005 12.050000000000002 61.375000000000007 22.950000000000003 0.95000000000000007 10.15 11.15 34.678571428571431 29.650000000000002 27.650000000000002 10.250000000000002 13.350000000000003 39.109821428571429 31.950000000000003 45.023214285714289 9.3500000000000032 41.560416666666676 4.5000000000000009 17.350000000000005 14.350000000000003 34.632638888888899 15.850000000000003 52.069940476190482 33.45000000000001 30.450000000000003 27.850000000000005 8.5000000000000018 6.6500000000000012 49.5213888888889
decision_type=2 2 2 2 2 2 2 2 10 2 2 2 2 10 2 10 2 2 2 2 2 10 2 10 2 2 2 2 2 10
left_child=1 5 3 15 13 11 -5 8 17 20 12 -1 -4 -3 -12 -2 -17 -6 25 26 21 -9 24 -24 29 -13 -7 -23 -21 -11
right_child=2 4 10 6 7 19 -8 9 -10 22 14 18 -14 -15 -16 16 -18 -19 -20 28 -22 27 23 -25 -26 -27 -28 -29 -30 -31
leaf_value=0.068689415454864497 0.36498673549204164 0.56393402579885266 0.14963829671964049 1.2486316310731989 -0.26372604160397145 -0.53940057811282927 0.64447431266307831 -0.44653379548163646 0.35565246931816402 0.057342690229415898 -0.18528926403854382 -0.47489994328755603 0.6229633513217171 0.12655380928516388 0.22446224354207517 0.3944702623500711 0.84229880291404147 0.098198490909167713 -0.14811640497176878 -0.55902635842561732 -0.51143714839761911 -0.26544343544678256 -0.071436407961524451 0.21411314512724464 -0.27770468173548579 -0.25889600707638649 -0.35018937255701293 -0.034251184631948886 -0.76870853106180836 -0.13695051521062851
leaf_weight=20 33 26 20 38 27 84 20 21 38 22 22 52 24 25 24 21 33 21 31 20 22 22 26 23 28 31 23 23 33 21
leaf_count=20 33 26 20 38 27 84 20 21 38 22 22 52 24 25 24 21 33 21 31 20 22 22 26 23 28 31 23 23 33 21
internal_value=0 -0.208368 0.543474 0.748012 -0.0211501 -0.428062 1.0403 -0.085452 0.0983298 -0.161439 0.21394 -0.268197 0.407816 0.349532 0.0284941 0.553153 0.668143 -0.105384 -0.3273 -0.561949 -0.309731 -0.242496 -0.0526908 0.0625971 -0.132256 -0.394224 -0.498729 -0.147279 -0.689583 -0.0375447
internal_weight=0 639 235 145 345 294 58 294 86 208 90 134 44 51 46 87 54 48 114 160 88 66 120 49 71 83 107 45 53 43
internal_count=874 639 235 145 345 294 58 294 86 208 90 134 44 51 46 87 54 48 114 160 88 66 120 49 71 83 107 45 53 43
is_linear=0
shrinkage=0.05


Tree=10
num_leaves=31
num_cat=0
split_feature=0 0 13 13 4 8 1 8 8 7 2 7 13 4 0 1 10 8 8 12 7 1 8 13 9 4 8 13 7 1
split_gain=33976.1 9033.78 8111.68 2920.4 2606.67 2097.71 1984.29 2366.56 1368.67 1645.68 1219.37 1144.65 1066.8 1061.7 1003.22 918.48 834.994 733.195 730.825 624.485 522.472 482.924 744.118 792.339 405.324 403.871 394.025 209.795 166.481 163.53
threshold=42.945833333333347 24.658333333333335 12.15 10.750000000000002 0.65000000000000002 51.139375000000008 100.90000000000002 51.952361111111124 58.676944444444445 78.222321428571448 26.350000000000005 39.666964285714293 12.250000000000002 1.9500000000000002 57.500000000000007 67.258333333333354 8.5000000000000018 60.47652777777779 35.706250000000004 31.950000000000003 40.410119047619055 41.377083333333339 53.335763888888899 13.950000000000001 2.5000000000000004 2.2500000000000004 36.32444444444446 17.750000000000004 50.236309523809531 19.668750000000006
decision_type=2 2 2 2 2 10 2 10 10 10 2 10 2 2 2 2 2 10 10 2 10 2 10 2 2 2 8 2 10 2
left_child=1 4 6 5 12 13 7 14 -9 -10 -4 26 24 20 -2 17 25 18 -13 -12 -3 -20 23 -23 -1 -6 -5 -14 -25 -27
right_child=2 3 10 11 16 -7 -8 8 9 -11 19 15 27 -15 -16 -17 -18 -19 21 -21 -22 22 -24 28 -26 29 -28 -29 -30 -31
leaf_value=-0.16451392605900766 0.7398904116948446 0.014484121277928353 0.40064292997121814 -0.14013303312762032 -0.40321676778793336 0.54050324667583816 1.16096321499866 0.20010616404038892 0.86665305307833485 0.31217355222805687 -0.16796901074703785 -0.30668381843715908 -0.37770589347563543 -0.25117692083120347 1.1904826328867959 0.28018579140305516 -0.32753256325025198 -0.29773257814588083 0.23757028368612132 0.1829316868668511 0.34109008240699773 0.13782014195685802 0.23398555080805505 -0.32889582380652427 0.14999890440986272 -0.69859054035610635 -0.38349625808306231 -0.18993052059695836 -0.1413807390578862 -0.57006739161231301
leaf_weight=20 30 24 24 29 25 33 23 27 32 23 32 20 51 20 21 20 43 31 21 21 25 23 21 20 21 45 39 21 29 55
leaf_count=20 30 24 24 29 25 33 23 27 32 23 32 20 51 20 21 20 43 31 21 21 25 23 21 20 21 45 39 21 29 55
internal_value=0 -0.180886 0.524879 -0.013232 -0.392692 0.212627 0.732146 0.657989 0.491656 0.63478 0.104961 -0.10429 -0.207007 0.0558164 0.925428 -0.0398113 -0.517587 -0.0785988 -0.0279037 -0.0289329 0.18112 0.0210051 -0.0278968 -0.104279 -0.00342199 -0.582966 -0.279709 -0.322938 -0.217918 -0.627903
internal_weight=0 636 233 355 281 102 156 133 82 55 77 253 113 69 51 185 168 165 134 53 49 114 93 72 41 125 68 72 49 100
internal_count=869 636 233 355 281 102 156 133 82 55 77 253 113 69 51 185 168 165 134 53 49 114 93 72 41 125 68 72 49 100
is_linear=0
shrinkage=0.05


Tree=11
num_leaves=31
num_cat=0
split_feature=0 0 13 13 14 4 3 0 6 7 7 13 1 1 8 8 8 8 10 1 1 8 13 7 13 8 6 1 13 3
split_gain=30680.9 8677.27 6241.34 3258.62 2382.64 1924.27 1752.65 1402.54 1639.44 1266.68 1136.17 1068.99 972.806 929.908 779.209 1724.24 645.716 630.048 535.216 501.669 465.981 610.982 597.515 433.836 440.568 399.582 271.499 233.217 168.992 165.119
threshold=44.418750000000003 24.658333333333335 12.15 10.750000000000002 2.0500000000000003 0.15000000000000005 11.15 61.375000000000007 50.670902777777805 37.173809523809531 39.666964285714293 10.250000000000002 67.258333333333354 60.26874999999999 61.688958333333339 50.826458333333342 60.47652777777779 35.706250000000004 8.5000000000000018 44.91875000000001 41.377083333333339 53.335763888888899 13.950000000000001 35.174107142857146 13.350000000000003 36.32444444444446 27.638819444444447 28.685416666666665 16.550000000000004 15.350000000000003
decision_type=2 2 2 2 2 2 2 2 10 10 10 2 2 2 10 10 10 10 2 2 2 10 2 10 2 8 10 2 2 2
left_child=1 4 6 5 11 9 7 13 -9 -3 25 -1 16 -2 15 -4 17 -12 26 -11 -19 22 -22 27 -25 -5 -6 -13 -26 -24
right_child=2 3 14 10 18 -7 -8 8 -10 19 12 23 -14 -15 -16 -17 -18 20 -20 -21 21 -23 29 24 28 -27 -28 -29 -30 -31
leaf_value=0.10899084240198137 0.87323046061727738 0.059456572749397973 0.32555370973423126 -0.13312638401985169 -0.61904970005881499 -0.068038987026021291 0.41834784837869504 1.2690749300850763 0.67180633008480073 0.37995825122142662 -0.29134963147342202 -0.47419368317632965 0.27491917759180068 0.48268657650266378 0.39318425506353383 -0.26776990365982056 -0.28080669287592175 0.22569177391983214 -0.34562263357819933 0.70084739043599087 0.097488899963597456 0.17948679268360138 -0.12069450697073569 -0.029081660012404129 -0.3849885520835718 -0.37688979323953392 -0.42465798181036246 -0.2610463021766572 -0.19076825493857974 -0.30460881603800738
leaf_weight=20 27 22 24 29 82 37 39 27 20 29 20 33 22 35 20 25 32 21 33 21 24 25 26 24 24 40 23 21 21 23
leaf_count=20 27 22 24 29 82 37 39 27 20 29 20 33 22 35 20 25 32 21 33 21 24 25 26 24 24 40 23 21 21 23
internal_value=0 -0.163467 0.522906 -0.00472044 -0.373057 0.22502 0.706 0.808921 1.01492 0.37562 -0.1003 -0.230031 -0.0380426 0.652762 0.130184 0.0228376 -0.0783066 -0.0316879 -0.521266 0.514732 0.0119527 -0.0338485 -0.106909 -0.285156 -0.202084 -0.274439 -0.576469 -0.391303 -0.294352 -0.207022
internal_weight=0 652 217 371 281 109 148 109 47 72 262 143 193 62 69 49 171 139 138 50 119 98 73 123 69 69 105 54 45 49
internal_count=869 652 217 371 281 109 148 109 47 72 262 143 193 62 69 49 171 139 138 50 119 98 73 123 69 69 105 54 45 49
is_linear=0
shrinkage=0.05


Tree=12
num_leaves=31
num_cat=0
split_feature=0 0 13 10 13 14 0 14 6 7 7 13 8 8 1 3 3 13 2 10 8 7 13 8 5 6 1 5 9 13
split_gain=27689.5 7831.24 5637.09 3832.84 2940.91 2150.33 1983.99 1774.06 1770.67 1048.07 1025.4 964.767 939.998 1723.47 877.958 600.253 505.698 487.498 881.8 483.032 453.811 391.537 397.613 360.623 312.436 245.028 210.478 186.369 237.341 152.516
threshold=44.418750000000003 24.658333333333335 10.550000000000002 1.5000000000000002 10.750000000000002 2.0500000000000003 67.583333333333357 1.0000000180025095e-35 45.745902777777786 39.918452380952388 39.666964285714293 10.250000000000002 49.112847222222221 62.990555555555552 67.258333333333354 18.450000000000003 10.65 13.850000000000003 29.550000000000004 8.5000000000000018 49.950416666666662 35.174107142857146 13.350000000000003 36.32444444444446 41.526785714285722 27.638819444444447 28.685416666666665 18.26011904761905 2.5000000000000004 16.550000000000004
decision_type=2 2 2 2 2 2 2 2 10 10 10 2 10 10 2 2 2 2 2 2 10 10 2 8 10 10 2 8 2 2
left_child=1 5 6 -4 7 11 8 9 -2 -3 23 -1 -5 -14 15 17 -9 20 -19 25 -12 26 -23 -6 -11 27 -13 28 -7 -24
right_child=2 4 3 12 10 19 -8 16 -10 24 14 21 13 -15 -16 -17 -18 18 -20 -21 -22 22 29 -25 -26 -27 -28 -29 -30 -31
leaf_value=0.103541299700737 0.88299280206362407 0.094809013063257397 0.8044440746307373 0.39752681612236695 -0.12647006491134907 -0.42558790671710789 1.1258436403104237 0.12375617986140044 0.39365124592655587 0.6634298367798328 0.11933767122752739 -0.4504839965791414 -0.1728845780546015 0.34699227404594424 0.26117322336543691 0.15745080045113963 -0.22001603747718038 -0.48309271745383742 -0.09973036652430893 -0.32834150384772909 -0.14094706335488488 -0.027627573659022648 -0.36573912513752782 -0.35804530434310439 0.3958483689154188 -0.40342508476713435 -0.2479939904241335 -0.69568164966724533 -0.63363039349687522 -0.18122984623270377
leaf_weight=20 36 22 25 21 29 26 28 23 38 20 33 33 44 25 22 24 20 20 60 33 34 24 24 40 24 23 21 27 29 21
leaf_count=20 36 22 25 21 29 26 28 23 38 20 33 33 44 25 22 24 20 20 60 33 34 24 24 40 24 23 21 27 29 21
internal_value=0 -0.155294 0.496761 0.256757 -0.00448442 -0.354405 0.767354 0.213769 0.631709 0.376587 -0.0952845 -0.218529 0.104622 0.0154766 -0.0361404 -0.0743913 -0.0361379 -0.112243 -0.195571 -0.495203 -0.0127471 -0.270898 -0.19198 -0.260717 0.517476 -0.547645 -0.371738 -0.588097 -0.535283 -0.279635
internal_weight=0 652 217 115 371 281 102 109 74 66 262 143 90 69 193 171 43 147 80 138 67 123 69 69 44 105 54 82 55 45
internal_count=869 652 217 115 371 281 102 109 74 66 262 143 90 69 193 171 43 147 80 138 67 123 69 69 44 105 54 82 55 45
is_linear=0
shrinkage=0.05


Tree=13
num_leaves=31
num_cat=0
split_feature=0 14 13 13 7 0 1 8 3 2 12 1 4 3 13 7 3 1 8 8 8 2 13 12 2 8 13 0 5 0
split_gain=24989.8 7171.89 5192.18 3786.68 1669.73 1570.32 1506.78 2063.13 1357.85 1332.06 1582.5 965.891 763.499 714.753 751.861 684.357 675.287 697.217 632.157 1430.84 544.552 431.219 398.891 385.928 300.968 458.38 256.924 217.181 164.283 414.974
threshold=44.418750000000003 1.3500000000000003 12.15 10.850000000000003 41.333630952380965 19.716666666666672 100.90000000000002 44.999583333333341 10.65 22.550000000000004 24.350000000000005 66.885416666666686 15.550000000000002 18.450000000000003 13.850000000000003 39.666964285714293 14.450000000000001 40.125000000000007 61.688958333333339 50.826458333333342 49.950416666666662 29.850000000000005 9.9500000000000011 33.850000000000001 27.050000000000004 36.32444444444446 15.550000000000002 35.735416666666673 19.031250000000004 13.26041666666667
decision_type=2 2 2 2 10 2 2 10 2 2 2 2 2 2 2 10 2 2 10 10 10 2 2 2 2 8 2 2 8 2
left_child=1 3 6 8 24 28 7 -2 15 -9 -11 13 16 14 20 -1 17 -7 19 -4 -6 -16 -10 -23 -5 -26 -27 -17 29 -3
right_child=2 5 18 4 11 12 -8 9 22 10 -12 -13 -14 -15 21 27 -18 -19 -20 -21 -22 23 -24 -25 25 26 -28 -29 -30 -31
leaf_value=0.16305509785811106 1.0359200499951839 -0.5872888631290859 0.29279822620252766 -0.38846409426015965 0.20243926458060743 0.12433969526365402 1.010844892522563 0.20668048724051447 0.16384022661298514 0.83465439561340549 0.37204437585253469 0.29336735464277724 -0.50688883662223816 0.16099585896091803 -0.41857616240158679 0.59523342967033388 -0.36137102936064047 -0.23894150217196775 0.35061334758996965 -0.24769183707237247 -0.1195362122408275 -0.022052184261124711 -0.10459558185069794 -0.28734091132019579 -0.067631324862732614 -0.21353478939027382 -0.41992126893997189 0.36501044219448453 -0.59479826197028163 -0.3455067535383361
leaf_weight=30 20 36 24 34 24 25 23 31 25 36 38 21 22 28 20 20 31 28 20 25 29 29 31 26 34 38 25 21 40 35
leaf_count=30 20 36 24 34 24 25 23 31 25 36 38 21 22 28 20 20 31 28 20 25 29 29 31 26 34 38 25 21 40 35
internal_value=0 -0.147529 0.471923 -0.0304042 -0.125133 -0.382318 0.63892 0.570486 0.199331 0.481832 0.597098 -0.0249792 -0.244679 -0.0678335 -0.11789 0.344529 -0.176004 -0.0675824 0.113726 0.017038 0.026264 -0.219759 0.0152418 -0.147461 -0.260455 -0.215586 -0.295434 0.477314 -0.513757 -0.4681
internal_weight=0 652 217 435 308 217 148 125 127 105 74 177 106 156 128 71 84 53 69 49 53 75 56 55 131 97 63 41 111 71
internal_count=869 652 217 435 308 217 148 125 127 105 74 177 106 156 128 71 84 53 69 49 53 75 56 55 131 97 63 41 111 71
is_linear=0
shrinkage=0.05


Tree=14
num_leaves=31
num_cat=0
split_feature=0 0 13 10 13 4 0 6 14 1 7 10 1 13 1 6 10 8 8 8 1 8 13 4 8 4 13 7 13 1
split_gain=22553.3 6495.63 4721.57 3359.08 2407.6 1756.76 1704.73 1540.03 1520.87 933.155 852.012 837.584 988.428 738.758 715.507 697.961 602.047 514.14 541.893 405.354 393.754 539.937 483.953 316.061 310.92 305.434 169.953 152.84 129.72 127.857
threshold=44.418750000000003 24.658333333333335 10.550000000000002 1.5000000000000002 10.750000000000002 0.65000000000000002 67.583333333333357 45.745902777777786 1.0000000180025095e-35 44.91875000000001 39.666964285714293 3.5000000000000004 80.995833333333351 12.250000000000002 67.258333333333354 45.173958333333353 8.5000000000000018 60.47652777777779 35.706250000000004 46.986388888888904 41.377083333333339 53.335763888888899 13.950000000000001 1.4500000000000002 36.32444444444446 2.2500000000000004 17.750000000000004 50.236309523809531 14.450000000000001 19.668750000000006
decision_type=2 2 2 2 2 2 2 10 2 2 10 2 2 2 2 10 2 10 10 10 2 10 2 2 8 2 2 10 2 2
left_child=1 5 6 -4 8 13 7 -2 9 15 24 -5 -13 19 17 -3 25 18 -12 -1 -20 22 -22 -10 -6 -7 28 -24 -15 -27
right_child=2 4 3 11 10 16 -8 -9 23 -11 14 12 -14 26 -16 -17 -18 -19 20 -21 21 -23 27 -25 -26 29 -28 -29 -30 -31
leaf_value=0.15378829992952803 0.80458377301692963 0.03279290633896987 0.74139782297611245 -0.14674516187773809 -0.11110578734299233 -0.32322150611877443 1.0282766334313367 0.34822406760956115 0.10865171849727631 0.62063843434055643 -0.26479200020432475 0.38103826916776601 -0.015109348873938284 -0.22683814064316127 0.23735381933775815 0.42750156039283393 -0.2626420048520316 -0.24627336882986128 0.21296986227943782 -0.1607363224029541 0.089660226460546263 0.17493898330628874 -0.29072381973266603 -0.16312419007653778 -0.3261311607435346 -0.58112058553430768 -0.14581488324772746 -0.11105525013187836 -0.38709477226116829 -0.46747686242515391
leaf_weight=21 36 24 25 27 29 25 28 38 20 21 20 32 31 23 22 21 43 32 21 20 24 25 20 23 40 45 21 29 28 55
leaf_count=21 36 24 25 27 29 25 28 38 20 21 20 32 31 23 22 21 43 32 21 20 24 25 20 23 40 45 21 29 28 55
internal_value=0 -0.140152 0.448327 0.228675 -0.00280421 -0.321491 0.695973 0.570237 0.194671 0.345424 -0.08496 0.0862524 0.186108 -0.169055 -0.0310476 0.21699 -0.424023 -0.0655788 -0.0239801 0.000361655 0.0164925 -0.0256098 -0.0942909 -0.0367168 -0.235758 -0.479538 -0.265528 -0.184389 -0.314822 -0.518617
internal_weight=0 652 217 115 371 281 102 74 109 66 262 90 63 113 193 45 168 171 139 41 119 98 73 43 69 125 72 49 51 100
internal_count=869 652 217 115 371 281 102 74 109 66 262 90 63 113 193 45 168 171 139 41 119 98 73 43 69 125 72 49 51 100
is_linear=0
shrinkage=0.05


Tree=15
num_leaves=31
num_cat=0
split_feature=0 7 13 4 4 3 13 0 8 2 7 12 9 7 10 7 9 6 13 14 6 6 6 7 8 14 14 7 0 7
split_gain=19511.2 6340.9 4379.38 2776.59 2723.01 2228.61 1255.03 1046.92 1328.74 925.658 899.958 781.279 655.252 652.231 784.603 523.226 515.661 460.035 530.791 709.835 449.386 670.221 433.509 404.105 375.128 344.634 298.323 227.783 208.421 194.422
threshold=29.747916666666672 103.30565476190479 12.050000000000002 0.55000000000000016 1.0000000180025095e-35 10.850000000000003 10.65 47.385416666666679 53.947986111111113 23.650000000000002 57.964880952380959 24.650000000000002 2.5000000000000004 45.448214285714293 2.5000000000000004 43.577083333333334 3.5000000000000004 35.66854166666667 13.950000000000001 1.0000000180025095e-35 39.062013888888892 36.117916666666666 31.857083333333335 69.802380952380958 37.143958333333337 24.200000000000006 0.25000000000000006 33.497321428571439 13.614583333333334 55.41458333333334
decision_type=2 10 2 2 2 2 2 2 10 2 10 2 2 10 2 10 2 10 2 2 10 10 10 10 10 2 2 10 2 10
left_child=3 2 4 11 5 7 -5 12 -9 -10 -7 -1 -2 16 -15 -6 -4 18 -16 -20 21 24 25 29 27 28 -26 -13 -8 -19
right_child=1 -3 13 6 15 10 22 8 9 -11 -12 20 -14 14 17 -17 -18 23 19 -21 -22 -23 -24 -25 26 -27 -28 -29 -30 -31
leaf_value=0.11762471458521383 0.5350587454107073 1.0766623896360397 -0.34552141827615829 -0.059654139037485482 -0.20700859278440475 -0.055427183673299601 -0.49574588321003266 0.89994734484573891 0.21239783547818664 0.66876724004745491 0.3263596299019727 -0.18595302246865775 0.20059941445942969 0.26892804945668869 0.28767918092863903 0.1135791105883462 -0.003182818808338859 -0.090156268363907222 -0.23173088225580396 0.15586388083519762 -0.38610318750143052 0.10784712322056295 -0.20165253499988467 0.07533675849437714 -0.31381292099941455 -0.59044472925803237 -0.087180570513010036 0.041810107684653736 -0.37089245598571208 -0.30530943813778105
leaf_weight=29 27 20 22 27 20 29 51 29 20 25 33 21 32 31 21 35 22 21 21 27 20 24 20 20 53 34 20 23 97 21
leaf_count=29 27 20 22 27 20 29 51 29 20 25 33 21 32 31 21 35 22 21 21 27 20 24 20 20 53 34 20 23 97 21
internal_value=0 0.205279 0.16706 -0.262578 0.307716 0.395353 -0.379819 0.510762 0.636022 0.465936 0.147782 -0.121272 0.353657 -0.00363849 0.0427282 -0.00299824 -0.174352 -0.0108 0.078018 -0.0137088 -0.164303 -0.132842 -0.422613 -0.109646 -0.182214 -0.446894 -0.251722 -0.066895 -0.413916 -0.197733
internal_weight=0 476 456 419 250 195 229 133 74 45 62 190 59 206 162 55 44 131 69 48 161 141 202 62 117 182 73 44 148 42
internal_count=895 476 456 419 250 195 229 133 74 45 62 190 59 206 162 55 44 131 69 48 161 141 202 62 117 182 73 44 148 42
is_linear=0
shrinkage=0.05


Tree=16
num_leaves=31
num_cat=0
split_feature=0 7 13 4 4 3 1 1 13 7 12 7 13 7 5 0 7 0 9 1 7 14 6 14 1 10 5 13 6 1
split_gain=17608.8 5722.66 3952.39 2505.88 2457.52 2011.32 1218.09 1189.57 1132.66 812.212 705.105 636.302 615.401 550.946 535.061 533.846 552.014 521.8 545.977 472.844 472.211 469.204 391.242 311.033 273.437 265.356 177.078 223.325 135.168 175.358
threshold=29.747916666666672 103.30565476190479 12.050000000000002 0.55000000000000016 1.0000000180025095e-35 10.850000000000003 61.564583333333331 41.935416666666669 10.65 57.964880952380959 24.650000000000002 65.210119047619074 15.050000000000002 80.765178571428592 43.787202380952387 61.375000000000007 52.604761904761908 35.341666666666676 3.5000000000000004 27.364583333333336 43.577083333333334 1.0000000180025095e-35 31.857083333333335 24.200000000000006 19.668750000000006 4.5000000000000009 29.5077380952381 14.450000000000001 22.950972222222223 26.150000000000002
decision_type=2 10 2 2 2 2 2 2 2 10 2 10 2 10 10 2 10 2 2 2 10 2 10 2 2 2 10 2 8 2
left_child=3 2 4 10 5 7 17 -2 -5 -7 -1 12 -8 15 -13 16 -9 18 -4 -12 -6 26 23 24 -10 -19 27 -21 29 -26
right_child=1 -3 6 8 20 9 11 13 22 -11 19 14 -14 -15 -16 -17 -18 25 -20 21 -22 -23 -24 -25 28 -27 -28 -29 -30 -31
leaf_value=0.11174348171415001 0.20204799768739734 1.0228292700648307 -0.16696037093643101 -0.05667143143989422 -0.19665815994143487 -0.052655828410181509 0.43591577187180519 0.69742271864208683 -0.48836769056320189 0.31004164995569172 -0.3351449698209763 -0.1729537069797516 0.081452226638793951 0.32833845518529414 0.18065815448760988 0.81964150965213778 0.39393525335096546 -0.12188081014156343 0.12289545346390118 -0.016065465170761635 0.10790015373911177 0.047986276402617947 -0.19156990844756366 -0.56092248896465591 -0.18097906502939407 -0.35464012396211425 -0.25092600524891168 -0.21229065065753872 -0.41690109425630323 -0.36101422039301778
leaf_weight=29 29 20 32 27 20 29 24 29 50 33 30 23 25 20 20 24 31 25 33 29 35 33 20 34 21 24 40 29 39 38
leaf_count=29 29 20 32 27 20 29 24 29 50 33 30 23 25 20 20 24 31 25 33 29 35 33 20 34 21 24 40 29 39 38
internal_value=0 0.195015 0.158707 -0.249449 0.29233 0.375585 -0.00345657 0.485224 -0.360828 0.140393 -0.115208 0.131886 0.255067 0.564187 -0.00848307 0.620341 0.540621 -0.11268 -0.0198028 -0.156088 -0.00284832 -0.115083 -0.401482 -0.424549 -0.39322 -0.235885 -0.169994 -0.114178 -0.344676 -0.296934
internal_weight=0 476 456 419 250 195 206 133 229 62 190 92 49 104 43 84 60 114 65 161 55 131 202 182 148 49 98 58 98 59
internal_count=895 476 456 419 250 195 206 133 229 62 190 92 49 104 43 84 60 114 65 161 55 131 202 182 148 49 98 58 98 59
is_linear=0
shrinkage=0.05


Tree=17
num_leaves=31
num_cat=0
split_feature=0 1 2 7 4 3 6 0 6 6 12 5 1 2 6 0 1 14 7 6 8 6 9 14 3 3 14 2 6 6
split_gain=15892 5199.61 3295.88 2402.72 2261.55 2124.86 2391.1 1850.78 1310.17 738.27 636.357 605.335 568.639 663.762 655.07 513.265 426.742 423.456 423.148 494.765 416.278 310.869 410.237 279.653 249.38 244.85 253.121 162.442 145.672 119.517
threshold=29.747916666666672 109.43124999999999 27.050000000000004 36.354464285714293 0.55000000000000016 11.050000000000002 55.212222222222223 61.175000000000004 48.689791666666672 41.615277777777784 24.650000000000002 26.156547619047618 62.32500000000001 31.250000000000004 30.958333333333332 59.160416666666684 27.364583333333336 1.0000000180025095e-35 52.78660714285715 43.895833333333343 46.931458333333346 36.572638888888896 3.5000000000000004 24.200000000000006 12.450000000000001 10.950000000000001 1.4500000000000002 27.150000000000002 29.322500000000002 36.034166666666664
decision_type=2 2 2 10 2 2 10 2 10 10 2 10 2 2 10 2 2 2 10 10 10 10 2 2 2 2 2 2 8 10
left_child=4 2 3 -2 10 6 7 8 18 -7 -1 23 21 14 -14 24 -12 20 -5 -20 28 22 -4 25 -11 -6 -27 -28 -18 -22
right_child=1 -3 12 5 11 9 -8 -9 -10 15 16 -13 13 -15 -16 -17 17 -19 19 -21 29 -23 -24 -25 -26 26 27 -29 -30 -31
leaf_value=0.10615630740749425 -0.21411582829120257 0.97434109926223766 -0.13597985697733994 0.4499878676273884 -0.18838199727237226 -0.10868948904367595 0.012656823738381782 0.90138600254058832 0.78328677549958226 -0.0069869710640473801 -0.31838771800200144 -0.16335635971791373 0.14666385731913828 0.25097067840397358 -0.24871379584074021 0.41724855422973639 -0.13344991711839554 0.04558696286244826 0.38489382185719234 0.0412820939719677 -0.35165349944778113 -0.19647702035040429 0.10460943908375853 -0.5119276119000985 0.23390055457337958 -0.25501173084432427 -0.46235086145309306 -0.33327439026190686 0.037107171331133164 -0.19046399071812631
leaf_weight=29 24 20 37 39 20 26 29 25 20 22 30 39 22 36 20 20 31 33 22 20 23 39 34 33 21 33 65 39 21 23
leaf_count=29 24 20 37 39 20 26 29 25 20 22 30 39 22 36 20 20 31 33 22 20 23 39 34 33 21 33 65 39 21 23
internal_value=0 0.185264 0.150655 0.263242 -0.236977 0.310195 0.422002 0.516216 0.420877 0.115475 -0.109448 -0.342786 -0.0098397 0.0934266 -0.0416112 0.207987 -0.148284 -0.109328 0.331393 0.221269 -0.161494 -0.0830649 -0.0207681 -0.379617 0.110656 -0.351806 -0.375663 -0.413947 -0.0645711 -0.271059
internal_weight=0 476 456 268 419 244 155 126 101 89 190 229 188 78 42 63 161 131 81 42 98 110 71 190 43 157 137 104 52 46
internal_count=895 476 456 268 419 244 155 126 101 89 190 229 188 78 42 63 161 131 81 42 98 110 71 190 43 157 137 104 52 46
is_linear=0
shrinkage=0.05


Tree=18
num_leaves=31
num_cat=0
split_feature=0 7 13 7 4 4 3 1 13 9 1 8 2 12 7 8 13 0 9 1 14 8 7 13 2 10 12 13 7 9
split_gain=14342.5 4757.27 3303.87 2047.99 2041.05 1396.57 1492.8 1006.01 984.457 722.958 623.215 784.472 669.167 574.312 558.451 1189.4 539.897 473.739 461.733 385.135 382.169 375.691 364.001 339.963 281.375 241.52 234.883 183.988 155.314 93.7944
threshold=29.747916666666672 103.30565476190479 12.050000000000002 36.354464285714293 0.55000000000000016 1.0000000180025095e-35 10.850000000000003 61.564583333333331 10.65 2.5000000000000004 48.670833333333341 53.947986111111113 23.650000000000002 24.650000000000002 65.210119047619074 60.669583333333343 15.050000000000002 35.341666666666676 3.5000000000000004 27.364583333333336 1.0000000180025095e-35 46.931458333333346 60.804464285714282 14.050000000000002 27.150000000000002 4.5000000000000009 26.550000000000004 15.750000000000002 22.544940476190479 2.5000000000000004
decision_type=2 10 2 10 2 2 2 2 2 2 2 10 2 2 10 10 2 2 2 2 2 10 10 2 2 2 2 2 8 2
left_child=4 2 3 -2 13 6 10 17 -6 -8 -5 -12 -13 -1 16 -16 -9 18 -4 -15 21 27 -7 24 -10 -19 28 -21 -25 -23
right_child=1 -3 7 5 8 22 9 14 23 -11 11 12 -14 19 15 -17 -18 25 -20 20 -22 29 -24 26 -26 -27 -28 -29 -30 -31
leaf_value=0.10084848439898984 -0.18451995687640232 0.93076794207096103 -0.15146026355214418 0.29316639751195911 -0.04208731954848325 0.18897887518008549 0.37954760997191722 0.40242210154732067 -0.3587833927353708 0.018684281621660508 0.72851387560367586 0.224785981621244 0.57645336620269283 -0.30246833741664886 -0.28302521847543266 0.24304843003099619 0.070414497256279004 -0.11325842344760895 0.11509682021357798 0.013011256605386734 0.043307614913492498 -0.33540625714120414 -0.099841061085462576 -0.39613901476065316 -0.15528028175748629 -0.33531783190167824 -0.35528878993712942 -0.18030860535800458 -0.56678915321826939 -0.19206943613290789
leaf_weight=29 23 20 32 36 27 24 23 24 41 35 34 24 31 30 21 22 25 25 33 32 33 21 20 24 29 24 78 20 30 25
leaf_count=29 23 20 32 36 27 24 23 24 41 35 34 24 31 30 21 22 25 25 33 32 33 21 20 24 29 24 78 20 30 25
internal_value=0 0.176001 0.142897 0.265067 -0.225128 0.310619 0.371431 -0.00536696 -0.325647 0.161785 0.468707 0.539712 0.422999 -0.103976 0.117631 -0.0138713 0.23303 -0.104628 -0.0161313 -0.140869 -0.103862 -0.153419 0.0576971 -0.363548 -0.274475 -0.222022 -0.410784 -0.0613425 -0.490945 -0.257506
internal_weight=0 476 456 250 419 227 183 206 229 58 125 89 55 190 92 43 49 114 65 161 131 98 44 202 70 49 132 52 54 46
internal_count=895 476 456 250 419 227 183 206 229 58 125 89 55 190 92 43 49 114 65 161 131 98 44 202 70 49 132 52 54 46
is_linear=0
shrinkage=0.05


Tree=19
num_leaves=31
num_cat=0
split_feature=0 1 13 10 4 4 1 13 3 0 1 6 1 2 10 13 1 2 6 6 8 6 8 6 14 1 7 14 8 8
split_gain=12944.1 4339.26 2990.79 2216.57 1842.05 1723.44 1032.86 888.472 817.539 658.216 1208.24 747.121 649.196 552.522 498.543 769.659 833.159 482.253 368.831 607.181 348.327 324.028 312.334 242.212 239.816 222.453 204.979 199.439 167.366 222.699
threshold=29.747916666666672 109.43124999999999 10.850000000000003 1.5000000000000002 0.55000000000000016 1.2500000000000002 40.568750000000001 10.65 11.65 59.572916666666664 56.939583333333353 44.480069444444446 62.32500000000001 31.250000000000004 5.5000000000000009 12.850000000000003 51.960416666666681 22.550000000000004 42.968611111111123 36.117916666666666 58.161180555555568 31.857083333333335 37.143958333333337 36.117916666666666 24.200000000000006 19.668750000000006 33.497321428571439 0.25000000000000006 41.407569444444455 32.147430555555552
decision_type=2 2 2 2 2 2 2 2 2 2 2 10 2 2 2 2 2 2 10 10 10 10 10 10 2 2 10 2 8 10
left_child=4 2 5 -4 17 6 -2 -6 9 10 -8 -12 14 20 15 -5 -17 -1 19 22 -14 24 26 -16 25 -9 -19 -24 29 -27
right_child=1 -3 3 12 7 -7 8 21 -10 -11 11 -13 13 -15 23 16 -18 18 -20 -21 -22 -23 27 -25 -26 28 -28 -29 -30 -31
leaf_value=0.1272001550311134 0.072965625971555717 0.88804537832736985 0.47492022585868843 0.24838204947965489 -0.039982953722830172 -0.14091864838486626 0.59536982956859796 -0.42467367273056883 0.14907125808574537 0.64730672305449843 0.3889670256376267 -0.021035743132233622 -0.1151891110624586 0.23807039786662376 -0.08777729357066362 0.065090847688002718 -0.28853108402221433 -0.16029619092033023 -0.32846991777420048 0.093203852232545625 0.11913707585170352 -0.15433895246125759 -0.26677237886865185 -0.30344316413005196 -0.48611054052324865 -0.31216283053159716 0.055765405799383709 -0.081468964591622353 -0.40102746597042788 -0.11813524748597826
leaf_weight=21 30 20 25 21 27 21 36 50 27 32 25 20 35 35 23 36 31 21 20 32 29 20 53 30 34 50 23 20 27 21
leaf_count=21 30 20 25 21 27 21 36 50 27 32 25 20 35 35 23 36 31 21 20 32 29 20 53 30 34 50 23 20 27 21
internal_value=0 0.167201 0.135585 0.0268735 -0.213871 0.286415 0.339203 -0.309365 0.396254 0.455315 0.379466 0.206744 -0.019798 0.0783416 -0.0887046 -0.0157406 -0.0985253 -0.0987769 -0.126857 -0.0997947 -0.00901006 -0.345371 -0.152581 -0.209852 -0.366364 -0.338854 -0.0473549 -0.216004 -0.295069 -0.254774
internal_weight=0 476 456 265 419 191 170 229 140 113 81 45 240 99 141 88 67 190 169 149 64 202 117 53 182 148 44 73 98 71
internal_count=895 476 456 265 419 191 170 229 140 113 81 45 240 99 141 88 67 190 169 149 64 202 117 53 182 148 44 73 98 71
is_linear=0
shrinkage=0.05


Tree=20
num_leaves=31
num_cat=0
split_feature=5 7 1 13 8 13 8 2 8 10 10 1 13 14 10 14 7 12 8 4 13 7 5 5 2 5 2 2 2 4
split_gain=16795.8 3793.4 2609.19 1528.98 1455.95 1325.99 1148.32 1087.87 1003.03 967.906 742.34 651.054 675.585 937.981 1343.18 619.621 593.777 584.163 527.996 412.116 408.423 367.826 464.225 360.433 284.454 281.222 267.522 211.243 244.551 208.177
threshold=45.425000000000004 39.918452380952388 100.90000000000002 9.3500000000000032 53.541388888888896 10.850000000000003 70.763750000000016 23.650000000000002 85.453055555555565 2.5000000000000004 9.5000000000000018 30.131250000000005 12.65 1.0000000180025095e-35 4.5000000000000009 0.65000000000000002 59.161011904761907 28.750000000000004 58.676944444444445 0.55000000000000016 17.450000000000003 60.804464285714282 34.293154761904766 24.988988095238103 32.650000000000013 35.065476190476197 26.850000000000005 27.750000000000004 27.150000000000002 1.0500000000000003
decision_type=10 10 2 2 10 2 10 2 10 2 2 2 2 2 2 2 10 2 10 2 2 10 10 10 2 10 2 2 2 2
left_child=1 5 4 -3 7 10 9 -2 -8 -6 26 -5 16 18 -15 -16 19 27 21 25 23 22 24 -19 -14 -13 -1 28 -7 -17
right_child=2 3 -4 11 6 17 8 -9 -10 -11 -12 12 13 14 15 29 -18 20 -20 -21 -22 -23 -24 -25 -26 -27 -28 -29 -30 -31
leaf_value=-0.29870845133608043 0.72512078664519575 0.31357132483805933 0.86460642041983427 -0.29730350795117294 0.25279126390814782 -0.33372573582050591 0.56143335566827746 0.28270173718531927 0.11939863800292923 -0.17321621216833594 0.14692902704079946 0.36918422359228137 0.064573606654691196 0.40569392669768567 0.16388525982786503 -0.060148821700186962 -0.1208842238654261 -0.23895155350151273 -0.35914366543293003 -0.016538320481777193 -0.34058174238256789 0.079913378187588285 -0.35420238673686982 0.022285327123057461 -0.18995035093115725 0.12407374551350421 -0.057322670270999278 -0.44142974380290873 -0.18739402463866606 -0.28554854728281498
leaf_weight=22 33 35 27 22 30 138 33 24 21 24 30 25 21 21 21 21 23 23 26 20 23 21 21 31 23 22 24 33 36 20
leaf_count=22 33 35 27 22 30 138 33 24 21 24 30 25 21 21 21 21 23 23 26 20 23 21 21 31 23 22 24 33 36 20
internal_value=0 -0.118784 0.408955 0.000464601 0.334394 -0.232071 0.226493 0.538839 0.389531 0.0634546 -0.0465718 -0.0352316 -0.0150015 -0.0673003 0.0600851 -0.0569759 0.0983125 -0.281711 -0.161702 0.173559 -0.164135 -0.10201 -0.160786 -0.0889822 -0.068473 0.254452 -0.172768 -0.325447 -0.30345 -0.1701
internal_weight=0 702 192 342 165 360 108 57 54 54 76 307 285 195 83 62 90 284 112 67 77 86 65 54 44 47 46 207 174 41
internal_count=894 702 192 342 165 360 108 57 54 54 76 307 285 195 83 62 90 284 112 67 77 86 65 54 44 47 46 207 174 41
is_linear=0
shrinkage=0.05


Tree=21
num_leaves=31
num_cat=0
split_feature=0 13 7 0 6 10 2 13 0 7 14 8 13 14 13 1 6 12 7 10 6 10 8 3 2 8 3 14 1 2
split_gain=12461.3 3664.77 3495.36 1666.54 2034.72 1444.02 1151.43 931.962 865.581 673.587 642.883 609.984 569.246 462.66 674.761 629.007 558.983 442.873 416.71 671.331 409.91 359.183 278.644 270.744 240.076 202.526 177.499 207 141.214 136.462
threshold=42.945833333333347 12.050000000000002 39.666964285714293 61.175000000000004 47.983611111111109 2.5000000000000004 29.050000000000004 10.850000000000003 20.966666666666672 56.794047619047625 2.3500000000000001 48.551805555555568 13.350000000000003 1.0000000180025095e-35 13.15 49.53541666666667 29.689166666666669 28.950000000000003 60.804464285714282 10.500000000000002 34.879513888888901 9.5000000000000018 36.902013888888895 14.250000000000002 26.850000000000005 49.5213888888889 10.850000000000003 1.4500000000000002 28.920833333333331 27.650000000000002
decision_type=2 2 10 2 10 2 2 2 2 10 2 10 2 2 2 2 8 2 10 2 10 2 10 2 2 10 2 2 2 2
left_child=2 3 7 11 -5 9 12 21 -7 -4 13 -2 -3 14 15 -10 -15 26 -13 -20 -18 24 -19 -16 -1 -25 -9 28 -28 -29
right_child=1 6 5 4 -6 8 -8 17 10 -11 -12 18 -14 16 23 -17 20 22 19 -21 -22 -23 -24 25 -26 -27 27 29 -30 -31
leaf_value=-0.27479249636332193 0.47956626724232648 -0.022309323435737976 0.43700840663909912 0.97118463427932178 0.40032477668813754 -0.31572573001568138 -0.21587600454688075 -0.17757240384817125 -0.050104911228020993 0.052889247167678115 -0.2070734593189425 0.028136910647153859 0.31950967969565558 -0.039614153319391714 -0.25930312991142274 0.28947995339334009 0.40875978678464886 -0.015760673580529249 0.10282294966280461 0.51249674983322624 0.088638682588934911 0.081839279715831464 -0.23319550919823531 -0.16857736978679896 -0.040964188783065132 0.02135656498721801 -0.31885767657723696 -0.33232733908764744 -0.15559836545815836 -0.46646022174669349
leaf_weight=21 34 21 25 27 37 26 30 24 30 21 36 20 29 29 25 25 20 23 20 20 20 26 41 25 23 32 27 108 26 23
leaf_count=21 34 21 25 27 37 26 30 24 30 21 36 20 29 29 25 25 20 23 20 20 20 26 41 25 23 32 27 108 26 23
internal_value=0 0.304745 -0.117611 0.444357 0.641156 0.00284006 0.0290126 -0.228201 -0.0415825 0.26165 -0.0121291 0.310366 0.175946 0.0219389 -0.0312391 0.104252 0.127524 -0.270073 0.214486 0.30766 0.248699 -0.0655 -0.155055 -0.122117 -0.152564 -0.0619478 -0.305463 -0.322145 -0.238768 -0.355877
internal_weight=0 238 656 158 64 314 80 342 268 46 242 94 50 206 137 55 69 272 60 40 40 70 64 82 44 57 208 184 53 131
internal_count=894 238 656 158 64 314 80 342 268 46 242 94 50 206 137 55 69 272 60 40 40 70 64 82 44 57 208 184 53 131
is_linear=0
shrinkage=0.05


Tree=22
num_leaves=31
num_cat=0
split_feature=0 13 7 0 6 10 8 13 0 7 14 1 2 8 14 13 1 6 12 6 10 8 3 9 10 3 14 3 2 2
split_gain=11246.3 3307.45 3154.56 1504.06 1836.33 1303.23 1096.15 841.096 781.187 607.912 580.202 578.232 555.982 422.97 417.55 608.971 567.679 504.482 399.693 369.944 324.163 251.476 244.346 232.934 197.373 160.193 186.818 128.581 123.157 167.005
threshold=42.945833333333347 12.050000000000002 39.666964285714293 61.175000000000004 47.983611111111109 2.5000000000000004 63.65750000000002 10.850000000000003 20.966666666666672 56.794047619047625 2.3500000000000001 56.939583333333353 29.050000000000004 72.952916666666695 1.0000000180025095e-35 13.15 49.53541666666667 29.689166666666669 28.950000000000003 34.879513888888901 9.5000000000000018 36.902013888888895 14.250000000000002 2.5000000000000004 4.5000000000000009 10.850000000000003 1.4500000000000002 14.250000000000002 27.650000000000002 27.150000000000002
decision_type=2 2 10 2 10 2 10 2 2 10 2 2 2 10 2 2 2 8 2 10 2 10 2 2 2 2 2 2 2 2
left_child=2 3 7 11 -5 9 12 20 -7 -4 14 -2 -3 -13 15 16 -10 -16 25 -19 23 -20 -17 -1 -24 -9 27 -27 29 -28
right_child=1 6 5 4 -6 8 -8 18 10 -11 -12 13 -14 -15 17 22 -18 19 21 -21 -22 -23 24 -25 -26 26 28 -29 -30 -31
leaf_value=-0.25997887280854315 0.46345049034465441 0.05804774400687987 0.41515798997879028 0.92262540260950721 0.38030853746710602 -0.29993944122241095 0.32807421467520975 -0.16869378338257474 -0.047599666615327205 0.050244783929416115 -0.19671978710426227 0.093917901151710087 -0.25230215191841127 0.36163021422736352 -0.037633445910338702 -0.24633796858787538 0.27500596725940707 0.38832179605960848 -0.014972639346556011 0.084206750392913823 0.077747310981011175 -0.22153573249716585 -0.17620472789488056 -0.029892846535552631 0.014915171180452619 -0.3268671952001751 -0.34535225766118277 -0.16620106259078693 -0.4431372124215831 -0.18528931491076947
leaf_weight=22 33 31 25 27 37 26 22 24 30 21 36 36 27 25 29 25 25 20 23 20 26 41 22 22 35 20 88 33 23 20
leaf_count=22 33 31 25 27 37 26 22 24 30 21 36 36 27 25 29 25 25 20 23 20 26 41 22 22 35 20 88 33 23 20
internal_value=0 0.289508 -0.111731 0.422139 0.609098 0.00269806 0.0275619 -0.216791 -0.0395034 0.248567 -0.0115226 0.294848 -0.0864255 0.203636 0.0208419 -0.0296771 0.0990393 0.121148 -0.25657 0.236264 -0.062225 -0.147302 -0.116011 -0.144936 -0.0588504 -0.29019 -0.306038 -0.22683 -0.338084 -0.315711
internal_weight=0 238 656 158 64 314 80 342 268 46 242 94 58 61 206 137 55 69 272 40 70 64 82 44 57 208 184 53 131 108
internal_count=894 238 656 158 64 314 80 342 268 46 242 94 58 61 206 137 55 69 272 40 70 64 82 44 57 208 184 53 131 108
is_linear=0
shrinkage=0.05


Tree=23
num_leaves=31
num_cat=0
split_feature=5 7 1 13 8 8 13 2 6 7 8 14 5 13 14 8 2 8 2 1 12 13 12 12 3 5 10 8 2 1
split_gain=12564 2766.34 2059.3 1245.3 1186.94 1073.71 998.961 830.827 778.278 917.272 585.147 504.37 725.658 701.164 847.558 1592.75 436.61 415.958 393.516 358.552 316.31 333.067 261.695 517.944 369.26 159.752 146.649 132.621 129.882 123.207
threshold=45.425000000000004 39.918452380952388 100.90000000000002 9.3500000000000032 53.541388888888896 58.069375000000015 11.65 23.650000000000002 58.766041666666673 76.462202380952391 45.948541666666678 2.9500000000000006 39.892261904761909 12.750000000000002 1.0000000180025095e-35 49.950416666666662 26.850000000000005 57.878819444444453 27.650000000000002 53.237500000000004 28.950000000000003 17.450000000000003 27.150000000000002 33.45000000000001 16.250000000000004 24.988988095238103 8.5000000000000018 31.061736111111113 27.750000000000004 19.668750000000006
decision_type=10 10 2 2 10 10 2 2 10 10 10 2 10 2 2 10 2 10 2 2 2 2 2 2 2 10 2 10 2 2
left_child=1 6 4 -3 7 -6 10 -2 9 -7 16 12 13 19 22 -16 -1 -14 -13 -5 26 25 -15 -24 -25 -22 28 -28 29 -8
right_child=2 3 -4 11 5 8 20 -9 -10 -11 -12 18 17 14 15 -17 -18 -19 -20 -21 21 -23 23 24 -26 -27 27 -29 -30 -31
leaf_value=-0.24179949536919595 0.63489176278764559 0.28171066897256031 0.75854371841307044 0.33703218472003937 -0.037601214647293095 0.6667239558696747 -0.34484039297246416 0.24825763702392578 0.033477688357234005 0.23759782368486582 0.13948504520723454 -0.33078609857222308 -0.034019755177638111 -0.26285195678472517 -0.10804541226890352 0.45817242180523671 0.0055852863216592427 -0.29178629877238443 -0.04686435942466443 0.071831612657898891 -0.1844506625737995 -0.31650926026050002 0.084471765960402345 -0.33287995267659426 -0.029046208858489991 0.0051391463279724129 -0.12061648511368295 -0.28698168849945066 -0.39360064986874077 -0.23824319457635285
leaf_weight=42 33 35 27 25 35 20 46 24 20 33 26 23 34 20 27 23 31 29 26 26 20 22 34 20 20 25 23 25 34 66
leaf_count=42 33 35 27 25 35 20 46 24 20 33 26 23 34 20 27 23 31 29 26 26 20 22 34 20 20 25 23 25 34 66
internal_value=0 -0.102695 0.353745 -0.000861143 0.287505 0.190081 -0.199437 0.472098 0.299243 0.399532 -0.0642002 -0.0330762 -0.00514663 0.0425161 -0.0139082 0.152415 -0.136746 -0.152674 -0.180134 0.201832 -0.250734 -0.157071 -0.102378 -0.0590065 -0.180963 -0.079123 -0.283082 -0.207265 -0.308008 -0.282024
internal_weight=0 702 192 342 165 108 360 57 73 53 99 307 258 195 144 50 73 63 49 51 261 67 94 74 40 45 194 48 146 112
internal_count=894 702 192 342 165 108 360 57 73 53 99 307 258 195 144 50 73 63 49 51 261 67 94 74 40 45 194 48 146 112
is_linear=0
shrinkage=0.05


Tree=24
num_leaves=31
num_cat=0
split_feature=5 7 1 13 8 8 13 2 6 7 8 1 13 13 4 3 14 5 9 5 2 7 9 14 3 3 14 8 0 0
split_gain=11339 2496.62 1858.52 1123.88 1071.21 969.021 901.562 750.355 702.396 827.838 528.095 485.406 479.93 1018.36 575.356 553.42 455.224 475.315 621.353 399.014 394.041 331.566 297.663 290.854 257.339 184.336 136.005 298.326 257.539 211.109
threshold=45.425000000000004 39.918452380952388 100.90000000000002 9.3500000000000032 53.541388888888896 58.069375000000015 11.65 24.050000000000004 58.766041666666673 76.462202380952391 45.948541666666678 32.96875 20.950000000000003 16.250000000000004 0.65000000000000002 9.7500000000000018 1.0000000180025095e-35 33.962500000000006 3.5000000000000004 35.84494047619048 26.850000000000005 60.804464285714282 3.5000000000000004 7.4500000000000011 14.65 12.350000000000003 1.4500000000000002 36.32444444444446 18.077083333333334 22.308333333333334
decision_type=10 10 2 2 10 10 2 2 10 10 10 2 2 2 2 2 2 10 2 10 2 10 2 2 2 2 2 8 2 2
left_child=1 6 4 -3 7 -6 10 -2 9 -7 20 -5 13 14 15 -13 17 18 -17 -16 22 -19 -1 25 -15 -8 27 28 -27 -29
right_child=2 3 -4 11 5 8 23 -9 -10 -11 -12 12 -14 24 19 16 -18 21 -20 -21 -22 -23 -24 -25 -26 26 -28 29 -30 -31
leaf_value=-0.35662405348636889 0.5923214613007648 0.26762513407639099 0.72061653283459171 -0.22246601288517318 -0.035721149955477031 0.63338777020573622 -0.099868407597144451 0.2196763496507298 0.031803801357746124 0.22571793537248266 0.13251080432763468 0.31852249346673489 0.22519145636819304 -0.35588033929467205 0.004114756002449072 -0.068530957649151486 0.20682236765821777 -0.21793045143131168 0.30388653455302123 -0.28891843330292477 0.0053060219653191104 0.030953673305718795 -0.090103530720807623 -0.31220366717739539 -0.13621896437369288 -0.21669124964624645 -0.30066722201746565 -0.17471278929816825 0.037050158157944678 -0.37257136398783097
leaf_weight=22 35 35 27 30 35 20 36 22 20 33 26 20 20 20 26 24 30 32 21 21 31 23 20 88 40 20 43 28 20 26
leaf_count=22 35 35 27 30 35 20 36 22 20 33 26 20 20 20 26 24 30 32 21 21 31 23 20 88 40 20 43 28 20 26
internal_value=0 -0.0975603 0.336058 -0.000818085 0.27313 0.180577 -0.189465 0.448494 0.284281 0.379556 -0.0609902 -0.0314224 -0.0107317 -0.0290915 0.0258368 0.0736677 0.0359977 -0.0152497 0.105264 -0.126815 -0.129908 -0.113852 -0.22971 -0.238197 -0.209439 -0.200553 -0.22701 -0.193315 -0.0898205 -0.269978
internal_weight=0 702 192 342 165 108 360 57 73 53 99 307 277 257 197 150 130 100 45 47 73 55 42 261 60 173 137 94 40 54
internal_count=894 702 192 342 165 108 360 57 73 53 99 307 277 257 197 150 130 100 45 47 73 55 42 261 60 173 137 94 40 54
is_linear=0
shrinkage=0.05


Tree=25
num_leaves=31
num_cat=0
split_feature=0 4 1 12 2 0 10 6 5 3 8 8 12 0 12 1 3 12 3 5 8 6 0 8 5 7 14 1 7 8
split_gain=7655.41 1903.5 1621.04 1064.82 883.055 698.74 616.735 861.573 763.299 1041.13 549.627 638.429 497.946 483.443 468.473 514.67 653.281 365.813 318.571 263.283 226.759 400.509 223.464 241.94 334.772 213.18 201.03 180.19 154.448 130.801
threshold=39.020833333333336 0.15000000000000005 109.43124999999999 29.050000000000004 32.550000000000004 24.318750000000005 11.500000000000002 44.480069444444446 52.438095238095237 10.250000000000002 42.490763888888885 47.328541666666673 32.650000000000013 26.316666666666666 33.45000000000001 41.050000000000004 14.550000000000002 21.750000000000004 14.750000000000002 27.103869047619053 52.272708333333362 26.183194444444446 16.827083333333338 26.925069444444443 21.034226190476193 35.340773809523817 2.2500000000000004 50.395833333333336 35.174107142857146 52.809305555555561
decision_type=2 2 2 2 2 2 2 10 10 2 10 10 2 2 2 2 2 2 2 10 8 10 2 10 10 8 2 2 10 10
left_child=1 5 3 6 -5 19 7 10 -9 -10 -2 -12 18 -7 15 17 27 -15 20 28 21 22 -3 -24 -25 26 -20 -17 -1 -21
right_child=2 12 -4 4 -6 13 -8 8 9 -11 11 -13 -14 14 -16 16 -18 -19 25 29 -22 -23 23 24 -26 -27 -28 -29 -30 -31
leaf_value=-0.15316783800011591 0.29896728613159879 -0.31289100950514831 0.63657744197174915 -0.23110458271370993 0.17715209551298849 0.26996379785239694 -0.0091178880288050723 0.52746118009090426 0.45023662589730756 0.04366527735255659 -0.18477866291999817 0.16755502923495241 0.030478607744655828 -0.2112973799082366 -0.13463833619441307 0.37154584519919898 -0.063172893031783736 0.047494865208864215 -0.11447500371932984 -0.29285171818733219 -0.32368406668305399 0.021032283866199958 -0.010111064723004467 -0.044392902664840223 -0.30516221765428786 -0.38553505365271123 -0.27819423130651316 0.16896994308285093 0.024880165478278853 -0.12129918612539768
leaf_weight=21 33 27 20 27 26 20 26 38 31 32 20 36 22 22 42 21 23 36 25 25 20 29 23 20 32 32 75 23 29 20
leaf_count=21 33 27 20 27 26 20 26 38 31 32 20 36 22 22 42 21 23 36 25 25 20 29 23 20 32 32 75 23 29 20
internal_value=0 -0.11208 0.202288 0.169998 -0.0308277 -0.0184424 0.219275 0.250529 0.350477 0.243724 0.137105 0.0417216 -0.198657 0.0376553 0.00983388 0.0583765 0.152773 -0.0506677 -0.21647 -0.128866 -0.16687 -0.142929 -0.189546 -0.145141 -0.204866 -0.273209 -0.237264 0.265654 -0.0499 -0.216606
internal_weight=0 587 289 269 53 282 216 190 101 63 89 56 305 187 167 125 67 58 283 95 151 131 102 75 52 132 100 44 50 45
internal_count=876 587 289 269 53 282 216 190 101 63 89 56 305 187 167 125 67 58 283 95 151 131 102 75 52 132 100 44 50 45
is_linear=0
shrinkage=0.05


Tree=26
num_leaves=31
num_cat=0
split_feature=0 4 1 13 8 13 5 0 5 5 1 12 14 6 0 12 1 3 13 12 10 8 5 6 10 5 13 7 5 12
split_gain=6909 1717.9 1462.99 1036.54 1493.46 1223.32 911.124 630.613 582.663 1588.79 851.636 456.231 448.717 569.435 436.308 422.797 464.49 589.586 384.319 330.147 330.056 308.926 237.613 201.772 255.754 227.507 194.249 139.389 135.866 120.434
threshold=39.020833333333336 0.15000000000000005 109.43124999999999 9.7500000000000018 74.878472222222243 9.1500000000000004 51.60327380952382 24.318750000000005 43.507738095238103 48.082440476190477 66.885416666666686 27.750000000000004 0.45000000000000007 35.009861111111128 26.316666666666666 33.45000000000001 41.050000000000004 14.550000000000002 14.050000000000002 21.750000000000004 5.5000000000000009 47.977708333333347 27.103869047619053 20.025208333333335 9.5000000000000018 20.727976190476195 11.65 35.174107142857146 21.565476190476193 35.750000000000007
decision_type=2 2 2 2 10 2 10 2 10 10 2 2 2 10 2 2 2 2 2 2 2 8 10 8 2 10 2 10 8 2
left_child=1 7 3 5 8 6 -2 22 12 -10 -11 18 13 -5 -9 16 19 26 23 -16 -13 -22 27 -3 25 -25 -18 -1 -20 -17
right_child=2 11 -4 4 -6 -7 -8 14 9 10 -12 20 -14 -15 15 29 17 -19 28 -21 21 -23 -24 24 -26 -27 -28 -29 -30 -31
leaf_value=-0.14550944921516237 0.36547322902948626 -0.039048790530516554 0.60474857002496718 0.06390517130494118 0.43467330272708626 0.61102232846120996 -0.040223863005638127 0.25646561007946728 0.47656532699863119 0.19643166909615201 -0.2166061332019476 0.084926254451274885 0.086458417110972935 -0.27829584998469198 -0.20073251243342055 -0.20863442773168739 0.36745490267872816 -0.060014251651971245 -0.26424672962274659 0.045120121041933699 -0.057048604355716126 -0.27028212156789055 -0.20577584286530815 -0.11965350620448589 -0.054821785564788367 -0.32896312515477877 0.15646811177333197 0.023636154274873693 -0.3987915545701981 -0.039105619341135024
leaf_weight=21 31 26 20 20 28 24 25 20 24 24 26 20 36 31 22 22 20 23 86 36 41 29 45 20 22 37 24 29 24 20
leaf_count=21 31 26 20 20 28 24 25 20 24 24 26 20 36 31 22 22 20 23 86 36 41 29 45 20 22 37 24 29 24 20
internal_value=0 -0.106476 0.192173 0.161498 0.0976426 0.312358 0.184358 -0.0175202 0.0390286 0.142164 -0.018348 -0.188724 -0.0486961 -0.144099 0.0357725 0.00934218 0.0554577 0.145134 -0.22829 -0.0481343 -0.0942072 -0.145388 -0.122423 -0.159867 -0.19963 -0.255521 0.252371 -0.047405 -0.293602 -0.127906
internal_weight=0 587 289 269 189 80 56 282 161 74 50 305 87 51 187 167 125 67 215 58 90 70 95 105 79 57 44 50 110 42
internal_count=876 587 289 269 189 80 56 282 161 74 50 305 87 51 187 167 125 67 215 58 90 70 95 105 79 57 44 50 110 42
is_linear=0
shrinkage=0.05


Tree=27
num_leaves=31
num_cat=0
split_feature=0 4 5 12 2 13 10 9 5 5 5 5 12 0 5 9 6 10 13 7 2 2 9 6 6 6 3 6 6 6
split_gain=6235.38 1550.41 1355.82 867.582 745.493 595.252 1071.66 744.475 1002.19 859.102 617.583 576.513 424.58 413.65 595.878 551.707 810.034 496.909 409.111 368.683 253.945 275.611 250.312 221.385 216.967 244.804 230.244 164.598 144.754 138.86
threshold=39.020833333333336 0.15000000000000005 71.630952380952394 28.850000000000005 32.550000000000004 8.6500000000000004 11.500000000000002 3.5000000000000004 52.132738095238103 45.425000000000004 43.507738095238103 48.258928571428577 32.650000000000013 24.318750000000005 39.542559523809537 3.5000000000000004 37.068263888888886 5.5000000000000009 14.050000000000002 66.730654761904773 28.050000000000004 26.750000000000004 4.5000000000000009 33.794027777777792 36.856875000000009 22.409305555555559 15.15 31.601666666666667 20.025208333333335 18.588958333333341
decision_type=2 2 10 2 2 2 2 2 10 10 10 10 2 2 10 2 10 2 2 10 2 2 2 8 8 10 2 10 10 10
left_child=1 11 3 5 -5 -2 7 9 10 -7 -9 13 18 22 15 17 -17 27 20 -11 21 -3 23 -1 25 28 -27 -15 29 -20
right_child=2 12 -4 4 -6 6 -8 8 -10 19 -12 -13 -14 14 -16 16 -18 -19 24 -21 -22 -23 -24 -25 -26 26 -28 -29 -30 -31
leaf_value=-0.25445814221291929 0.41089082823268008 -0.18145213957343784 0.54242966386179137 -0.20757055514092959 0.16065346168147193 0.12435695173011885 -0.14079464960098267 0.015487733185291293 -0.17104209383639199 0.61097921729087834 0.38206855456034344 0.23539071750073207 0.03229542701420459 -0.011466308479959315 -0.24575342848896981 0.02827677855620513 0.42322769390419124 0.12622316093184055 -0.31283777207136154 0.3338349590698878 -0.29201149997257053 -0.025271950498541917 0.0077067097567056339 -0.071681764864673217 -0.39771236614747485 -0.022915527597069742 -0.23173800938282954 -0.18506003636608109 -0.37717970950262891 -0.13445016764104367
leaf_weight=37 28 56 24 28 27 36 25 20 24 20 27 21 22 22 20 37 20 32 24 30 21 57 27 30 22 22 33 36 28 20
leaf_count=37 28 56 24 28 27 36 25 20 24 20 27 21 22 22 20 37 20 32 24 30 21 57 27 30 22 22 33 36 28 20
internal_value=0 -0.101153 0.182564 0.149973 -0.026806 0.196272 0.163254 0.211669 0.0918394 0.310599 0.226077 -0.0166442 -0.179288 -0.0369229 0.0103021 0.0451396 0.166856 -0.0319475 -0.195736 0.444693 -0.132344 -0.102671 -0.120823 -0.172618 -0.252747 -0.227635 -0.148209 -0.119214 -0.288308 -0.231752
internal_weight=0 587 289 265 55 210 182 157 71 86 47 282 305 261 167 147 57 90 283 50 134 113 94 67 149 127 55 58 72 44
internal_count=876 587 289 265 55 210 182 157 71 86 47 282 305 261 167 147 57 90 283 50 134 113 94 67 149 127 55 58 72 44
is_linear=0
shrinkage=0.05


Tree=28
num_leaves=31
num_cat=0
split_feature=0 4 1 13 8 13 5 5 5 5 1 2 2 1 2 6 7 13 12 14 13 8 0 10 8 8 6 10 5 10
split_gain=5627.43 1399.24 1273.77 834.35 1307.23 1111.36 847.767 520.303 482.184 1387.13 775.841 400.483 398.665 452.501 642.166 571.724 474.255 553.544 390.475 319.128 307.157 301.7 296.622 292.591 286.935 271.849 177.218 231.883 204.804 173.63
threshold=39.020833333333336 0.15000000000000005 109.43124999999999 9.7500000000000018 74.878472222222243 9.1500000000000004 51.60327380952382 48.258928571428577 43.507738095238103 48.082440476190477 66.885416666666686 26.650000000000002 36.45000000000001 40.960416666666667 32.650000000000013 39.761458333333337 42.761309523809537 10.65 27.750000000000004 1.0000000180025095e-35 14.050000000000002 50.826458333333342 32.908333333333339 5.5000000000000009 39.651041666666671 47.977708333333347 20.025208333333335 9.5000000000000018 20.727976190476195 5.5000000000000009
decision_type=2 2 2 2 10 2 10 10 10 10 2 2 2 2 2 10 10 2 2 2 2 8 2 2 10 8 8 2 10 2
left_child=1 7 3 5 8 6 -2 12 11 -10 -11 -5 13 14 16 22 17 -1 20 -13 26 -21 29 -20 -19 -25 -3 28 -28 -15
right_child=2 18 -4 4 -6 -7 -8 -9 9 10 -12 19 -14 15 -16 -17 -18 24 23 21 -22 -23 -24 25 -26 -27 27 -29 -30 -31
leaf_value=0.066299377421015188 0.33286553121382195 -0.032528942278944532 0.5584074721485377 -0.23729765727406457 0.40284187793731691 0.56483189469824235 -0.058471945583820344 0.22362118590445745 0.43896606552104162 0.18152742739766836 -0.21270203653436442 -0.13205097100387017 -0.24398209089191544 -0.11612471160365315 0.16626840152523736 0.29964801013469694 -0.33153042028779572 -0.052870599996475948 0.085777594223618511 -0.044043813794851311 -0.26531567917628723 0.22427806772968989 0.14275930347266022 -0.048202538413063788 -0.30136379163998828 -0.2482309155936899 -0.10733137778937817 -0.045137811828912661 -0.30592280250747467 0.057995609668168163
leaf_weight=38 31 26 20 21 28 24 25 21 24 24 26 24 21 41 22 20 23 21 20 20 110 22 27 41 26 29 20 22 37 22
leaf_count=38 31 26 20 21 28 24 25 21 24 24 26 24 21 41 22 20 23 21 20 20 110 22 27 41 26 29 20 22 37 22
internal_value=0 -0.0960949 0.173436 0.144814 0.0875234 0.280162 0.158161 -0.015812 0.0326855 0.126508 -0.0234719 -0.0471176 -0.0350768 -0.0167975 -0.0799512 0.0578387 -0.130107 -0.0756043 -0.170324 0.0133942 -0.206927 0.0965057 0.00410324 -0.0828828 -0.190335 -0.131071 -0.145758 -0.183023 -0.236242 -0.0553208
internal_weight=0 587 289 269 189 80 56 282 161 74 50 87 261 240 130 110 108 85 305 66 215 42 90 90 47 70 105 79 57 63
internal_count=876 587 289 269 189 80 56 282 161 74 50 87 261 240 130 110 108 85 305 66 215 42 90 90 47 70 105 79 57 63
is_linear=0
shrinkage=0.05


Tree=29
num_leaves=31
num_cat=0
split_feature=0 4 5 3 9 3 8 8 3 5 5 6 1 12 2 1 2 3 13 1 6 13 9 5 3 2 2 6 0 0
split_gain=5078.75 1262.82 1171.8 770.785 921.639 986.618 796.017 751.193 558.663 657.178 469.574 442.687 441.049 361.892 359.795 408.382 579.555 529.163 374.077 437.307 364.958 338.605 310.618 305.895 295.708 231.115 249.894 194.082 198.217 172.625
threshold=39.020833333333336 0.15000000000000005 73.164583333333354 11.750000000000002 4.5000000000000009 8.5500000000000025 58.392361111111107 57.674166666666679 10.65 54.010714285714293 48.258928571428577 34.111388888888897 59.581250000000004 32.650000000000013 36.45000000000001 40.960416666666667 32.650000000000013 13.450000000000001 10.65 30.324999999999999 39.912500000000016 14.050000000000002 2.5000000000000004 33.490773809523809 17.250000000000004 28.050000000000004 26.750000000000004 37.068263888888886 26.679166666666671 29.385416666666671
decision_type=2 2 10 2 2 2 10 10 2 10 10 10 2 2 2 2 2 2 2 2 10 2 2 10 2 2 2 8 2 2
left_child=1 10 3 4 5 -2 -6 11 9 12 14 -5 -7 21 15 16 18 23 19 -1 -20 25 -9 -17 29 26 -3 28 -23 -19
right_child=2 13 -4 7 6 8 -8 22 -10 -11 -12 -13 -14 -15 -16 17 -18 24 20 -21 -22 27 -24 -25 -26 -27 -28 -29 -30 -31
leaf_value=0.15961725413799288 -0.011221150647510184 -0.16602919699091997 0.50715720238892936 0.066295196754591806 -0.16210282677068161 0.49691603302955634 0.2574710870534182 0.03895571394400163 0.17041658667417675 0.68191571131348616 0.21244012159960612 -0.2021749379880288 0.1648585218191147 0.03353254798461091 -0.23178299441933634 0.31897083520889286 0.15795497936196626 -0.20655434138101081 -0.11666828460991384 -0.14885425567626953 -0.37407309576159431 -0.23371986300787995 0.29001592919230462 0.060852940753102304 0.11576633850733441 -0.27164256622837413 -0.017314001999534014 -0.37378581047058107 -0.065834316593550504 -0.0057016645371913907
leaf_weight=20 22 56 23 28 26 20 20 22 26 20 21 34 20 22 21 22 22 23 40 27 21 108 28 24 21 21 57 20 21 20
leaf_count=20 22 56 23 28 26 20 20 22 26 20 21 34 20 22 21 22 22 23 40 27 21 108 28 24 21 21 57 20 21 20
internal_value=0 -0.0912902 0.164764 0.135159 0.207744 0.287572 0.0203206 0.0353553 0.364007 0.447897 -0.0150214 -0.0809304 0.330887 -0.161808 -0.0333229 -0.0159577 -0.0759537 0.0549467 -0.123602 -0.0175898 -0.205283 -0.176993 0.179549 0.184301 -0.0380264 -0.119321 -0.0910136 -0.228859 -0.20639 -0.113134
internal_weight=0 587 289 266 154 108 46 112 86 60 282 62 40 305 261 240 130 110 108 47 61 283 50 46 64 134 113 149 129 43
internal_count=876 587 289 266 154 108 46 112 86 60 282 62 40 305 261 240 130 110 108 47 61 283 50 46 64 134 113 149 129 43
is_linear=0
shrinkage=0.05


Tree=30
num_leaves=31
num_cat=0
split_feature=0 0 1 7 14 3 4 0 12 5 12 2 12 8 5 7 8 6 2 13 10 6 5 3 8 4 14 2 8 3
split_gain=5793.68 3263.55 1292.95 1404.38 1010.98 715.131 1104.17 781.397 561.227 527.515 715.058 517.729 1074.95 679.448 696.157 428.37 376.153 379.154 310.91 262.185 261.788 776.691 433.214 247.295 186.591 180.175 203.437 106.004 257.531 82.5038
threshold=28.012500000000006 60.362500000000004 85.885416666666671 84.668154761904773 1.0500000000000003 10.550000000000002 1.0000000180025095e-35 35.525000000000013 24.950000000000003 49.416071428571435 23.450000000000003 32.750000000000007 33.850000000000001 62.990555555555552 38.551488095238106 57.17886904761906 46.330486111111121 28.060277777777781 27.150000000000002 13.950000000000001 3.5000000000000004 32.083263888888901 27.384226190476195 11.750000000000002 28.97472222222223 9.7000000000000011 19.950000000000006 27.250000000000004 35.884444444444455 16.650000000000002
decision_type=2 2 2 10 2 2 2 2 2 10 2 2 2 8 10 10 10 10 2 2 2 10 10 2 10 2 2 2 10 2
left_child=4 5 -3 -4 8 6 7 -2 -1 10 -9 13 -13 14 16 -16 17 -7 24 -20 22 27 -10 -15 -6 -26 -27 -22 -29 -21
right_child=1 2 3 -5 18 11 -8 9 20 -11 -12 12 -14 23 15 -17 -18 -19 19 29 21 -23 -24 -25 25 26 -28 28 -30 -31
leaf_value=0.19501402571797372 0.0041076301597058771 0.631890495452616 -0.034957850227753322 0.50594733512649936 -0.18591404410126883 0.02022666537927257 -0.12168723747134209 0.22621973547442209 -0.039183475549977559 0.14918789956596143 0.59517508844534561 0.33388048055417396 -0.050758720361269438 -0.021314412639254616 -0.069022527486085894 -0.37432600555734502 0.13402695136685525 -0.23966275660888009 -0.037156632864339782 -0.29859708815813069 -0.20645807769894603 0.18955437140884224 -0.33377079007526245 0.19350885571660223 -0.4336203195154667 -0.17058384647736183 -0.3747258513518002 0.035086666248738768 -0.18570038889135634 -0.16109393734174471
leaf_weight=20 32 36 24 24 39 36 30 29 26 38 24 34 39 21 20 27 31 23 33 20 25 27 24 37 24 26 23 25 28 24
leaf_count=20 32 36 24 24 39 36 30 29 26 38 24 34 39 21 20 27 31 23 33 20 25 27 24 37 24 26 23 25 28 24
internal_value=0 0.120821 0.405379 0.235495 -0.140854 0.0640442 0.150291 0.216627 -0.0542567 0.29136 0.393294 0.0148062 0.128388 -0.0277142 -0.0884416 -0.24441 -0.00699164 -0.0810862 -0.221036 -0.143693 -0.0864206 -0.0415803 -0.180585 0.115728 -0.274209 -0.32138 -0.266406 -0.121588 -0.0815556 -0.223595
internal_weight=0 505 84 48 364 421 153 123 175 91 53 268 73 195 137 47 90 59 189 77 155 105 50 58 112 73 49 78 53 44
internal_count=869 505 84 48 364 421 153 123 175 91 53 268 73 195 137 47 90 59 189 77 155 105 50 58 112 73 49 78 53 44
is_linear=0
shrinkage=0.05


Tree=31
num_leaves=31
num_cat=0
split_feature=0 0 1 7 14 2 7 0 3 1 7 3 12 2 12 3 1 13 2 6 6 13 0 5 12 1 12 3 5 3
split_gain=5228.8 2945.35 1166.89 1267.45 912.409 649.698 888.726 836.024 753.708 556.229 562.489 550.232 506.508 493.978 931.533 429.746 343.029 282.614 280.596 244.766 687.432 236.622 219.882 230.616 132.266 127.646 108.363 102.36 87.6052 117.18
threshold=28.012500000000006 60.362500000000004 85.885416666666671 84.668154761904773 1.0500000000000003 27.450000000000003 34.697321428571435 48.827083333333341 10.550000000000002 38.881250000000001 52.604761904761908 9.0500000000000025 24.950000000000003 32.750000000000007 33.850000000000001 12.750000000000002 58.660416666666677 11.850000000000003 27.150000000000002 37.225972222222232 35.009861111111128 13.950000000000001 33.735416666666673 35.31666666666667 26.650000000000002 37.029166666666669 35.850000000000001 17.450000000000003 20.49464285714286 15.850000000000003
decision_type=2 2 2 10 2 2 10 2 2 2 10 2 2 2 2 2 2 2 2 8 10 2 2 10 2 2 2 2 10 2
left_child=4 5 -3 -4 12 6 -2 13 9 -8 -11 -12 -1 17 -15 16 -10 -7 24 20 25 -20 -19 -24 28 27 -16 -14 29 -6
right_child=1 2 3 -5 18 7 8 -9 15 10 11 -13 19 14 26 -17 -18 22 21 -21 -22 -23 23 -25 -26 -27 -28 -29 -30 -31
leaf_value=0.18526333034038545 -0.17741222147546387 0.60029597100284371 -0.033209958299994471 0.48064997084438804 -0.16985526792705061 0.11181034594774247 -0.0019875714182853699 -0.31319469839334491 -0.13310795029004416 0.43994765297786609 -0.021557443961501124 0.30553521764361197 -0.10114089992757028 0.31816989192191292 -0.12009824052453043 0.18440392234495709 0.11409079847128496 -0.0004697052070072719 -0.035298801231141569 -0.19633540632203222 0.21982988864183428 -0.21241560179147531 -0.05201880738139153 -0.29213152259588243 -0.18899578728326938 -0.032602457515895369 0.044494673795998099 -0.24026837192475795 -0.37712700521945952 -0.33083582841433012
leaf_weight=20 23 36 24 24 20 22 20 20 36 37 20 36 39 34 20 35 23 35 33 36 20 44 20 20 41 40 20 20 25 26
leaf_count=20 23 36 24 24 20 22 20 20 36 37 20 36 39 34 20 35 23 35 33 36 20 44 20 20 41 40 20 20 25 26
internal_value=0 0.11478 0.38511 0.22372 -0.133811 0.060842 0.117445 -0.00731836 0.150207 0.237225 0.288669 0.188716 -0.0515438 0.0284566 0.125753 0.0455994 -0.0367423 -0.0457693 -0.209984 -0.0820996 -0.0475409 -0.136508 -0.0919926 -0.172075 -0.260499 -0.101555 -0.0378018 -0.148303 -0.301789 -0.260844
internal_weight=0 505 84 48 364 421 230 191 207 113 93 56 175 171 74 94 59 97 189 155 119 77 75 40 112 99 40 59 71 46
internal_count=869 505 84 48 364 421 230 191 207 113 93 56 175 171 74 94 59 97 189 155 119 77 75 40 112 99 40 59 71 46
is_linear=0
shrinkage=0.05


Tree=32
num_leaves=31
num_cat=0
split_feature=0 0 1 7 14 3 8 6 4 5 7 8 12 5 12 6 8 12 9 12 13 0 2 6 6 13 8 4 14 1
split_gain=4718.99 2658.18 1053.12 1143.87 823.449 595.551 695.243 587.12 600.63 576.684 819.59 550.281 457.123 381.638 358.452 367.469 321.487 427.804 296.849 398.074 256.878 304.132 253.238 220.902 620.407 213.551 160.4 163.438 181.542 115.2
threshold=28.012500000000006 60.362500000000004 85.885416666666671 84.668154761904773 1.0500000000000003 9.9500000000000011 62.990555555555552 35.009861111111128 0.15000000000000005 32.600297619047623 62.199107142857152 56.909027777777787 24.950000000000003 33.699404761904766 23.050000000000004 45.599861111111117 67.117986111111122 22.950000000000003 1.5000000000000002 27.350000000000005 16.150000000000002 30.766666666666669 27.150000000000002 37.225972222222232 35.009861111111128 13.950000000000001 28.97472222222223 9.7000000000000011 19.950000000000006 37.029166666666669
decision_type=2 2 2 8 2 2 8 10 2 10 10 10 2 10 2 10 10 2 2 2 2 2 2 8 10 2 10 2 2 2
left_child=4 5 -3 -4 12 13 7 9 11 20 -11 18 -1 -2 -15 -16 -8 -18 -9 -20 21 -7 26 24 29 -24 -6 -28 -29 -14
right_child=1 2 3 -5 22 6 16 8 -10 10 -12 -13 23 14 15 -17 17 -19 19 -21 -22 -23 25 -25 -26 -27 27 28 -30 -31
leaf_value=0.17600016236305238 -0.019574267061596567 0.57028117022580571 -0.031549453735351562 0.45661747703949618 -0.16560974854211777 -0.24001028062332247 0.33028952151536944 0.0492318631708622 -0.32118047364056113 0.33728282686435818 -0.056703791835091333 0.17134849688281184 -0.14088761639797082 0.097416006156376439 0.16331895476295835 0.45572988993742253 0.27911370635032656 -0.012316590635215535 -0.34267190446456275 -0.049984042002604562 0.10858801512614541 0.001999705969629919 -0.033533860410027434 -0.18651863758762677 0.20883839435875418 -0.20179482046514752 -0.3981092467904091 -0.14833128761786682 -0.34117529534775282 -0.030972335860133173
leaf_weight=20 22 36 24 24 39 21 20 20 24 33 22 23 59 35 21 22 20 34 21 26 23 34 33 36 20 44 24 26 23 40
leaf_count=20 22 36 24 24 39 21 20 20 24 33 22 23 59 35 21 22 20 34 21 26 23 34 33 36 20 44 24 26 23 40
internal_value=0 0.109041 0.365854 0.212534 -0.12712 0.0577999 0.0246077 -0.0156689 -0.0989331 0.0557004 0.179688 -0.0396671 -0.0489666 0.164347 0.216222 0.312925 0.159045 0.0956206 -0.112105 -0.180759 -0.0317269 -0.0904041 -0.199485 -0.0779946 -0.0451638 -0.129683 -0.247474 -0.291209 -0.23885 -0.0964774
internal_weight=0 505 84 48 364 421 321 247 114 133 55 90 175 100 78 43 74 54 67 47 78 55 189 155 119 77 112 73 49 99
internal_count=869 505 84 48 364 421 321 247 114 133 55 90 175 100 78 43 74 54 67 47 78 55 189 155 119 77 112 73 49 99
is_linear=0
shrinkage=0.05


Tree=33
num_leaves=31
num_cat=0
split_feature=0 0 13 14 12 10 13 7 8 6 10 3 0 5 6 8 13 7 12 5 8 12 5 0 3 13 9 1 13 1
split_gain=4258.89 2399.01 1017.06 743.162 557.05 664.992 1543.35 592.622 1013.4 512.037 485.544 485.348 414.982 539.004 496.726 416.436 413.8 457.27 233.835 213.842 257.068 204.092 183.437 179.493 162.829 113.005 95.4196 154.012 87.4958 56.4829
threshold=28.012500000000006 60.362500000000004 9.5500000000000025 1.0500000000000003 26.750000000000004 11.500000000000002 10.250000000000002 64.654166666666669 45.948541666666678 52.06430555555557 10.500000000000002 10.750000000000002 48.827083333333341 32.647916666666674 33.794027777777792 51.952361111111124 10.350000000000003 43.082738095238106 26.650000000000002 29.827083333333338 45.558472222222214 29.850000000000005 26.880059523809532 39.281250000000007 13.750000000000002 13.250000000000002 4.5000000000000009 23.741666666666671 15.750000000000002 32.743750000000006
decision_type=2 2 2 2 2 2 2 10 8 10 2 2 2 10 10 10 2 10 2 10 10 2 8 2 2 2 2 2 2 2
left_child=3 4 -3 16 5 7 -7 8 -2 -4 -9 -10 13 19 -15 -16 -1 22 25 20 -6 -19 28 -17 -20 -5 27 -26 29 -18
right_child=1 2 9 18 12 6 -8 10 11 -11 -12 -13 -14 14 15 23 17 21 24 -21 -22 -23 -24 -25 26 -27 -28 -29 -30 -31
leaf_value=0.12599544833446372 0.062540324713502612 0.61483777952194218 0.34788967294467465 -0.17481543156007928 -0.086755717946932875 0.20089619691882815 -0.3661418608256749 -0.052492446624315708 0.57464084501067803 0.043286577002568681 0.22333787348535328 0.24113582372665407 -0.19487372090419133 0.24954080239341067 -0.1407457354068756 0.020168662309646607 -0.11859042966365814 -0.062052382741655622 -0.059073006801116157 -0.16772072152234616 0.12400705556020789 0.15138685333852966 -0.27545547749847177 0.21599044366316364 -0.1258809506520629 -0.29625461916878537 -0.10223885083740408 -0.31203305017948152 -0.17236319145848675 -0.012305095911026001
leaf_weight=29 35 25 37 30 39 28 21 39 24 22 27 20 24 37 25 25 25 21 39 32 23 24 20 22 20 53 22 25 31 25
leaf_count=29 35 25 37 30 39 28 21 39 24 22 27 20 24 37 25 25 25 21 39 32 23 24 20 22 20 53 22 25 31 25
internal_value=0 0.103589 0.347562 -0.120764 0.0549099 0.117124 -0.0421201 0.170937 0.263329 0.234309 0.0603472 0.423048 0.00174022 0.0249852 0.100646 0.02413 -0.0465183 -0.0807847 -0.189511 -0.0627487 -0.00856953 0.0517819 -0.139849 0.11183 -0.140298 -0.252361 -0.187578 -0.229299 -0.106366 -0.0654478
internal_weight=0 505 84 364 421 194 49 145 79 59 66 44 227 203 109 72 175 146 189 94 62 45 101 47 106 83 67 45 81 50
internal_count=869 505 84 364 421 194 49 145 79 59 66 44 227 203 109 72 175 146 189 94 62 45 101 47 106 83 67 45 81 50
is_linear=0
shrinkage=0.05


Tree=34
num_leaves=31
num_cat=0
split_feature=0 0 0 1 3 1 1 6 2 10 14 2 0 1 8 2 12 10 12 8 9 2 6 2 1 2 5 1 14 9
split_gain=3844.33 1498.61 1144.23 951.768 880.839 832.071 740.345 496.723 419.859 982.449 405.98 389.017 382.318 365.611 520.128 365.39 729.02 460.095 315.904 309.974 313.829 285.284 246.434 197.574 230.651 138.757 184.23 122.332 116.645 94.6974
threshold=37.768750000000004 60.362500000000004 21.772916666666671 85.885416666666671 10.350000000000003 102.37708333333337 63.962499999999999 53.599583333333349 24.350000000000005 11.500000000000002 0.15000000000000005 24.450000000000003 18.952083333333338 73.035416666666677 60.669583333333343 32.95000000000001 33.850000000000001 9.5000000000000018 27.050000000000004 49.5213888888889 3.5000000000000004 35.550000000000004 28.955208333333335 27.150000000000002 23.741666666666671 26.150000000000002 18.557738095238097 54.495833333333344 8.9000000000000021 3.5000000000000004
decision_type=2 2 2 2 2 2 2 10 2 2 2 2 2 2 10 2 2 2 2 10 2 2 8 2 2 2 10 2 2 2
left_child=2 4 10 -3 7 -5 18 11 9 -4 12 27 -1 -8 -15 17 -17 19 -6 22 -21 -18 -10 25 -25 28 -27 -2 -12 -26
right_child=1 3 8 5 6 -7 13 -9 15 -11 23 -13 -14 14 -16 16 21 -19 -20 20 -22 -23 -24 24 29 26 -28 -29 -30 -31
leaf_value=0.074121385619439414 0.1530722464833941 0.52452484625909068 0.3661411707815917 -0.061889119595289234 -0.28676269778183533 0.36036771642310278 0.28169719690368294 0.41850963930288954 -0.097858506899284228 -0.074887744230883457 -0.10115972327465123 -0.0070611188809076957 -0.17250261242190998 -0.12345666609428547 0.17245493242234897 0.31309084768096607 -0.17214221025563101 0.091454462001198222 -0.04396129604932425 -0.31205317380613296 -0.058252352476119998 0.085502949427990693 0.072683230574641919 -0.0036950448602437974 -0.27062584456233751 -0.21966334141981908 -0.40335277148655485 0.32585779041051866 -0.25828029431757477 -0.12218536700714717
leaf_weight=33 21 36 23 20 21 28 21 21 87 28 27 27 30 27 33 21 22 38 37 29 21 21 28 25 21 39 21 20 21 22
leaf_count=33 21 36 23 20 21 28 21 21 87 28 27 27 30 27 33 21 22 38 37 29 21 21 28 25 21 39 21 20 21 22
internal_value=0 0.149647 -0.0695755 0.330183 0.0831336 0.184427 0.00449453 0.205952 -0.0074478 0.124008 -0.152239 0.140309 -0.0433186 0.10214 0.0392947 -0.0325573 0.0716147 -0.0653997 -0.131872 -0.101524 -0.205457 -0.0463155 -0.0563353 -0.191228 -0.124465 -0.233264 -0.283955 0.237358 -0.1699 -0.19468
internal_weight=0 312 557 84 228 48 139 89 318 51 239 68 63 81 60 267 64 203 58 165 50 43 115 176 68 108 60 41 48 43
internal_count=869 312 557 84 228 48 139 89 318 51 239 68 63 81 60 267 64 203 58 165 50 43 115 176 68 108 60 41 48 43
is_linear=0
shrinkage=0.05


Tree=35
num_leaves=31
num_cat=0
split_feature=0 13 14 3 12 5 3 1 8 7 14 8 2 12 7 5 12 2 0 13 8 1 2 12 7 13 5 8 3 5
split_gain=3399.17 1509.89 1305.84 888.225 688.715 533.318 504.01 554.972 1186.71 498.757 538.575 567.127 390.594 527.76 480.778 405.467 501.7 372.933 404.405 304.269 299.117 283.964 270.364 249.656 385.521 220.889 158.988 255.688 150.405 117.491
threshold=60.362500000000004 10.550000000000002 2.1500000000000008 10.65 27.750000000000004 63.28660714285715 10.250000000000002 49.347916666666677 64.694861111111123 35.500595238095244 0.55000000000000016 50.993680555555564 36.650000000000013 27.150000000000002 61.37916666666667 35.31666666666667 34.150000000000013 25.150000000000002 35.341666666666676 14.250000000000002 24.660763888888891 36.108333333333341 30.850000000000005 28.850000000000005 50.236309523809531 11.850000000000003 25.246428571428577 32.147430555555552 10.15 14.388392857142859
decision_type=2 2 2 2 2 10 2 2 10 10 2 10 2 2 10 10 2 2 2 2 8 2 2 2 8 2 8 10 2 10
left_child=2 5 3 4 6 -2 7 21 -9 26 12 -12 13 17 15 16 19 18 -11 22 -4 -1 -15 24 25 -22 27 -5 -3 -27
right_child=1 28 20 9 -6 -7 -8 8 -10 10 11 -13 -14 14 -16 -17 -18 -19 -20 -21 23 -23 -24 -25 -26 29 -28 -29 -30 -31
leaf_value=0.11720655147845929 0.33232400643825533 0.16275979793071749 0.032467019363589915 -0.20696524499605098 -0.13438566923141479 0.67411653598149623 0.35394352066516876 0.43272998297008974 -0.060806351332437426 0.15060683377087117 -0.0039249510002823977 0.34542678269956795 -0.24384947486221789 0.069581885422979092 0.2017780116862721 -0.20050008928572594 -0.14755840494676872 -0.23789034111159191 -0.1284547601599951 -0.010844057053327562 -0.034944278351031248 -0.10855409562587739 0.32645085144788033 -0.0066534637163082767 -0.38523437067866328 -0.071303946375846861 -0.21588864354668438 0.0075212263248183517 -0.021199897229671479 -0.20363165612507148
leaf_weight=26 25 25 23 24 25 21 25 29 21 20 26 21 20 21 36 22 27 35 37 32 32 30 20 24 20 20 37 33 20 104
leaf_count=26 25 25 23 24 25 21 25 29 21 20 26 21 20 21 36 22 27 35 37 32 32 30 20 24 20 20 37 33 20 104
internal_value=0 0.286918 -0.0357903 0.00452436 0.106102 0.48836 0.151997 0.104368 0.225445 -0.0340307 -0.00403713 0.152168 -0.0312285 -0.0142188 0.0412162 -0.00616272 0.0365915 -0.109422 -0.0305384 0.104702 -0.138294 -0.00373665 0.194884 -0.157932 -0.178561 -0.152064 -0.135179 -0.0827889 0.0809999 -0.182288
internal_weight=0 91 790 567 156 46 131 106 50 411 317 47 270 250 158 122 100 92 57 73 223 56 41 200 176 156 94 57 45 124
internal_count=881 91 790 567 156 46 131 106 50 411 317 47 270 250 158 122 100 92 57 73 223 56 41 200 176 156 94 57 45 124
is_linear=0
shrinkage=0.05


Tree=36
num_leaves=31
num_cat=0
split_feature=0 5 14 1 7 10 2 7 10 13 10 4 4 8 13 2 7 12 1 0 13 2 5 8 4 5 13 8 6 10
split_gain=3067.75 1364.44 1178.52 1057 698.076 501.628 839.937 783.369 565.013 486.917 428.407 410.072 625.402 366.874 304.43 555.521 524.28 362.884 278.397 485.893 299.948 242.406 209.582 197.505 367.464 146.253 136.604 107.044 88.5754 137.655
threshold=60.362500000000004 63.28660714285715 2.1500000000000008 72.470833333333346 39.918452380952388 11.500000000000002 21.550000000000004 45.917559523809537 4.5000000000000009 10.850000000000003 10.500000000000002 0.45000000000000007 1.9500000000000002 66.610486111111115 12.550000000000002 30.750000000000004 52.604761904761908 33.45000000000001 51.085416666666667 28.012500000000006 11.850000000000003 22.950000000000003 45.557142857142864 36.902013888888895 0.25000000000000006 26.034523809523812 15.750000000000002 28.97472222222223 27.638819444444447 7.5000000000000009
decision_type=2 10 2 2 10 2 2 10 2 2 2 2 2 10 2 2 10 2 2 2 2 2 10 8 2 10 2 8 10 2
left_child=2 3 4 -2 9 6 -6 8 -8 21 11 13 -13 14 16 -16 -9 -17 19 20 -4 -1 -18 24 -11 26 -25 -22 29 -29
right_child=1 -3 18 -5 5 -7 7 10 -10 23 -12 12 -14 -15 15 17 22 -19 -20 -21 27 -23 -24 25 -26 -27 -28 28 -30 -31
leaf_value=0.18434887705814273 0.41589958667755128 0.52325462891775021 -0.003104740311391652 -0.03525895752214097 0.36221036883917723 -0.13042420833497434 0.4330472010374069 0.2708129860815548 0.079557605059101033 0.1071965296160091 0.19138687931258103 0.29135633492469787 -0.07416884472424333 -0.24720615535974502 -0.23888347481980043 0.11643485685848204 0.079433139674365522 -0.102153881935355 -0.28860121816396717 0.094516122102737438 -0.093855083684408758 -0.028340254683752321 -0.14672609028362094 -0.031217510874072714 -0.15825655953958631 -0.2468973353907869 -0.20583727210760117 -0.2905343450032748 -0.11832066553610343 -0.16008194468560674
leaf_weight=21 20 34 32 37 22 37 20 21 26 22 29 25 22 20 34 37 20 39 25 25 33 37 21 24 32 37 21 39 27 42
leaf_count=21 20 34 32 37 22 37 20 21 26 22 29 25 22 20 34 37 20 39 25 25 33 37 21 24 32 37 21 39 27 42
internal_value=0 0.272572 -0.0340007 0.123042 0.00429815 0.0443089 0.0635503 0.0426251 0.233249 -0.0726297 0.00990607 -0.0121146 0.120259 -0.0445187 -0.0209504 -0.0708905 0.067653 0.00426432 -0.13138 -0.111528 -0.141304 0.0486679 -0.0364045 -0.124359 -0.050109 -0.173256 -0.112707 -0.172668 -0.196749 -0.222892
internal_weight=0 91 790 57 567 373 336 314 46 194 268 239 47 192 172 110 62 76 223 198 173 58 41 136 54 82 45 141 108 81
internal_count=881 91 790 57 567 373 336 314 46 194 268 239 47 192 172 110 62 76 223 198 173 58 41 136 54 82 45 141 108 81
is_linear=0
shrinkage=0.05


Tree=37
num_leaves=31
num_cat=0
split_feature=0 13 14 3 12 9 6 12 5 12 7 14 6 5 7 12 5 2 13 3 1 0 13 13 6 6 13 14 7 10
split_gain=2768.65 1323.77 1063.62 740.311 598.729 541.801 508.648 744.289 550.282 583.501 417.743 464.595 533.785 352.122 472.138 496.57 328.63 304.154 373.024 252.182 251.253 438.519 270.703 215.155 175.273 159.38 147.534 194.401 144.047 155.329
threshold=60.362500000000004 10.550000000000002 2.1500000000000008 10.65 27.750000000000004 3.5000000000000004 38.287013888888893 24.850000000000005 41.526785714285722 22.950000000000003 35.500595238095244 0.55000000000000016 30.732222222222227 37.902976190476203 57.17886904761906 33.850000000000001 33.699404761904766 27.150000000000002 14.250000000000002 15.950000000000001 51.085416666666667 28.012500000000006 11.850000000000003 10.250000000000002 50.670902777777805 39.226944444444456 16.850000000000005 0.25000000000000006 61.37916666666667 3.5000000000000004
decision_type=2 2 2 2 2 2 10 2 10 2 10 2 10 10 10 2 10 2 2 2 2 2 2 2 10 8 2 2 10 2
left_child=2 5 3 4 6 -2 -1 8 -8 -10 25 13 -13 14 15 16 17 -12 -19 -17 21 22 -4 -15 -3 26 27 -5 -25 -30
right_child=1 24 20 10 -6 -7 7 -9 9 -11 11 12 -14 23 -16 19 -18 18 -20 -21 -22 -23 -24 28 -26 -27 -28 -29 29 -31
leaf_value=0.34248357685655356 0.61185378332932794 0.15843897523979347 -0.0029495012247934939 0.053642998119959463 -0.12740892291069031 0.26833403530445965 0.18560478682770876 0.35831763701779501 -0.24292931886962973 0.092050988972187053 -0.072389418738228947 -0.046075975894927984 0.2928506346849295 0.038454367816448211 0.22402633984937617 -0.27339473230683287 -0.11071436623180356 0.29082725965059719 0.037594067869764387 -0.039253420155981315 -0.27417115907371048 0.08979031425714494 -0.16403438959349978 -0.25362815995785326 -0.039357640629722961 -0.245073035075551 -0.19699064985933631 -0.14163233792781832 -0.21031211823225024 -0.032685490977019074
leaf_weight=25 24 24 32 26 25 22 33 21 26 26 21 21 26 20 23 23 27 26 33 23 25 25 141 22 21 21 22 25 20 32
leaf_count=25 24 24 32 26 25 22 33 21 26 26 21 21 26 20 23 23 27 26 33 23 25 25 141 22 21 21 22 25 20 32
internal_value=0 0.258944 -0.0323007 0.00408324 0.0968183 0.447562 0.13961 0.0917622 0.0259073 -0.0754392 -0.0311155 -0.00366575 0.141415 -0.0289206 0.0128088 -0.0189429 0.0401182 0.0910242 0.149188 -0.156324 -0.124811 -0.105952 -0.134238 -0.107052 0.0661339 -0.123685 -0.0887655 -0.0420802 -0.146378 -0.101003
internal_weight=0 91 790 567 156 46 131 106 85 52 411 317 47 270 176 153 107 80 59 46 223 198 173 94 45 94 73 51 74 52
internal_count=881 91 790 567 156 46 131 106 85 52 411 317 47 270 176 153 107 80 59 46 223 198 173 94 45 94 73 51 74 52
is_linear=0
shrinkage=0.05


Tree=38
num_leaves=31
num_cat=0
split_feature=5 9 1 13 14 13 6 2 10 7 3 14 3 12 12 2 8 10 9 7 6 0 0 3 7 13 12 10 12 6
split_gain=2520.06 1360.88 1014.55 1007.57 948.915 658.02 625.542 1019.57 623.981 673.899 610.498 824.017 564.827 481.803 322.229 274.193 246.774 226.105 216.114 259.897 245.147 208.027 204.424 195.897 184.68 179.924 274.513 232.399 139.548 112.339
threshold=54.010714285714293 4.5000000000000009 58.660416666666677 9.7500000000000018 2.1500000000000008 10.250000000000002 42.284583333333337 22.250000000000004 11.500000000000002 40.178273809523816 10.550000000000002 0.55000000000000016 10.250000000000002 26.150000000000002 24.850000000000005 26.850000000000005 24.660763888888891 3.5000000000000004 4.5000000000000009 42.463690476190486 21.320902777777778 35.135416666666671 24.658333333333335 18.450000000000003 21.211011904761907 17.450000000000003 28.650000000000002 3.5000000000000004 33.45000000000001 35.247291666666676
decision_type=10 2 2 2 2 2 10 2 2 10 2 2 2 2 2 2 8 2 2 8 10 2 2 2 10 2 2 2 2 10
left_child=4 2 -2 -4 5 6 7 -1 9 25 -11 13 -8 14 -12 -9 -6 -15 19 22 -20 23 24 28 -18 26 -7 -28 -19 -23
right_child=1 -3 3 -5 16 8 12 15 -10 10 11 -13 -14 17 -16 -17 18 21 20 -21 -22 29 -24 -25 -26 -27 27 -29 -30 -31
leaf_value=0.502508080303669 0.043332894075484504 -0.063617558025851326 0.72416641258058101 0.28367256890324988 0.036060688223527829 -0.14906826939205736 -0.19971679461002351 -0.032382508410284151 -0.25535523867500681 0.24233194990083576 -0.047644334534804031 0.22736403933829732 0.1301035977072186 0.15199239055315655 -0.31256396458907565 0.19724639333211458 -0.049683778733015063 0.067319542996585366 -0.19288243732669139 -0.28898155331611636 0.014913801662623884 -0.018440946510859899 0.0038227227601138032 0.16894267164170743 -0.21341005553354006 -0.18725675607100131 0.11484100113489799 -0.088873893128974105 -0.099742359219118948 -0.17839232126007909
leaf_weight=20 21 29 21 34 23 49 25 26 28 32 24 36 27 24 22 26 24 25 22 35 40 21 22 20 61 40 28 28 25 23
leaf_count=20 21 29 21 34 23 49 25 26 28 32 24 36 27 24 22 26 24 25 22 35 40 21 22 20 61 40 28 28 25 23
internal_value=0 0.227785 0.338978 0.451861 -0.0332132 0.00234006 0.103681 0.19912 -0.0272278 -0.0111382 0.0382765 0.00859569 -0.0284639 -0.0342068 -0.174345 0.0824319 -0.119199 0.0125059 -0.136704 -0.170709 -0.0588203 -0.0168597 -0.132022 0.0366898 -0.167181 -0.0970175 -0.0626406 0.0129836 -0.0162114 -0.102052
internal_weight=0 105 76 55 776 549 124 72 425 397 252 220 52 184 46 52 227 138 204 142 62 114 107 70 85 145 105 56 50 44
internal_count=881 105 76 55 776 549 124 72 425 397 252 220 52 184 46 52 227 138 204 142 62 114 107 70 85 145 105 56 50 44
is_linear=0
shrinkage=0.05


Tree=39
num_leaves=31
num_cat=0
split_feature=5 9 1 13 10 3 7 12 6 14 13 7 1 2 12 6 4 7 6 12 5 5 7 7 5 7 7 7 7 6
split_gain=2274.35 1228.2 915.629 909.332 882.872 966.931 837.092 908.483 775.658 753.807 486.857 339.391 438.44 332.314 299.785 276.314 274.22 244.739 237.957 411.082 287.116 261.739 227.093 210.449 214.87 140.502 244.766 128.885 127.058 147.574
threshold=54.010714285714293 4.5000000000000009 58.660416666666677 9.7500000000000018 2.5000000000000004 12.050000000000002 52.78660714285715 23.150000000000002 49.595000000000013 1.5500000000000003 12.950000000000001 49.473809523809535 47.537500000000009 32.650000000000013 28.250000000000004 36.363611111111119 1.0000000180025095e-35 29.650297619047624 34.802013888888894 25.050000000000004 34.678571428571431 27.22291666666667 50.959821428571438 46.785119047619055 26.436309523809527 21.211011904761907 25.106845238095243 30.520535714285717 29.972023809523815 28.439583333333342
decision_type=10 2 2 2 2 2 10 2 10 2 2 10 2 2 2 10 2 10 8 2 10 10 10 8 10 10 10 10 8 10
left_child=4 2 -2 -4 5 6 7 -1 9 10 17 12 13 28 23 16 -13 -6 20 22 21 -19 -20 24 25 -11 -27 -28 -12 -30
right_child=1 -3 3 -5 8 -7 -8 -9 -10 14 11 15 -14 -15 -16 -17 -18 18 19 -21 -22 -23 -24 -25 -26 26 27 -29 29 -31
leaf_value=0.099015771491186955 0.041166246788842342 -0.060436679133824237 0.68795808809144166 0.26948893631205845 -0.081280761375091978 -0.1195348724257201 -0.031615487259367241 0.54933388280915096 -0.29233504161238671 -0.051508724816927788 -0.014081115308015243 -0.0057309148066184102 -0.26066068312333479 0.076561130935119265 0.0217007861950913 -0.091216530837118628 0.20556777641842411 0.21351203052770523 0.036000242233276372 -0.088510766212601927 0.31512348211946944 -0.036125423227037705 0.26204424291849138 -0.26028821574790134 0.023083882570266723 -0.2643399235338737 -0.041561998178561529 -0.17121216749272697 -0.066996076962222234 -0.24423318579792977
leaf_weight=21 21 29 21 34 24 32 23 24 32 38 23 34 31 36 37 32 28 21 25 37 21 21 20 28 25 39 36 41 23 24
leaf_count=21 21 29 21 34 24 32 23 24 32 38 23 34 31 36 37 32 28 21 25 37 21 21 20 28 25 39 36 41 23 24
internal_value=0 0.216396 0.322029 0.429268 -0.0315526 0.107111 0.213767 0.339185 -0.0520649 -0.040126 0.00212358 -0.0450586 -0.0952602 -0.0468884 -0.109388 0.0281076 0.0896943 0.0666152 0.0910945 0.0349511 0.16417 0.0886933 0.136464 -0.132819 -0.112879 -0.134951 -0.162286 -0.110597 -0.110377 -0.1575
internal_weight=0 105 76 55 776 100 68 45 676 644 400 231 137 106 244 94 62 169 145 82 63 42 45 207 179 154 116 77 70 47
internal_count=881 105 76 55 776 100 68 45 676 644 400 231 137 106 244 94 62 169 145 82 63 42 45 207 179 154 116 77 70 47
is_linear=0
shrinkage=0.05


Tree=40
num_leaves=31
num_cat=0
split_feature=13 10 14 12 1 8 1 0 7 5 13 9 9 10 1 12 0 1 8 8 8 7 7 12 13 1 1 5 7 3
split_gain=2223.95 1164.9 1115.9 828.196 1054.69 865.249 783.867 650.507 629.678 553.965 469.551 414.993 411.419 1266.24 324.384 477.082 335.398 262.769 234.846 205.693 487.025 192.01 301.966 163.712 180.276 111.232 224.178 190.188 239.034 144.569
threshold=10.350000000000003 1.5000000000000002 1.0000000180025095e-35 20.450000000000003 67.737500000000011 41.641527777777789 94.772916666666688 50.693750000000016 39.918452380952388 56.542261904761908 9.3500000000000032 3.5000000000000004 3.5000000000000004 4.5000000000000009 67.904166666666683 30.650000000000002 31.87916666666667 38.766666666666673 54.97173611111112 45.772083333333335 31.453402777777782 38.288392857142867 36.101785714285725 33.550000000000004 14.750000000000002 21.100000000000001 23.883333333333336 15.57291666666667 30.520535714285717 13.750000000000002
decision_type=2 2 2 2 2 10 2 2 10 10 2 2 2 2 2 2 2 2 10 10 10 10 10 2 2 2 2 8 8 2
left_child=2 -2 3 -1 5 -5 7 8 21 -6 18 -9 14 -14 15 17 -17 -10 -7 20 -4 22 25 24 -15 -3 -27 -28 29 -29
right_child=1 6 19 4 9 10 -8 11 12 -11 -12 -13 13 23 -16 16 -18 -19 -20 -21 -22 -23 -24 -25 -26 26 27 28 -30 -31
leaf_value=-0.056530870276468775 0.23742071723236757 -0.16498242865634871 0.061383915841579442 0.4370156415871212 0.24490879766643048 0.077341833114624031 0.23023979785767468 -0.12742717245529439 -0.03571415601865105 0.59492523068418868 0.20331988058782913 -0.42348341673612594 0.31335593465094769 0.071326281343187609 0.10937101581692697 0.11365984267710399 -0.11482452863249287 -0.24057605157093126 -0.1649626660346985 0.077231541134062276 -0.2833729280957154 -0.24588923851648967 0.057036815051521576 -0.1636103798945745 -0.1065941062445442 0.05981265441292808 -0.25405745357275011 0.078648989655077467 -0.15106719312060513 -0.099304640860784624
leaf_weight=27 34 79 20 21 20 20 22 29 23 26 37 20 36 35 25 36 29 49 20 21 21 24 28 21 24 21 21 25 66 21
leaf_count=27 34 79 20 21 20 20 22 29 23 26 37 20 36 35 25 36 29 49 20 21 21 24 28 21 24 21 21 25 66 21
internal_value=0 -0.0477014 0.131701 0.197589 0.245236 0.152528 -0.0629918 -0.0735328 -0.0583251 0.442744 0.0749405 -0.248266 -0.00478553 0.0670962 -0.0562564 -0.0864804 0.0117207 -0.175134 -0.0438104 -0.0500208 -0.115199 -0.11055 -0.0981047 -0.0437207 -0.00104811 -0.116748 -0.0920049 -0.115976 -0.0900858 -0.00259071
internal_weight=0 668 233 171 144 98 634 612 563 46 77 49 278 116 162 137 65 72 40 62 41 285 261 80 59 233 154 133 112 46
internal_count=901 668 233 171 144 98 634 612 563 46 77 49 278 116 162 137 65 72 40 62 41 285 261 80 59 233 154 133 112 46
is_linear=0
shrinkage=0.05


Tree=41
num_leaves=31
num_cat=0
split_feature=13 10 14 12 1 8 1 0 7 5 13 9 9 10 1 12 0 1 8 8 8 7 7 7 12 3 12 13 6 12
split_gain=2007.11 1051.32 1007.1 747.447 951.857 780.888 707.44 587.083 568.284 499.953 423.77 374.531 371.306 1142.79 292.756 430.567 302.696 237.149 211.948 185.638 439.54 173.289 275.487 165.113 205.805 149.341 335.498 143.833 128.028 108.925
threshold=10.350000000000003 1.5000000000000002 1.0000000180025095e-35 20.450000000000003 67.737500000000011 41.641527777777789 94.772916666666688 50.693750000000016 39.918452380952388 56.542261904761908 9.3500000000000032 3.5000000000000004 3.5000000000000004 4.5000000000000009 67.904166666666683 30.650000000000002 31.87916666666667 38.766666666666673 54.97173611111112 45.772083333333335 31.453402777777782 38.288392857142867 35.340773809523817 30.520535714285717 28.150000000000002 17.150000000000002 32.050000000000004 14.450000000000001 28.229583333333334 25.950000000000003
decision_type=2 2 2 2 2 10 2 2 10 10 2 2 2 2 2 2 2 2 10 10 10 10 10 8 2 2 2 2 10 2
left_child=2 -2 3 -1 5 -5 7 8 21 -6 18 -9 14 -14 15 17 -17 -10 -7 20 -4 22 23 24 -3 26 -15 -24 -25 -19
right_child=1 6 19 4 9 10 -8 11 12 -11 -12 -13 13 25 -16 16 -18 29 -20 -21 -22 -23 27 28 -26 -27 -28 -29 -30 -31
leaf_value=-0.05370433451952758 0.22554968244889204 -0.11043143627398155 0.058314721994102009 0.41516485796088265 0.23266335710883143 0.073474742695689196 0.21872780770063402 -0.12105582233132989 -0.033928445467482443 0.56517897013288276 0.1931538854499121 -0.402309248149395 0.29768813453200788 0.0063440027989839255 0.10390246927738189 0.10797685153342576 -0.10908330195936665 -0.31113320164043801 -0.1567145299911499 0.073369961409341725 -0.26920428198008312 -0.23359478289882341 0.12175558239221573 -0.11579478708180516 0.057746414591868724 0.072972111900647493 -0.24267906362102148 -0.065599708188147782 -0.2585117340212067 -0.16125498447153305
leaf_weight=27 34 136 20 21 20 20 22 29 23 26 37 20 36 38 25 36 29 22 20 21 21 24 20 33 21 21 21 21 30 27
leaf_count=27 34 136 20 21 20 20 22 29 23 26 37 20 36 38 25 36 29 22 20 21 21 24 20 33 21 21 21 21 30 27
internal_value=0 -0.0453163 0.125116 0.187709 0.232974 0.144902 -0.0598423 -0.0698562 -0.0554089 0.420607 0.0711935 -0.235853 -0.00454625 0.0637414 -0.0534436 -0.0821563 0.0111346 -0.166377 -0.0416199 -0.0475198 -0.109439 -0.105022 -0.0931995 -0.115375 -0.0879363 -0.0415347 -0.0822913 0.0257931 -0.183755 -0.228547
internal_weight=0 668 233 171 144 98 634 612 563 46 77 49 278 116 162 137 65 72 40 62 41 285 261 220 157 80 59 41 63 49
internal_count=901 668 233 171 144 98 634 612 563 46 77 49 278 116 162 137 65 72 40 62 41 285 261 220 157 80 59 41 63 49
is_linear=0
shrinkage=0.05


Tree=42
num_leaves=31
num_cat=0
split_feature=13 10 14 13 1 2 3 1 0 10 2 5 7 8 6 14 3 6 14 13 8 7 7 8 8 3 0 5 7 7
split_gain=1811.42 948.817 908.909 696.589 1249.9 738.074 771.156 638.464 570.038 553.951 537.588 410.427 512.893 416.881 350.612 448.516 339.919 322.689 306.076 289.332 219.303 186.19 278.002 167.538 396.685 167.003 159.16 258.208 140.926 144.204
threshold=10.350000000000003 1.5000000000000002 1.0000000180025095e-35 8.6500000000000004 80.254166666666677 23.750000000000004 11.15 94.772916666666688 34.368750000000013 11.500000000000002 24.550000000000004 46.729166666666679 39.918452380952388 58.920138888888893 28.439583333333342 1.0000000180025095e-35 12.850000000000003 32.768819444444446 1.0000000180025095e-35 14.050000000000002 47.667500000000011 38.288392857142867 35.340773809523817 45.772083333333335 31.453402777777782 13.15 29.547916666666676 36.410714285714292 25.93214285714286 29.972023809523815
decision_type=2 2 2 2 2 2 2 2 2 2 2 10 10 10 8 2 2 10 2 2 10 10 10 10 10 2 2 10 10 10
left_child=2 -2 3 -1 5 8 -7 9 -5 10 -3 12 21 14 19 16 -16 -17 -15 -14 -10 22 25 24 -4 28 -18 -28 -12 -30
right_child=1 7 23 4 -6 6 -8 -9 20 -11 11 -13 13 18 15 17 26 -19 -20 -21 -22 -23 -24 -25 -26 -27 27 -29 29 -31
leaf_value=0.36398223508626987 0.21427219790570878 0.15109466890494028 0.055398983992636208 0.15988661646842958 0.44177397364377979 0.39731864246229331 -0.023066124916076663 0.20779142298481684 -0.052897121689536357 -0.26561984419822693 -0.14226162775379161 -0.24298914892058218 0.052100001009447242 -0.28027355678024746 0.18823663096874954 0.34412397926761989 -0.14051981757360477 0.080603437526867938 -0.013404743000864984 -0.16220267767914467 -0.27879174053668976 -0.23240599989891053 0.033364901557946823 0.069701463835580013 -0.25574406668366423 -0.14074614998078186 0.13827216873566311 -0.11275575488805772 0.10799902647733689 -0.081871694475412371
leaf_weight=39 34 30 20 20 25 24 20 22 22 33 23 31 28 21 20 21 27 26 22 36 21 25 39 21 21 149 21 20 20 20
leaf_count=39 34 30 20 20 25 24 20 22 22 33 23 31 28 21 20 21 27 26 22 36 21 25 39 21 21 149 21 20 20 20
internal_value=0 -0.0430505 0.11886 0.178324 0.12347 0.0490999 0.206235 -0.0568501 -0.0606449 -0.0663634 -0.0550068 -0.0662692 -0.0556933 -0.00256014 0.0279452 0.0736414 0.00703748 0.198347 -0.143736 -0.0684453 -0.163218 -0.102281 -0.0893204 -0.0451438 -0.103967 -0.11189 -0.0462564 0.0158195 -0.0436424 0.0130637
internal_weight=0 668 233 171 132 107 44 634 63 612 579 549 518 242 199 135 88 47 43 64 43 276 251 62 41 212 68 41 63 40
internal_count=901 668 233 171 132 107 44 634 63 612 579 549 518 242 199 135 88 47 43 64 43 276 251 62 41 212 68 41 63 40
is_linear=0
shrinkage=0.05


Tree=43
num_leaves=31
num_cat=0
split_feature=13 1 10 3 1 10 1 2 6 10 2 1 5 7 8 6 14 3 14 13 6 7 7 6 5 3 4 2 1 2
split_gain=1634.81 862.729 856.307 740.035 576.214 571.714 523.085 827.608 1225.26 499.941 485.173 380.563 370.41 462.886 376.235 321.843 448.416 306.777 276.234 195.812 183.413 168.037 250.897 165.676 279.275 150.72 138.939 121.362 120.102 91.6638
threshold=10.350000000000003 46.010416666666664 1.5000000000000002 10.050000000000002 94.772916666666688 1.5000000000000002 56.939583333333353 22.350000000000005 40.480486111111112 11.500000000000002 24.550000000000004 33.26250000000001 46.729166666666679 39.918452380952388 58.920138888888893 28.439583333333342 1.0000000180025095e-35 12.850000000000003 1.0000000180025095e-35 14.050000000000002 33.301458333333336 38.288392857142867 35.340773809523817 44.359861111111115 28.209821428571434 13.15 2.3500000000000001 32.550000000000004 36.3125 34.750000000000007
decision_type=2 2 2 2 2 2 2 2 10 2 2 2 10 10 10 10 2 2 2 2 10 10 10 10 10 2 2 2 2 2
left_child=1 3 -2 11 9 -3 -7 -8 -9 10 -4 -1 13 21 15 19 17 -17 -16 -15 -18 22 25 24 -5 26 -12 -19 -27 -29
right_child=2 5 4 23 -6 6 7 8 -10 -11 12 -13 -14 14 18 16 20 27 -20 -21 -22 -23 -24 -25 -26 28 -28 29 -30 -31
leaf_value=0.3308389121294022 0.20355858872918522 -0.025072277675975453 0.14353993649284044 -0.028665625816211106 0.19740184335546063 0.45988804710408049 -0.074640364661103201 -0.015257022678852081 0.4779465038329363 -0.25233884810498269 -0.10787393061710256 0.040730217443062711 -0.23083969974710095 0.035143076088921775 -0.26625987830616177 0.17882479686290026 0.31400583505630497 -0.12378118304269654 -0.012734507159753281 -0.13737573376611661 0.10898827699323495 -0.22078569853305818 0.031696656040656267 0.025756867974996569 -0.27529674660075798 -0.11502519048105075 0.041556790471076965 0.087632813677191737 -0.24156447215513752 -0.063747299434617169
leaf_weight=20 34 22 30 24 22 24 21 20 34 33 35 26 31 29 21 20 20 28 22 38 24 25 39 20 22 127 28 20 22 20
leaf_count=20 34 22 30 24 22 24 21 20 34 33 35 26 31 29 21 20 20 28 22 38 24 25 39 20 22 127 28 20 22 20
internal_value=0 0.112917 -0.040898 0.0129143 -0.0540076 0.205482 0.256716 0.191701 0.295279 -0.0630452 -0.0522565 0.166864 -0.0629557 -0.0529086 -0.00243214 0.0265479 0.0718498 0.0066856 -0.136549 -0.0627034 0.202178 -0.097167 -0.0848544 -0.0943843 -0.14662 -0.106295 -0.0414603 -0.0439436 -0.133709 0.0119428
internal_weight=0 233 668 112 634 121 99 75 54 612 579 46 549 518 242 199 132 88 43 67 44 276 251 66 46 212 63 68 149 40
internal_count=901 233 668 112 634 121 99 75 54 612 579 46 549 518 242 199 132 88 43 67 44 276 251 66 46 212 63 68 149 40
is_linear=0
shrinkage=0.05


Tree=44
num_leaves=31
num_cat=0
split_feature=13 1 10 3 0 1 10 0 1 0 7 8 9 10 14 6 7 5 1 6 5 12 13 2 7 7 8 13 2 2
split_gain=1475.41 778.613 772.817 667.882 623.276 520.033 515.972 515.561 472.084 963.217 436.874 340.75 304.398 983.981 242.996 295.423 540.938 353.459 173.248 149.523 252.046 142.918 159.122 132.72 125.463 213.215 100.131 109.202 143.87 248.172
threshold=10.350000000000003 46.010416666666664 1.5000000000000002 10.050000000000002 31.650000000000009 94.772916666666688 1.5000000000000002 50.693750000000016 56.939583333333353 60.362500000000004 39.918452380952388 56.830763888888889 3.5000000000000004 4.5000000000000009 1.7500000000000002 31.11493055555556 63.755654761904765 37.752083333333339 72.470833333333346 44.359861111111115 28.209821428571434 33.550000000000004 14.750000000000002 32.95000000000001 38.288392857142867 36.101785714285725 48.114791666666669 18.950000000000003 25.950000000000003 27.150000000000002
decision_type=2 2 2 2 2 2 2 2 2 2 10 10 2 2 2 10 10 10 2 10 10 2 2 2 10 10 10 2 2 2
left_child=1 3 -2 4 -1 7 -3 10 -8 18 24 -9 14 -14 15 -12 17 23 -10 20 -5 22 -15 -17 25 26 27 28 -4 -30
right_child=2 6 5 19 -6 -7 8 11 9 -11 12 -13 13 21 -16 16 -18 -19 -20 -21 -22 -23 -24 -25 -26 -27 -28 -29 29 -31
leaf_value=0.36836829304695135 0.19338066367542042 -0.023818665878339251 0.054507080713907877 -0.027232346031814816 -0.0028996198796308959 0.18753175955604426 0.43689364120364194 -0.075261770124020799 -0.060137868964153789 0.40157202964027727 0.095600068301726626 -0.33946333940212547 0.27715539260663918 0.070249619015625542 -0.19657290492044843 -0.13832797695850504 0.11983616219035216 -0.31180604611124313 0.13612378077073531 0.024469025284051898 -0.26153190732002257 -0.14963377345175971 -0.096906339998046556 0.024531366337429396 -0.19925545584410431 0.05056910738348961 -0.19450359195470812 -0.16388156927294203 -0.15531830122505411 -0.027342354967480616
leaf_weight=20 34 22 21 24 26 22 24 23 23 30 39 26 36 35 23 29 28 21 22 20 22 21 24 22 24 28 23 36 69 84
leaf_count=20 34 22 21 24 26 22 24 23 23 30 39 26 36 35 23 29 28 21 22 20 22 21 24 22 24 28 23 36 69 84
internal_value=0 0.107271 -0.0388531 0.0122686 0.158521 -0.0513072 0.195208 -0.059893 0.24388 0.182116 -0.0463542 -0.21545 -0.00175842 0.0600713 -0.0460315 -0.0211218 -0.0666434 -0.139163 0.0358123 -0.0896651 -0.139289 -0.0376166 0.00225397 -0.0680749 -0.0898547 -0.0797949 -0.0954609 -0.0846134 -0.0682131 -0.085057
internal_weight=0 233 668 112 46 634 121 612 99 75 563 49 278 116 162 139 100 72 45 66 46 80 59 51 285 261 233 210 174 153
internal_count=901 233 668 112 46 634 121 612 99 75 563 49 278 116 162 139 100 72 45 66 46 80 59 51 285 261 233 210 174 153
is_linear=0
shrinkage=0.05


Tree=45
num_leaves=31
num_cat=0
split_feature=0 2 8 1 10 6 6 8 13 10 0 9 13 10 8 8 7 13 10 7 13 3 2 13 1 1 6 3 0 13
split_gain=1644 757.947 625.06 661.913 623.714 609.546 607.196 598.576 878.358 518.382 500.754 526.029 457.147 384.642 362.64 356.889 258.35 428.343 451.176 288.074 257.338 255.982 236.837 217.915 186.543 234.085 133.386 104.252 156.855 113.029
threshold=42.433333333333344 24.250000000000004 41.070069444444435 104.6375 11.500000000000002 48.312847222222224 48.518472222222236 84.288263888888892 10.550000000000002 9.5000000000000018 45.889583333333334 3.5000000000000004 9.4500000000000011 5.5000000000000009 46.158402777777773 50.826458333333342 55.6092261904762 12.350000000000003 5.5000000000000009 48.641964285714295 13.950000000000001 11.950000000000001 26.650000000000002 16.650000000000002 43.847916666666677 38.881250000000001 29.028055555555557 14.750000000000002 20.481250000000003 15.250000000000002
decision_type=2 2 10 2 2 10 10 10 2 2 2 2 2 2 10 10 8 2 2 10 2 2 2 2 2 2 8 2 2 2
left_child=1 5 -2 4 6 14 10 8 -8 12 -4 15 -3 -13 -1 -12 17 18 -14 24 -18 -20 -11 -22 25 27 -27 29 -29 -19
right_child=2 9 3 -5 -6 -7 7 -9 -10 22 11 13 16 -15 -16 -17 20 19 21 -21 23 -23 -24 -25 -26 26 -28 28 -30 -31
leaf_value=0.073404064064934146 0.36461775665697843 -0.26994697063096934 0.23452512818303975 0.35085951899262996 -0.19586988268863589 -0.048115061389075391 0.56083346247673038 -0.015928967297077181 0.1200928426705874 -0.014995558001101018 0.22868213934654538 -0.3128574311733246 0.1805351073216451 -0.0064737010002136235 0.35524687552452089 -0.044944858644157648 -0.291147632016377 -0.10161479429969954 -0.16159185447171331 0.045478301685909897 0.042320787403732546 0.056732506998654064 0.18055337357024354 -0.16806931640021505 -0.20340200916809192 -0.060327699461153572 0.11788134958062853 -0.10197192782167502 -0.24734827500322593 0.032080370068550114
leaf_weight=21 23 28 22 22 21 36 20 20 26 32 22 21 38 20 25 26 22 43 25 43 20 29 30 32 34 21 21 96 23 25
leaf_count=21 23 28 22 22 21 36 20 20 26 32 22 21 38 20 25 26 22 43 25 43 20 29 30 32 34 21 21 96 23 25
internal_value=0 -0.0360244 0.116604 0.0906757 0.0617664 0.105982 0.0923334 0.212432 0.311719 -0.0567442 0.0209235 -0.0318768 -0.073654 -0.163402 0.22658 0.0804675 -0.0620095 -0.0460589 0.0485411 -0.0745007 -0.147798 -0.0443436 0.0796249 -0.08715 -0.094117 -0.0778913 0.0287768 -0.101849 -0.13007 -0.0524622
internal_weight=0 644 243 220 198 82 177 66 46 562 111 89 500 41 46 48 472 398 92 306 74 54 62 52 263 229 42 187 119 68
internal_count=887 644 243 220 198 82 177 66 46 562 111 89 500 41 46 48 472 398 92 306 74 54 62 52 263 229 42 187 119 68
is_linear=0
shrinkage=0.05


Tree=46
num_leaves=31
num_cat=0
split_feature=0 10 10 8 1 7 8 13 12 5 13 1 2 1 6 12 5 1 13 8 13 8 13 12 13 12 7 5 4 2
split_gain=1483.71 707.77 613.619 564.117 597.376 580.269 1133.4 568.214 518.438 498.645 461.366 347.381 658.625 615.518 324.664 274.924 449.321 333.928 242.597 368.149 185.726 198.796 158.376 309.705 176.137 169.444 144.551 175.164 143.202 118.386
threshold=42.433333333333344 2.5000000000000004 9.5000000000000018 41.070069444444435 104.6375 81.448809523809544 74.427013888888894 9.3500000000000032 22.550000000000004 42.103571428571435 9.4500000000000011 66.885416666666686 26.950000000000003 78.695833333333354 49.595000000000013 27.150000000000002 30.577380952380953 34.154166666666676 12.450000000000001 46.931458333333346 10.750000000000002 48.551805555555568 18.650000000000002 34.150000000000013 17.250000000000004 32.650000000000013 30.520535714285717 29.69404761904762 9.7000000000000011 30.650000000000002
decision_type=2 2 2 10 2 10 8 2 2 10 2 2 2 2 10 2 8 2 2 8 2 10 2 2 2 2 10 10 2 2
left_child=1 9 10 -2 5 6 7 -5 -9 -1 -3 12 -10 -13 20 16 17 28 19 -17 21 -4 24 29 25 26 -20 -28 -12 -24
right_child=3 2 14 4 -6 -7 -8 8 11 -11 15 13 -14 -15 -16 18 -18 -19 22 -21 -22 -23 23 -25 -26 -27 27 -29 -30 -31
leaf_value=0.26921040180229372 0.34638687634597654 -0.27984898330088565 0.073115068517456014 0.24624627787491371 0.33331654877825218 -0.13271972731207357 0.44980650305747982 -0.22602397657576062 0.36350127369165425 -0.024701253269557601 -0.2036878929130341 -0.21627186083793642 -0.042277276217937476 0.11965204879331093 -0.093227698515962687 0.14876658026325076 -0.33937396481633186 0.06811341238873346 -0.0039620912075042725 -0.10468251402034304 0.02643800942521346 0.2881888725927898 0.0063852521777153018 -0.14857299596071244 -0.20207994511494271 -0.00066203703031395423 -0.21245364653758514 -0.0449091088743164 -0.080790181490518753 0.1784218239784241
leaf_weight=31 23 26 22 29 22 33 20 21 20 27 38 25 20 30 27 38 20 28 25 23 38 21 20 20 26 66 39 26 63 20
leaf_count=31 23 26 22 29 22 33 20 21 20 27 38 25 20 30 27 38 20 28 25 23 38 21 20 20 26 66 39 26 63 20
internal_value=0 -0.0342232 -0.0507139 0.110774 0.0861419 0.0586781 0.0969577 0.0482889 -0.00120051 0.132389 -0.0750342 0.0484973 0.160612 -0.0330406 0.0569259 -0.0632528 -0.118861 -0.0846724 -0.0359077 0.0532038 0.106977 0.178151 -0.0583697 0.012078 -0.0815943 -0.0615133 -0.106138 -0.145436 -0.127029 0.0924035
internal_weight=0 644 586 243 220 198 165 145 116 58 478 95 40 55 108 452 149 129 303 61 81 43 242 60 182 156 90 65 101 40
internal_count=887 644 586 243 220 198 165 145 116 58 478 95 40 55 108 452 149 129 303 61 81 43 242 60 182 156 90 65 101 40
is_linear=0
shrinkage=0.05


Tree=47
num_leaves=31
num_cat=0
split_feature=0 2 6 8 13 7 12 3 0 0 1 7 0 14 7 7 13 13 9 13 3 3 6 1 0 12 1 1 7 8
split_gain=1339.05 636.861 515.914 509.115 540.971 736.894 903.975 1018.9 890.571 609.111 466.024 337.405 330.154 229.436 197.924 270.446 359.098 433.714 297.501 232.369 190.072 193.142 179.368 161.718 130.799 117.886 133.629 111.013 236.829 87.7936
threshold=42.433333333333344 24.250000000000004 48.312847222222224 41.070069444444435 8.6500000000000004 63.613988095238099 23.050000000000004 11.350000000000003 68.500000000000014 47.758333333333333 83.041666666666686 80.765178571428592 33.679166666666667 24.200000000000006 25.93214285714286 53.236904761904775 12.450000000000001 8.9500000000000011 1.5000000000000002 18.800000000000001 12.65 16.550000000000004 27.706041666666668 35.456250000000004 35.525000000000013 30.650000000000002 44.529166666666669 13.183333333333335 21.211011904761907 33.840833333333343
decision_type=2 2 10 10 2 10 2 2 2 2 2 10 2 2 10 10 2 2 2 2 2 2 10 2 2 2 2 2 8 8
left_child=1 2 12 -2 -5 6 -6 -8 9 -7 -11 -12 -1 14 27 16 17 -16 -19 22 24 -22 29 -20 -17 -24 -27 -3 -29 -18
right_child=3 13 -4 4 5 8 7 -9 -10 10 11 -13 -14 -15 15 20 19 18 23 -21 21 -23 25 -25 -26 26 -28 28 -30 -31
leaf_value=0.32609073095596752 0.32906753126045934 -0.21316578781232237 -0.044110612571239473 0.32977437645196916 -0.30510233843326573 0.30072834229185469 0.26862261233658624 -0.13214581283075469 0.40565706861019141 -0.18993092101553213 0.22518055411902341 -0.058574959039688117 0.055878312028944492 -0.1815205211751163 -0.13759716793894769 -0.27315343387424945 -0.081203756142746331 -0.00081880770383342617 0.095861456186875055 0.06991983077635891 0.025561623329796442 -0.13435354840542588 -0.18841469896691188 0.27339799959084082 -0.092322994135320191 0.010431220310811814 -0.14987415774510457 0.04186161378255257 -0.1435603372789189 0.021608648861625366
leaf_weight=26 23 20 36 20 25 21 29 35 25 23 22 20 20 32 20 20 33 31 23 38 41 35 35 29 20 26 26 26 51 56
leaf_count=26 23 20 36 20 25 21 29 35 25 23 22 20 20 32 20 20 33 31 23 38 41 35 35 29 20 26 26 26 51 56
internal_value=0 -0.0325121 0.0976578 0.105235 0.0818348 0.0570409 -0.0501416 0.0494524 0.14298 0.0666204 -0.00901443 0.0900589 0.208607 -0.0515048 -0.0436548 -0.029193 -0.00528924 0.0714178 0.121783 -0.042209 -0.0945162 -0.0480835 -0.0664186 0.194872 -0.182738 -0.117472 -0.0697215 -0.108211 -0.0809503 -0.0165128
internal_weight=0 644 82 243 220 200 89 64 111 86 65 42 46 562 530 433 317 103 83 214 116 76 176 52 40 87 52 97 77 89
internal_count=887 644 82 243 220 200 89 64 111 86 65 42 46 562 530 433 317 103 83 214 116 76 176 52 40 87 52 97 77 89
is_linear=0
shrinkage=0.05


Tree=48
num_leaves=31
num_cat=0
split_feature=0 8 2 1 2 13 6 8 7 9 0 13 14 7 2 13 13 7 13 9 2 0 5 13 12 6 3 7 1 7
split_gain=1219.33 909.839 576.954 519.727 556.286 661.296 434.608 405.491 383.325 378.11 610.867 562.005 212.209 186.627 197.757 203.715 221.3 524.833 426.692 291.64 291.322 237.547 208.244 185.246 179.75 165.643 117.672 209.985 100.189 213.738
threshold=44.418750000000003 42.490763888888885 24.250000000000004 104.6375 22.550000000000004 9.3500000000000032 48.312847222222224 45.558472222222214 63.613988095238099 3.5000000000000004 53.683333333333344 12.65 24.200000000000006 25.93214285714286 36.650000000000013 19.550000000000004 12.450000000000001 49.222023809523812 9.3500000000000032 1.5000000000000002 34.750000000000007 35.650000000000013 23.93214285714286 17.250000000000004 32.650000000000013 27.007569444444446 12.750000000000002 53.170238095238105 13.183333333333335 21.211011904761907
decision_type=2 10 2 2 2 2 10 10 10 2 2 2 2 10 2 2 2 10 2 2 2 2 10 2 2 10 2 10 2 8
left_child=2 -2 6 4 8 -6 7 -1 -3 11 -11 -7 13 28 15 16 17 18 -15 -20 22 -19 -18 24 26 -21 -24 -28 -4 -30
right_child=1 3 12 -5 5 9 -8 -9 -10 10 -12 -13 -14 14 -16 -17 20 21 19 25 -22 -23 23 -25 -26 -27 27 -29 29 -31
leaf_value=0.031994480593129995 0.40439418010089706 -0.25525243052027446 -0.20250749975442886 0.30127800337292931 0.3407739797364111 0.27995457915278771 -0.037998088411031632 0.31207172253302168 0.028328061676942386 0.14116229400038721 -0.22957348036766054 -0.02609690628945828 -0.17244449323043229 -0.099389216777953246 -0.16290360698103906 0.097342360637017664 -0.0074465609142290697 -0.19064704198390248 0.011760375027855237 0.12324659512156533 0.096356803468532037 0.020015340176937374 -0.042641569388409462 -0.22805237365620479 0.020540925512711208 0.31372967659495776 -0.24176866534878227 -0.037591580729931601 0.039768533551922218 -0.13638232039178119
leaf_weight=24 23 22 20 22 23 30 39 28 26 20 25 30 32 22 25 35 70 32 24 21 27 23 30 28 30 25 34 20 26 51
leaf_count=24 23 22 20 22 23 30 39 28 26 20 25 30 32 22 25 35 70 32 24 21 27 23 30 28 30 25 34 20 26 51
internal_value=0 0.106731 -0.0288061 0.0721542 0.0435137 0.0979488 0.0881753 0.182805 -0.101646 0.0447585 -0.064802 0.126929 -0.0473197 -0.0399459 -0.0262756 -0.0181623 -0.0286356 0.0196378 0.0926859 0.153052 -0.0583267 -0.102552 -0.0780269 -0.11282 -0.0845174 0.22677 -0.122038 -0.166148 -0.102801 -0.0769028
internal_weight=0 221 666 198 176 128 91 52 48 105 45 60 575 543 446 421 386 147 92 70 239 55 212 142 114 46 84 54 97 77
internal_count=887 221 666 198 176 128 91 52 48 105 45 60 575 543 446 421 386 147 92 70 239 55 212 142 114 46 84 54 97 77
is_linear=0
shrinkage=0.05


Tree=49
num_leaves=31
num_cat=0
split_feature=0 8 10 10 1 7 13 3 13 9 1 8 5 6 5 3 12 12 13 13 12 9 7 8 0 13 7 12 3 13
split_gain=1100.44 821.13 525.095 592.117 469.054 515.08 755.496 427.944 388.618 362.179 525.794 387.521 328.785 307.36 230.054 235.543 221.503 195.394 183.937 174.577 179.574 147.699 264.498 256.464 158.45 126.331 120.464 119.684 91.4842 87.7653
threshold=44.418750000000003 42.490763888888885 2.5000000000000004 9.5000000000000018 104.6375 81.448809523809544 9.3500000000000032 10.750000000000002 9.4500000000000011 4.5000000000000009 72.470833333333346 57.053611111111117 45.557142857142864 49.595000000000013 35.31666666666667 21.350000000000005 29.550000000000004 26.350000000000005 10.750000000000002 12.450000000000001 28.150000000000002 2.5000000000000004 40.178273809523816 35.884444444444455 23.502083333333339 14.850000000000003 43.794642857142861 33.45000000000001 14.750000000000002 16.350000000000005
decision_type=2 10 2 2 2 10 2 2 2 2 2 10 10 10 8 2 2 2 2 2 2 2 10 10 2 2 10 2 2 2
left_child=2 -2 7 8 5 6 -3 -1 -4 10 12 -12 -8 18 15 17 -16 28 26 20 -19 23 24 -21 -23 -25 -5 -24 -10 -18
right_child=1 4 3 13 -6 -7 9 -9 14 -11 11 -13 -14 -15 16 -17 29 19 -20 21 -22 22 27 25 -26 -27 -28 -29 -30 -31
leaf_value=0.23773257359862329 0.38417447313018471 0.31948306938564341 -0.25409157734650833 0.095165251762322767 0.28621409833431244 -0.14365448519106835 0.064613742977380748 -0.017021554346908541 -0.083776676462542624 -0.11429193977153662 -0.18755257603797049 0.10921828523278237 0.34787883531479613 -0.082651498860546527 -0.26629026577524517 0.089407915621995931 -0.015678538281757099 -0.040893319547176364 0.028472707630732119 0.0021259799981728582 0.12581375579039256 -0.023685317548875841 0.15723337906858195 -0.069333125084638597 -0.16481717805067697 -0.21067631048865099 0.25699152745630433 -0.0058911350460469046 -0.2153885967138669 -0.15499701356515289
leaf_weight=32 23 27 26 23 22 31 20 34 31 33 22 22 21 28 23 32 26 35 39 39 30 59 23 25 30 43 23 22 23 20
leaf_count=32 23 27 26 23 22 31 20 34 31 33 22 22 21 28 23 32 26 35 39 39 30 59 23 25 30 43 23 22 23 20
internal_value=0 0.101395 -0.0273658 -0.0420906 0.0685465 0.041338 0.0808882 0.106496 -0.0660167 0.0262944 0.080875 -0.0391671 0.209701 0.0610248 -0.0554094 -0.0405906 -0.139598 -0.052146 0.108353 -0.0366717 0.0360484 -0.056285 -0.0213074 -0.100089 -0.0712579 -0.158712 0.176078 0.0774836 -0.139834 -0.0762518
internal_weight=0 221 666 600 198 176 145 66 487 118 85 44 41 113 461 392 69 360 85 306 65 241 134 107 89 68 46 45 54 46
internal_count=887 221 666 600 198 176 145 66 487 118 85 44 41 113 461 392 69 360 85 306 65 241 134 107 89 68 46 45 54 46
is_linear=0
shrinkage=0.05


Tree=50
num_leaves=31
num_cat=0
split_feature=5 10 6 2 0 0 13 0 0 0 1 6 2 5 12 12 5 3 1 10 8 2 5 2 10 4 8 12 5 12
split_gain=1138.33 534.113 1027.68 726.286 524.596 515.712 962.727 420.326 242.659 744.602 371.538 317.885 289.201 176.969 260.246 201.564 213.578 168.967 236.318 271.874 213.009 163.701 212.189 194.061 121.837 109.5 103.084 71.6493 81.6677 79.3381
threshold=54.010714285714293 11.500000000000002 49.595000000000013 21.750000000000004 25.785416666666666 62.602083333333333 9.5500000000000025 50.235416666666673 56.652083333333344 44.30833333333333 73.881250000000009 38.287013888888893 24.250000000000004 32.081547619047619 28.150000000000002 32.150000000000013 22.911607142857147 19.350000000000005 35.91875000000001 9.5000000000000018 58.069375000000015 29.650000000000002 32.023809523809526 33.050000000000004 8.5000000000000018 2.3500000000000001 31.061736111111113 26.550000000000004 15.982738095238098 27.350000000000005
decision_type=10 2 10 2 2 2 2 2 2 2 2 10 2 8 2 2 10 2 2 2 10 2 10 2 2 2 10 2 10 2
left_child=1 3 -3 -1 13 7 -7 -2 9 12 11 -11 -6 14 24 16 -16 18 -14 20 21 22 -20 -23 25 -5 -26 28 -27 -29
right_child=5 2 -4 4 8 6 -8 -9 -10 10 -12 -13 17 -15 15 -17 -18 -19 19 -21 -22 23 -24 -25 26 27 -28 29 -30 -31
leaf_value=0.27318542191515799 0.21753633487038315 0.025509632202900118 -0.37443960221676997 -0.17709196963175936 0.18238835646992638 0.54145136274397376 0.10878880682090919 -0.08041621456886161 -0.096695201864113678 0.4234563943743706 0.032574478156554204 0.14803128974004226 0.094428377034696379 -0.17788982617358368 -0.0094425630569458015 -0.060842611304851191 0.2216301001980901 0.11947381728855165 -0.045733007687059318 0.082678669525517362 -0.20655528940260412 0.085155431412764493 -0.24215033778222278 -0.065260744350505814 0.070442497304507676 -0.062110061094594694 -0.07212416960392147 0.012106144800782204 -0.193003438514742 -0.11123882708224385
leaf_weight=23 20 36 29 38 21 20 36 29 37 20 24 22 37 30 20 33 20 23 44 36 24 37 20 51 21 26 32 32 22 22
leaf_count=23 20 36 29 38 21 20 36 29 37 20 24 22 37 30 20 33 20 23 44 36 24 37 20 51 21 26 32 32 22 22
internal_value=0 -0.0157036 -0.152929 -0.00322849 -0.0124157 0.159658 0.263311 0.0411971 0.0252224 0.0377878 0.189509 0.279186 0.00361161 -0.0627693 -0.0497858 0.0306294 0.106094 -0.010191 -0.0221681 -0.0425175 -0.0681258 -0.0462685 -0.107113 -0.00201758 -0.0802019 -0.104645 -0.0156355 -0.0776549 -0.122103 -0.0381455
internal_weight=0 780 65 715 692 105 56 49 396 359 66 42 293 296 266 73 40 272 249 212 176 152 64 88 193 140 53 102 48 54
internal_count=885 780 65 715 692 105 56 49 396 359 66 42 293 296 266 73 40 272 249 212 176 152 64 88 193 140 53 102 48 54
is_linear=0
shrinkage=0.05


Tree=51
num_leaves=31
num_cat=0
split_feature=0 12 2 13 0 8 7 6 9 12 8 3 12 13 2 7 7 0 13 8 6 7 3 9 6 12 2 13 2 2
split_gain=978.99 758.014 590.798 578.899 780.886 511.385 469.47 448.661 423.789 419.992 354.202 266.733 356.74 270.403 226.648 225.895 221.819 186.175 171.097 348.48 381.123 205.611 169.639 258.311 158.266 153.551 151.265 177.755 139.242 308.614
threshold=44.025000000000006 21.050000000000004 21.750000000000004 9.5500000000000025 59.160416666666684 65.953680555555565 64.654166666666669 55.019513888888902 4.5000000000000009 27.050000000000004 60.669583333333343 8.8500000000000032 27.150000000000002 8.8500000000000032 36.650000000000013 59.894047619047633 61.37916666666667 35.341666666666676 18.800000000000001 47.368263888888904 27.007569444444446 41.333630952380965 14.250000000000002 2.5000000000000004 19.767500000000002 26.850000000000005 27.250000000000004 13.850000000000003 23.850000000000005 25.750000000000004
decision_type=2 2 2 2 2 10 10 8 2 2 10 2 2 2 2 10 10 2 2 10 10 10 2 2 10 2 2 2 2 2
left_child=5 -2 -3 4 -4 7 8 11 9 -5 -8 -1 13 -13 16 -7 18 -18 19 20 26 -20 -21 -24 -15 28 -14 -28 -26 -30
right_child=1 2 3 6 -6 15 10 -9 -10 -11 -12 12 14 24 -16 -17 17 -19 21 22 -22 -23 23 -25 25 -27 27 -29 29 -31
leaf_value=0.11212861248059199 -0.19145569104169097 0.35705697387456897 0.062202425479888912 0.30888977682951729 0.48136761106550696 0.25728334841274081 -0.23257881949345272 -0.22970406680271546 -0.053009619593620307 0.030557440593838692 0.028593828047023102 0.092767072692513469 -0.16674229532469659 -0.020483970033879185 -0.14965991619974375 0.030466152014939681 0.22201486816186283 0.008858585096895695 -0.025732376629656013 -0.20508214730769395 0.1102072895911988 0.19043824117292057 -0.18360088596120477 0.059702076793958753 -0.20345401258340906 -0.24265738181445912 0.092731141396190819 -0.096425051324897343 0.035222792281554297 -0.13779367623409552
leaf_weight=32 21 24 25 33 20 21 21 29 25 23 34 20 22 49 24 23 21 20 22 30 64 22 20 24 28 23 23 27 39 76
leaf_count=32 21 24 25 33 20 21 21 29 25 23 34 20 22 49 24 23 21 20 22 30 64 22 20 24 28 23 23 27 39 76
internal_value=0 0.0946469 0.123955 0.0930464 0.248498 -0.0259494 0.0416101 -0.0377306 0.11816 0.194575 -0.0711266 -0.0282302 -0.0363376 -0.0830844 -0.00190026 0.13872 0.0101209 0.118036 -0.00729853 -0.0260826 0.0214285 0.0823529 -0.1134 -0.0508902 -0.0994427 -0.12275 -0.057486 -0.0094132 -0.103464 -0.0791185
internal_weight=0 226 205 181 45 659 136 615 81 56 55 586 554 235 319 44 295 41 254 210 136 44 74 44 215 166 72 50 143 115
internal_count=885 226 205 181 45 659 136 615 81 56 55 586 554 235 319 44 295 41 254 210 136 44 74 44 215 166 72 50 143 115
is_linear=0
shrinkage=0.05


Tree=52
num_leaves=31
num_cat=0
split_feature=5 10 6 2 3 0 6 8 8 2 0 0 10 2 6 2 2 7 3 1 12 3 2 1 8 5 12 2 4 3
split_gain=938.482 479.136 938.468 631.951 464.971 476.165 436.944 341.358 270.517 244 203.582 492.853 233.9 215.465 212.956 258.258 204.641 301.551 419.038 258.58 170.388 264.27 166.419 292.462 160.753 197.439 144.526 107.07 171.042 166.356
threshold=54.010714285714293 11.500000000000002 49.595000000000013 21.750000000000004 10.250000000000002 63.102083333333347 25.177152777777781 36.100416666666682 58.392361111111107 36.650000000000013 56.652083333333344 44.418750000000003 9.5000000000000018 24.250000000000004 36.363611111111119 26.050000000000004 26.750000000000004 62.000892857142865 13.550000000000002 40.791666666666671 29.850000000000005 16.550000000000004 30.350000000000005 51.960416666666681 28.519375 15.809523809523812 28.450000000000003 26.150000000000002 18.850000000000005 12.450000000000001
decision_type=10 2 10 2 2 2 10 10 10 2 2 2 2 2 10 2 2 10 2 2 2 2 2 2 8 10 2 2 2 2
left_child=1 3 -3 -1 5 -2 24 -8 -6 10 11 13 -13 -9 16 -16 -15 18 19 -18 -20 -22 -17 -24 25 -5 27 -26 29 -29
right_child=4 2 -4 6 8 -7 7 9 -10 -11 -12 12 -14 14 15 22 17 -19 20 -21 21 -23 23 -25 26 -27 -28 28 -30 -31
leaf_value=0.25536754714406057 0.074800644656298335 0.026259991009202267 -0.35593599898034128 -0.11756426826829003 -0.10976516831488836 0.3542665195677962 0.19628266057372093 0.14887503502161609 0.14112315550446511 -0.1521905073653097 -0.096911420159645989 0.23809434245857927 0.036581051846345268 -0.11808300342248834 0.050508504157716586 -0.19912989571252293 0.26997410158316293 0.21350978509607643 -0.13276769448729123 0.029726638644933703 -0.096135454737778875 0.10248992457328475 0.080805626085826338 -0.18635484214872122 -0.030556014609156235 0.07534943800419569 0.033256970793008808 -0.21855071404327953 -0.26562529686838388 -0.066280165954794676
leaf_weight=23 27 36 29 21 21 35 25 23 22 23 37 36 24 23 33 34 21 22 34 24 33 34 21 20 33 36 20 24 20 71
leaf_count=23 27 36 29 21 21 35 25 23 22 23 37 36 24 23 33 34 21 22 34 24 33 34 21 20 33 36 20 24 20 71
internal_value=0 -0.0142866 -0.144258 -0.00247096 0.144939 0.232564 -0.0110407 0.0165373 0.0185963 0.00637067 0.0150745 0.0259213 0.157489 0.00140559 -0.00993822 -0.0660538 0.0217921 0.0409416 0.0149382 0.141842 -0.0416031 0.00465951 -0.117341 -0.0495166 -0.0682804 0.00427597 -0.0928978 -0.109946 -0.132727 -0.104749
internal_weight=0 780 65 715 105 62 692 467 43 442 419 382 60 322 299 108 191 168 146 45 101 67 75 41 225 57 168 148 115 95
internal_count=885 780 65 715 105 62 692 467 43 442 419 382 60 322 299 108 191 168 146 45 101 67 75 41 225 57 168 148 115 95
is_linear=0
shrinkage=0.05


Tree=53
num_leaves=31
num_cat=0
split_feature=5 10 6 2 8 8 13 0 3 0 0 5 5 12 6 6 5 9 5 12 5 0 3 13 13 5 10 4 8 12
split_gain=846.98 432.421 846.967 570.336 426.191 1094.85 589.146 398.624 233.977 362.271 763.209 518.282 171.318 201.615 164.718 318.418 305.865 435.716 248.194 163.064 181.237 159.977 145.84 129.741 168.329 111.538 103.323 92.7127 84.8557 71.1132
threshold=54.010714285714293 11.500000000000002 49.595000000000013 21.750000000000004 84.938472222222245 58.392361111111107 9.8500000000000032 25.785416666666666 8.5500000000000025 44.025000000000006 53.683333333333344 37.752083333333339 32.715773809523817 28.150000000000002 39.517847222222237 36.572638888888896 34.678571428571431 2.5000000000000004 30.843750000000004 32.150000000000013 22.911607142857147 59.795833333333341 14.250000000000002 13.050000000000002 15.850000000000003 43.320535714285718 8.5000000000000018 10.15 31.061736111111113 26.750000000000004
decision_type=10 2 10 2 10 10 2 2 2 2 2 10 10 2 10 10 10 2 10 2 10 2 2 2 2 10 2 2 10 2
left_child=1 3 -3 -1 5 6 -2 12 -9 14 11 -11 13 26 15 16 18 -18 23 20 -15 -12 -17 -10 -25 -16 27 -5 -28 -29
right_child=4 2 -4 7 -6 -7 -8 8 9 10 21 -13 -14 19 25 22 17 -19 -20 -21 -22 -23 -24 24 -26 -27 28 29 -30 -31
leaf_value=0.24259915857211403 0.2415129169076681 0.024946989294969375 -0.33813920216313725 -0.13372779109918362 -0.069977189600467685 0.39591056985987561 -0.111235786306447 -0.12573523509502413 0.096749597787857064 0.034853665456175804 -0.13819931413639674 0.353923188831125 -0.1744482054685553 -0.0099565087258815781 0.17982219099998475 -0.22152210402895106 0.2894354218786413 -0.015662674069404605 -0.12928194097782439 -0.05367598169991239 0.20290317877195774 0.057188092842698102 -0.049492296716198328 -0.10767543757955234 0.057182557322084909 0.014835293732938314 0.068980004177207052 -0.093191550407144774 -0.060369193926453596 0.0052242442484824892
leaf_weight=23 20 36 29 67 20 36 29 25 36 20 22 35 27 20 20 22 22 25 38 33 20 20 28 30 32 21 21 45 32 31
leaf_count=23 20 36 29 67 20 36 29 25 36 20 22 35 27 20 20 22 22 25 38 33 20 20 28 30 32 21 21 45 32 31
internal_value=0 -0.0135722 -0.137045 -0.00234741 0.137692 0.186555 0.0327433 -0.0104887 0.0223206 0.0322974 0.115338 0.237898 -0.0543822 -0.042331 0.00289992 -0.0133623 0.0171905 0.127149 -0.0208099 0.0285976 0.0964733 -0.0451577 -0.125185 0.0212507 -0.0225874 0.0953167 -0.0687483 -0.0908492 -0.00911762 -0.0530483
internal_weight=0 780 65 715 105 85 49 692 396 371 97 55 296 269 274 233 183 47 136 73 40 42 50 98 62 41 196 143 53 76
internal_count=885 780 65 715 105 85 49 692 396 371 97 55 296 269 274 233 183 47 136 73 40 42 50 98 62 41 196 143 53 76
is_linear=0
shrinkage=0.05


Tree=54
num_leaves=31
num_cat=0
split_feature=5 10 6 2 8 8 13 6 8 2 0 0 7 2 2 6 6 14 2 8 14 9 10 7 4 13 8 13 4 2
split_gain=764.399 390.26 764.388 514.728 384.637 988.099 531.704 370.832 300.166 212.339 177.382 390.046 224.917 188.812 199.698 252.772 237.785 317.343 235.503 153.162 169.983 146.209 153.366 132.297 118.537 115.238 91.9733 119.036 80.7979 64.0047
threshold=54.010714285714293 11.500000000000002 49.595000000000013 21.750000000000004 84.938472222222245 58.392361111111107 9.8500000000000032 25.177152777777781 36.100416666666682 36.650000000000013 56.652083333333344 44.418750000000003 51.141964285714295 24.250000000000004 34.650000000000013 35.009861111111128 32.083263888888901 0.45000000000000007 26.050000000000004 23.592916666666671 18.400000000000002 3.5000000000000004 8.5000000000000018 36.862500000000004 0.25000000000000006 13.750000000000002 49.5213888888889 13.750000000000002 10.850000000000003 27.050000000000004
decision_type=10 2 10 2 10 10 2 10 8 2 2 2 10 2 2 10 10 2 2 8 2 2 2 10 2 2 10 2 2 2
left_child=1 3 -3 -1 5 6 -2 19 -9 10 11 13 -13 -10 15 16 24 -18 -17 -5 21 23 -23 28 25 -15 -20 -28 -21 -14
right_child=4 2 -4 7 -6 -7 -8 8 9 -11 -12 12 29 14 -16 18 17 -19 26 20 -22 22 -24 -25 -26 -27 27 -29 -30 -31
leaf_value=0.23046920999236731 0.22943726509809492 0.023699639044288134 -0.3212322379494536 0.065879642945669947 -0.066478335112333295 0.37611504395802819 -0.10567399993025024 0.18399366414546969 0.14039070010185242 -0.14200804868470068 -0.090503996902623701 0.27810196503996848 0.0094959783554077158 0.091558212089923124 0.11408366043120624 0.028159950281444353 -0.0068866193294525148 0.25349016247147865 -0.053439118226449339 -0.096665404140949263 -0.1655694379692986 -0.1676067006729898 -0.014866601261827681 0.070559153752401474 -0.081546150777075027 -0.054377692068616548 -0.25081124757522377 -0.098737056481261409 0.024448842413368681 0.13599175658077001
leaf_weight=23 20 36 29 21 20 36 29 25 23 23 37 20 20 31 30 38 25 22 31 40 42 42 27 32 45 24 22 31 21 20
leaf_count=23 20 36 29 21 20 36 29 25 23 23 37 20 20 31 30 38 25 22 31 40 42 42 27 32 45 24 22 31 21 20
internal_value=0 -0.0128936 -0.130193 -0.00223004 0.130807 0.177228 0.0311061 -0.00996427 0.0154419 0.00590839 0.0140279 0.0241527 0.141197 0.00234331 -0.00827572 -0.0219217 0.0222332 0.114992 -0.0751248 -0.0626961 -0.0759318 -0.0526925 -0.107839 -0.0117774 -0.0213634 0.0278771 -0.121849 -0.161862 -0.0549703 0.0727439
internal_weight=0 780 65 715 105 85 49 692 467 442 419 382 60 322 299 269 147 47 122 225 204 162 69 93 100 55 84 53 61 40
internal_count=885 780 65 715 105 85 49 692 467 442 419 382 60 322 299 269 147 47 122 225 204 162 69 93 100 55 84 53 61 40
is_linear=0
shrinkage=0.05


Tree=55
num_leaves=31
num_cat=0
split_feature=13 14 5 12 2 1 1 1 3 0 7 10 12 10 7 7 5 10 4 1 2 5 0 3 6 7 0 7 2 5
split_gain=504.027 603.511 547.31 474.204 888.27 309.486 269 323.204 533.234 347.439 235.268 435.732 222.275 210.248 708.815 218.579 314.604 302.242 313.734 292.876 262.278 293.568 258.514 185.921 275.904 328.285 137.294 93.2603 251.946 150.325
threshold=8.6500000000000004 1.0000000180025095e-35 51.079166666666673 20.750000000000004 21.450000000000003 12.27916666666667 91.618750000000006 61.564583333333331 9.9500000000000011 56.652083333333344 65.210119047619074 5.5000000000000009 23.050000000000004 2.5000000000000004 53.170238095238105 66.459821428571445 41.088988095238101 9.5000000000000018 0.25000000000000006 46.443750000000001 29.850000000000005 28.35446428571429 28.327083333333338 17.050000000000004 33.162916666666682 49.222023809523812 22.308333333333334 33.497321428571439 27.250000000000004 19.85446428571429
decision_type=2 2 10 2 2 2 2 2 2 2 10 2 2 2 10 10 10 2 2 2 2 10 2 2 8 10 2 10 2 8
left_child=1 2 -1 -2 -5 -6 7 12 -9 10 11 -10 -7 14 -14 16 17 19 -19 20 21 27 26 24 25 -21 -22 29 -29 -15
right_child=3 -3 -4 4 5 6 -8 8 9 -11 -12 -13 13 15 -16 -17 -18 18 -20 23 22 -23 -24 -25 -26 -27 -28 28 -30 -31
leaf_value=0.42609588016163225 -0.17958126056033213 -0.046468517450349675 0.069234028015108348 0.24275125131967501 -0.19293902096423238 -0.16883987676013601 -0.13996752684607225 0.23766301335385329 0.30239849469878455 -0.1399037445584933 -0.024072261275471869 -0.020063157398253678 0.25555739035563813 -0.00075646297557762374 -0.13417186826467514 0.14131995042165121 -0.19259704431662195 0.25715124912559989 -0.013622196650375491 -0.21685026782480155 0.069011305819731208 -0.19609328168630602 0.17024292565054366 0.015600853262003512 -0.30665976714342835 0.059530978028972947 -0.085673721421223425 -0.07888086020946504 0.16376829328744308 -0.11039653485640884
leaf_weight=22 37 28 21 37 22 22 34 36 22 27 37 20 28 108 20 21 26 20 23 22 32 25 36 22 20 21 26 20 23 44
leaf_count=22 37 28 21 37 22 22 34 36 22 27 37 20 28 108 20 21 26 20 23 22 32 25 36 22 20 21 26 20 23 44
internal_value=0 0.134182 0.251815 -0.00461219 0.00354128 -0.00815062 -0.00261954 0.00404213 0.0714035 0.014938 0.0678586 0.148845 -0.0130693 -0.00668768 0.0931702 -0.0164897 -0.0235709 -0.0136282 0.112319 -0.0272014 -0.00491348 -0.0347837 0.0649956 -0.109536 -0.153234 -0.0818734 -0.000330258 -0.014103 0.0509082 -0.0324944
internal_weight=0 71 43 831 794 757 735 701 142 106 79 42 559 537 48 489 468 442 43 399 314 220 94 85 63 43 58 195 43 152
internal_count=902 71 43 831 794 757 735 701 142 106 79 42 559 537 48 489 468 442 43 399 314 220 94 85 63 43 58 195 43 152
is_linear=0
shrinkage=0.05


Tree=56
num_leaves=31
num_cat=0
split_feature=8 1 6 9 0 6 2 2 12 13 5 12 0 7 7 6 0 10 0 0 6 7 6 0 10 10 13 14 8 13
split_gain=561.972 997.408 539.206 437.174 426.272 392.229 467.368 453.069 350.858 580.43 358.141 276.098 274.68 379.382 275.628 258.239 166.128 168.265 148.974 140.356 252.848 220.863 149.722 143.049 130.704 126.978 123.838 126.523 149.43 119.032
threshold=62.25888888888889 85.885416666666671 53.983402777777791 5.5000000000000009 57.500000000000007 38.866180555555559 24.850000000000005 27.150000000000002 23.150000000000002 11.250000000000002 42.936309523809534 36.45000000000001 37.595833333333339 39.666964285714293 46.376785714285724 45.745902777777786 44.593750000000021 3.5000000000000004 20.518750000000004 28.477083333333333 31.857083333333335 61.37916666666667 33.55125000000001 35.135416666666671 8.5000000000000018 7.5000000000000009 15.850000000000003 10.550000000000002 28.519375 10.550000000000002
decision_type=10 2 10 2 2 8 2 2 2 2 10 2 2 10 10 10 2 2 2 2 10 10 10 2 2 2 2 2 10 2
left_child=1 2 4 8 5 6 -1 25 9 -2 -10 16 13 18 -14 -12 17 -9 -7 20 24 22 23 -21 -19 -8 27 28 -27 -30
right_child=3 -3 -4 -5 -6 12 7 11 10 -11 15 -13 14 -15 -16 -17 -18 19 -20 21 -22 -23 -24 -25 -26 26 -28 -29 29 -31
leaf_value=0.2211938620261524 0.098928102552890779 -0.2941206160187721 0.20763417179385824 -0.11153109332715923 0.16374894017353656 -0.04697247740945646 -0.13360307636702884 0.12468957690856396 0.2195122503716013 0.43143095232191542 0.10750613253224979 -0.13401775395870208 -0.079956480454314846 0.10038511271363702 -0.33642250441014765 -0.12326723966333603 0.16803180238474971 -0.025082406659921008 -0.21673542568460108 -0.083745990916051796 0.16514088182764897 0.098894027792490458 -0.1648979824450281 0.078085922246629552 0.11116672366574083 -0.14790348820388319 -0.12869858946651222 0.09330964818419446 -0.083098722923369644 0.076950726894518512
leaf_weight=23 35 30 30 22 34 28 58 39 23 21 22 25 22 29 20 27 23 75 24 36 34 26 27 22 23 24 32 21 21 26
leaf_count=23 35 30 30 22 34 28 58 39 23 21 22 25 22 29 20 27 23 75 24 36 34 26 27 22 23 24 32 21 21 26
internal_value=0 -0.0116291 0.000108773 0.0943637 -0.00888799 -0.0178084 0.0007014 -0.00920353 0.129752 0.223617 0.0567459 0.0257262 -0.0983187 -0.044515 -0.202083 -0.0196547 0.03882 0.0282815 -0.125325 0.0128086 0.0476549 -0.0286303 -0.0676378 -0.0223615 0.00689443 -0.0725377 -0.0439749 -0.0145058 -0.0463949 0.00543927
internal_weight=0 752 722 150 692 658 535 512 128 56 72 330 123 81 42 49 305 282 52 243 132 111 85 58 98 182 124 92 71 47
internal_count=902 752 722 150 692 658 535 512 128 56 72 330 123 81 42 49 305 282 52 243 132 111 85 58 98 182 124 92 71 47
is_linear=0
shrinkage=0.05


Tree=57
num_leaves=31
num_cat=0
split_feature=8 1 6 9 0 6 2 2 4 3 13 10 0 0 3 5 12 5 9 1 8 1 8 3 13 5 6 3 3 5
split_gain=507.18 900.16 486.634 394.55 384.71 353.987 421.8 414.929 344.25 429.617 354.52 291.021 271.03 247.898 238.792 203.593 205.6 188.476 183.609 181.507 272.895 249.81 241.095 185.256 165.009 164.325 152.295 124.082 119.549 110.767
threshold=62.25888888888889 85.885416666666671 53.983402777777791 5.5000000000000009 57.500000000000007 38.866180555555559 24.850000000000005 26.650000000000002 1.0000000180025095e-35 9.3500000000000032 12.450000000000001 9.5000000000000018 44.418750000000003 37.595833333333339 9.8500000000000032 37.064285714285724 27.850000000000005 37.553273809523823 2.5000000000000004 41.050000000000004 53.335763888888899 35.75 46.931458333333346 13.450000000000001 12.250000000000002 25.246428571428577 19.501597222222227 15.65 13.65 30.843750000000004
decision_type=10 2 10 2 2 8 2 2 2 2 2 2 2 2 2 10 2 10 2 2 10 2 10 2 2 10 10 2 2 10
left_child=1 2 4 8 5 6 -1 25 9 -2 18 12 15 17 -15 16 26 24 -11 21 23 22 28 -21 -7 27 -9 -8 -18 -25
right_child=3 -3 -4 -5 -6 13 7 11 -10 10 -12 -13 -14 14 -16 -17 19 -19 -20 20 -22 -23 -24 29 -26 -27 -28 -29 -30 -31
leaf_value=0.2101341632883186 0.35245877094566824 -0.27941458384195966 0.19725245421131454 -0.10595454314554281 0.15556149673374262 -0.20656681708991528 -0.0022454177292630727 0.041052598158518472 -0.024937984148661298 0.14332816056583239 0.27726665890182961 0.15291938309158598 0.17207927161997016 -0.072757304211457582 -0.31120069385284471 -0.125084886656088 0.18741053603589536 0.078827915794175613 -0.04584353298976504 0.048854211451751846 0.12715735882520676 0.21551090278304541 -0.11263702096563066 -0.048981413629371674 -0.029135040370257277 -0.19361441294352214 -0.092763774357225798 -0.12523921734175167 0.028509559816327593 -0.19283381706994515
leaf_weight=23 24 30 30 22 34 20 46 30 30 23 22 35 22 21 21 34 20 23 29 28 27 26 20 32 38 30 73 37 29 23
leaf_count=23 24 30 30 22 34 20 46 30 30 23 22 35 22 21 21 34 20 23 29 28 27 26 20 32 38 30 73 37 29 23
internal_value=0 -0.0110476 0.000103334 0.0896455 -0.00844359 -0.016918 0.00066633 -0.00874336 0.123264 0.168632 0.109013 0.0152105 0.00196922 -0.0934028 -0.191979 -0.00897354 0.00384395 -0.0422892 0.0378286 0.0328006 -0.010922 0.0834266 0.0336558 -0.0558393 -0.0903184 -0.0933237 -0.0537881 -0.057074 0.0933671 -0.109138
internal_weight=0 752 722 150 692 658 535 512 128 98 74 399 364 123 42 342 308 81 52 205 110 95 69 83 58 113 103 83 49 55
internal_count=902 752 722 150 692 658 535 512 128 98 74 399 364 123 42 342 308 81 52 205 110 95 69 83 58 113 103 83 49 55
is_linear=0
shrinkage=0.05


Tree=58
num_leaves=31
num_cat=0
split_feature=8 1 6 12 13 8 0 6 2 2 10 0 0 7 7 13 5 7 5 10 14 13 3 13 0 0 7 5 10 5
split_gain=457.73 812.395 439.187 381.89 607.662 554.664 347.201 319.473 380.674 374.473 262.646 244.605 223.728 319.732 253.423 204.984 285.708 184.98 183.743 192.343 407.636 284.027 263.658 166.949 235.096 127.412 126.248 123.81 123.705 98.4935
threshold=62.25888888888889 85.885416666666671 53.983402777777791 23.150000000000002 11.250000000000002 79.229930555555555 57.500000000000007 38.866180555555559 24.850000000000005 26.650000000000002 9.5000000000000018 44.418750000000003 37.595833333333339 39.666964285714293 46.376785714285724 10.550000000000002 43.507738095238103 35.726488095238103 37.064285714285724 5.5000000000000009 0.35000000000000003 17.050000000000004 17.250000000000004 15.550000000000002 29.179166666666671 20.518750000000004 28.074999999999999 51.079166666666673 8.5000000000000018 27.870833333333334
decision_type=10 2 10 2 2 10 2 8 2 2 2 2 2 10 10 2 10 10 10 2 2 2 2 2 2 2 10 10 2 10
left_child=1 2 6 4 27 15 7 8 -1 17 11 18 13 25 -14 -5 -17 26 19 20 21 23 28 24 -11 -9 -10 -2 29 -21
right_child=3 -3 -4 5 -6 -7 -8 12 9 10 -12 -13 14 -15 -16 16 -18 -19 -20 22 -22 -23 -24 -25 -26 -27 -28 -29 -30 -31
leaf_value=0.19962745866049891 -0.026782649755477908 -0.26544384987403952 0.18738982960581782 0.2008293141722679 0.38334650199293446 -0.20705967474551429 0.14778341756147498 -0.041899731266312301 -0.089136473787242945 0.10193276273968972 0.14527341297694615 0.16347531310536645 -0.065275873514738944 0.092847238089246997 -0.3111946438997984 0.15194844499230387 -0.11531002685427666 -0.2086804428100586 -0.11883064122760999 -0.06979392645383875 0.25544629044830802 -0.1134223333362377 0.084425731788615926 0.17778652337464421 -0.085305679685746635 -0.19889716183145842 0.049169293587858029 0.14704368369919915 0.016285667557861993 -0.19467307414859536
leaf_weight=23 20 30 30 25 23 21 34 28 66 38 35 22 22 29 20 20 20 25 34 75 20 33 37 22 30 24 22 21 33 20
leaf_count=23 20 30 30 25 23 21 34 28 66 38 35 22 22 29 20 20 20 25 34 75 20 33 37 22 30 24 22 21 33 20
internal_value=0 -0.0104953 9.81673e-05 0.0851632 0.177644 0.0163401 -0.00802141 -0.0160721 0.000633014 -0.00830619 0.0144499 0.00187076 -0.0887327 -0.0401747 -0.18238 0.0885154 0.0183192 -0.0886575 -0.00852486 0.00365175 0.0460949 0.012054 -0.0331323 0.058062 0.0193276 -0.11436 -0.05456 0.0622504 -0.0671139 -0.0960843
internal_weight=0 752 722 150 64 86 692 658 535 512 399 364 123 81 42 65 40 113 342 308 143 123 165 90 68 52 88 41 128 95
internal_count=902 752 722 150 64 86 692 658 535 512 399 364 123 81 42 65 40 113 342 308 143 123 165 90 68 52 88 41 128 95
is_linear=0
shrinkage=0.05


Tree=59
num_leaves=31
num_cat=0
split_feature=13 14 5 12 2 1 7 7 9 0 0 6 5 5 3 14 14 1 0 2 6 10 10 7 9 6 6 6 2 5
split_gain=448.938 527.622 490.707 457.017 672.836 241.348 220.203 356.908 618.148 578.554 349.975 315.01 359.264 220.613 167.979 202.533 216.037 180.336 251.61 192.401 131.014 236.946 128.849 243.195 128.682 100.936 99.3131 94.1548 107.306 246.065
threshold=8.6500000000000004 1.0000000180025095e-35 51.079166666666673 20.750000000000004 21.450000000000003 12.27916666666667 84.011607142857159 71.972916666666677 3.5000000000000004 63.429166666666674 57.835416666666667 54.608611111111124 41.088988095238101 39.109821428571429 21.350000000000005 18.850000000000005 13.700000000000001 66.639583333333363 37.35625000000001 25.550000000000004 36.221250000000005 3.5000000000000004 8.5000000000000018 35.500595238095244 2.5000000000000004 31.985833333333343 38.54236111111112 17.661111111111115 33.150000000000013 23.794940476190479
decision_type=2 2 10 2 2 2 10 10 2 2 2 10 10 10 2 2 2 2 2 2 10 2 2 10 2 10 10 10 2 10
left_child=1 2 -1 -2 -5 -6 7 9 -9 10 11 12 13 14 15 16 17 18 19 -7 21 -21 25 -24 -14 27 -22 -23 29 -29
right_child=3 -3 -4 4 5 6 -8 8 -10 -11 -12 -13 24 -15 -16 -17 -18 -19 -20 20 26 22 23 -25 -26 -27 -28 28 -30 -31
leaf_value=0.40083258368752217 -0.17693796500160888 -0.043090100852506502 0.062927612307525818 0.21102623427538456 -0.17052371716973458 0.13758237943762827 -0.15472593022429426 0.30097234936860895 -0.043809677545840926 -0.27229015320539474 0.20154206000623251 0.16785582578182223 -0.043677719946830507 0.15586108524690978 0.099744934184210654 -0.11856731422068108 0.13617722283189113 0.11219914495013655 -0.15566569315269591 0.11278631649911404 -0.16910177307284399 0.017502865687544857 -0.033285248399663132 0.18211934953927994 -0.1801561781205237 0.030713264431272237 -0.028880026763571161 -0.059563551925950579 -0.024710885003547779 -0.26684060249300229
leaf_weight=22 37 28 21 37 22 21 23 26 26 20 21 25 31 22 35 42 26 27 32 37 23 28 38 20 39 35 28 45 44 21
leaf_count=22 37 28 21 37 22 21 23 26 26 20 21 25 31 22 35 42 26 27 32 37 23 28 38 20 39 35 28 45 44 21
internal_value=0 0.125821 0.235809 -0.00516887 0.00283548 -0.00734029 -0.00245589 0.00246295 0.128581 -0.00747365 0.000801865 -0.00600838 -0.0133259 0.000886478 -0.00590524 -0.0138233 -0.00347218 -0.0125721 -0.0216281 -0.00901282 -0.0186633 -0.0046851 -0.0235009 0.0409922 -0.119716 -0.0451228 -0.0921173 -0.0643566 -0.0851936 -0.125515
internal_weight=0 71 43 831 794 757 735 712 52 660 640 619 594 524 502 467 425 399 372 340 319 268 231 58 70 173 51 138 110 66
internal_count=902 71 43 831 794 757 735 712 52 660 640 619 594 524 502 467 425 399 372 340 319 268 231 58 70 173 51 138 110 66
is_linear=0
shrinkage=0.05


Tree=60
num_leaves=31
num_cat=0
split_feature=6 0 2 12 2 10 2 2 12 7 7 7 6 8 13 3 8 2 3 5 3 2 8 0 7 8 12 8 9 14
split_gain=252.345 511.731 504.532 810.726 380.612 350.946 308.092 475.069 603.477 407.714 866.555 420.75 193.545 264.73 810.922 217.255 303.542 236.867 170.425 161.806 312.341 235.774 128.862 126.958 116.436 186.632 89.189 75.4646 75.7315 65.1839
threshold=41.615277777777784 57.260416666666679 27.350000000000005 25.650000000000002 27.150000000000002 9.5000000000000018 24.650000000000002 23.750000000000004 23.250000000000004 52.069940476190482 40.410119047619055 73.527083333333351 28.439583333333342 47.057916666666678 13.850000000000003 14.250000000000002 50.565972222222236 32.750000000000007 17.450000000000003 28.947916666666671 9.9500000000000011 25.350000000000005 51.139375000000008 52.964583333333344 39.042857142857144 39.893819444444446 29.450000000000003 31.871597222222224 3.5000000000000004 19.950000000000006
decision_type=10 2 2 2 2 2 2 2 2 10 10 10 10 10 2 2 10 2 2 10 2 2 10 2 10 10 2 8 2 2
left_child=1 4 3 6 19 12 7 8 9 10 -2 -11 18 14 -14 -15 -17 26 24 21 -21 -1 -22 -9 27 -26 -18 -6 -29 -23
right_child=2 -3 -4 -5 5 -7 -8 23 -10 11 -12 -13 13 15 -16 16 17 -19 -20 20 22 29 -24 -25 25 -27 -28 28 -30 -31
leaf_value=0.11651312103273259 0.15067965585738421 -0.27809857375919822 -0.19840899705886841 0.32718163455526034 -0.05397226862285448 0.18135308878762382 -0.15244039860756503 0.1013041664287448 -0.22469041562080383 0.22903440944277326 -0.31476489800959828 -0.0097641066993985857 0.33414150702208278 -0.11677699921386582 -0.038705832404749736 -0.14744240373373033 0.073177027851343154 0.16373000968549703 -0.16616247820854188 0.0082014342320376431 -0.25964681995101274 -0.046855930492216563 -0.10638074449573953 0.27732623822632291 -0.16839144285078403 0.033127061389386654 -0.067266888916492462 -0.0060767591951171995 0.1236827540126714 -0.13458938343593707
leaf_weight=21 20 20 22 24 23 28 23 20 25 39 20 35 25 35 35 20 20 37 25 29 32 114 24 21 27 20 26 23 22 26
leaf_count=21 20 20 22 24 23 28 23 20 25 39 20 35 25 35 35 20 20 37 25 29 32 114 24 21 27 20 26 23 22 26
internal_value=0 -0.0292168 0.030212 0.0523692 -0.0210834 0.0112434 0.019879 0.0418976 -0.00221847 0.0465692 -0.0820426 0.116089 -0.0028485 0.0289667 0.116647 -0.0091553 0.0274152 0.0695495 -0.0478443 -0.0691793 -0.124988 -0.0397151 -0.193961 0.191462 -0.0221229 -0.0826389 -0.00620432 0.0197043 0.0573612 -0.0631493
internal_weight=0 632 249 227 612 366 203 180 139 114 40 74 338 198 60 138 103 83 140 246 85 161 56 41 115 47 46 68 45 140
internal_count=881 632 249 227 612 366 203 180 139 114 40 74 338 198 60 138 103 83 140 246 85 161 56 41 115 47 46 68 45 140
is_linear=0
shrinkage=0.05


Tree=61
num_leaves=31
num_cat=0
split_feature=6 0 2 12 2 13 2 2 12 7 7 13 9 1 7 9 5 3 6 13 4 12 13 12 12 5 2 3 0 13
split_gain=227.741 461.837 455.34 731.68 343.503 341.32 278.053 428.75 544.638 367.961 782.065 380.451 456.517 171.29 370.162 230.179 205.125 174.289 173.036 161.828 157.298 156.419 152.354 328.659 195.447 162.478 380.081 115.448 114.579 108.537
threshold=41.615277777777784 57.260416666666679 27.350000000000005 25.650000000000002 27.150000000000002 9.9500000000000011 24.650000000000002 23.750000000000004 23.250000000000004 52.069940476190482 40.410119047619055 9.4500000000000011 3.5000000000000004 41.935416666666669 48.641964285714295 1.5000000000000002 16.225595238095242 18.800000000000001 35.345902777777788 13.750000000000002 0.35000000000000003 27.550000000000004 8.6500000000000004 23.850000000000005 25.050000000000004 25.878273809523815 26.350000000000005 12.050000000000002 52.964583333333344 16.550000000000004
decision_type=10 2 2 2 2 2 2 2 2 10 10 2 2 2 10 2 10 2 10 2 2 2 2 2 2 8 2 2 2 2
left_child=1 4 3 6 21 -6 7 8 9 10 -2 -11 -13 16 20 -16 -7 18 -17 27 -15 22 -1 -24 -25 -26 -27 -18 -9 -21
right_child=2 -3 -4 -5 5 13 -8 28 -10 11 -12 12 -14 14 15 17 19 -19 -20 29 -22 -23 23 24 25 26 -28 -29 -30 -31
leaf_value=0.078751111328601853 0.14314567875117065 -0.26419365178793669 -0.18848854316906496 0.31082255269090336 0.21151356369256977 -0.11363339811563491 -0.14481837321882662 0.09623895559459926 -0.21345589631795883 -0.058535553191019142 -0.29902665324509148 0.056124884712285009 0.35817110795866358 -0.19046991016806625 0.12273976285424498 0.074902728118184145 0.027410713904960589 -0.14926523451100698 -0.098919573968107063 -0.042009722221304072 -0.022192409208842689 -0.18986732292434444 -0.25833247125148778 0.094929026067256936 -0.030733603333231132 -0.26049427491213595 0.020901314275605338 0.17065716420228666 0.2634599158362973 0.073348057191622892
leaf_weight=20 20 20 22 24 20 20 23 20 25 23 20 29 22 41 36 41 22 22 22 44 21 23 20 22 112 28 21 39 21 38
leaf_count=20 20 20 22 24 20 20 23 20 25 23 20 29 22 41 36 41 22 22 22 44 21 23 20 22 112 28 21 39 21 38
internal_value=0 -0.0277559 0.0287014 0.0497507 -0.0200292 0.0106812 0.0188851 0.0398027 -0.00210754 0.0442408 -0.0779405 0.110285 0.186419 -0.000927554 -0.0341297 0.0167734 0.0363484 -0.0281065 0.0142029 0.0573249 -0.133473 -0.0657204 -0.052916 -0.0658881 -0.0448559 -0.063957 -0.139896 0.118995 0.181889 0.0114488
internal_weight=0 632 249 227 612 366 203 180 139 114 40 74 51 346 183 121 163 85 63 143 62 246 223 203 183 161 49 61 41 82
internal_count=881 632 249 227 612 366 203 180 139 114 40 74 51 346 183 121 163 85 63 143 62 246 223 203 183 161 49 61 41 82
is_linear=0
shrinkage=0.05


Tree=62
num_leaves=31
num_cat=0
split_feature=2 2 13 8 3 12 3 4 12 0 12 6 5 8 0 13 0 0 8 2 5 5 3 5 5 5 6 5 8 2
split_gain=219.654 665.187 780.862 214.349 294.208 960.375 517.792 650.439 505.433 472.102 483.387 398.288 326.01 320.776 838.323 235.651 296.633 223.622 248.918 330.693 209.461 209.282 182.815 177.871 175.666 297.767 174.205 152.576 134.16 140.05
threshold=21.550000000000004 20.750000000000004 9.3500000000000032 86.123958333333348 10.65 29.050000000000004 10.350000000000003 1.0000000180025095e-35 26.950000000000003 34.368750000000013 24.850000000000005 53.404791666666675 51.405952380952392 53.040694444444448 48.827083333333341 13.750000000000002 36.218750000000014 48.033333333333339 50.209583333333342 32.550000000000004 31.140178571428574 26.880059523809532 13.15 34.464285714285715 34.10327380952382 27.22291666666667 50.093055555555566 23.69226190476191 36.100416666666682 34.500000000000007
decision_type=2 2 2 8 2 2 2 2 2 2 2 10 10 10 2 2 2 2 10 2 10 10 2 10 10 10 10 10 10 2
left_child=1 2 -1 4 5 6 7 11 9 10 -6 13 -11 14 -2 16 24 18 22 -20 -12 -9 -17 -21 25 27 -3 -10 -24 -30
right_child=3 26 -4 -5 8 -7 -8 21 15 12 20 -13 -14 -15 -16 17 -18 -19 19 23 -22 -23 28 -25 -26 -27 -28 -29 29 -31
leaf_value=0.13925574272871019 -0.052106228328886485 0.1004210040682838 -0.29192825572653897 -0.13524980041149415 0.17201350128108805 -0.28772361487150194 0.31752468883991242 0.030485240654088558 0.054434546477654402 -0.1184794270648406 -0.05306381084463703 0.32131941296160221 -0.35269626981268326 -0.033115102095823544 0.40021075837314135 0.08563109630253167 0.18253334611654282 -0.18598100259900094 -0.047459517217971182 0.054498036801815031 -0.22618484780901957 -0.1756950576498639 0.0018364041617938453 0.26537192940711973 -0.11935144565999507 0.2127996660768986 0.30175320248712195 -0.1145538160746748 -0.17219038764635722 -0.0312866578585115
leaf_weight=21 21 21 21 38 22 20 20 20 34 39 104 20 24 38 20 20 35 20 37 20 21 32 35 20 20 20 22 22 45 29
leaf_count=21 21 21 21 38 22 20 20 20 34 39 104 20 24 38 20 20 35 20 37 20 21 32 35 20 20 20 22 22 45 29
internal_value=0 0.0651916 -0.0763363 -0.0193676 -0.0135582 0.0401125 0.0784559 0.0467911 -0.0316378 -0.0931887 -0.0441103 0.122 -0.207705 0.0715394 0.168536 0.00456867 0.0579254 -0.0263593 -0.0108621 0.0602779 -0.0821481 -0.0963949 -0.0533255 0.159935 0.0124954 0.0471919 0.203428 -0.0119537 -0.0788221 -0.116971
internal_weight=0 85 42 796 758 191 171 151 567 210 147 99 63 79 41 357 131 226 206 77 125 52 129 40 96 76 43 56 109 74
internal_count=881 85 42 796 758 191 171 151 567 210 147 99 63 79 41 357 131 226 206 77 125 52 129 40 96 76 43 56 109 74
is_linear=0
shrinkage=0.05


Tree=63
num_leaves=31
num_cat=0
split_feature=2 7 13 7 10 13 13 10 7 3 0 13 12 0 5 0 5 4 1 13 12 7 12 1 1 2 8 3 3 9
split_gain=198.237 622.008 954.091 291.768 240.972 594.934 426.698 397.196 423.688 645.833 558.096 352.673 331.172 190.623 185.816 170.822 141.42 139.853 136.045 117.894 266.216 118.783 211.071 126.363 121.648 106.039 95.7471 71.1912 135.198 150.058
threshold=21.550000000000004 53.500892857142865 9.7500000000000018 82.552083333333343 9.5000000000000018 10.050000000000002 9.5500000000000025 1.5000000000000002 56.794047619047625 11.65 46.808333333333337 8.6500000000000004 27.850000000000005 39.020833333333336 42.936309523809534 32.822916666666671 47.84494047619048 0.15000000000000005 46.010416666666664 12.250000000000002 28.150000000000002 40.917261904761908 33.850000000000001 42.079166666666673 40.568750000000001 32.95000000000001 36.607152777777792 19.750000000000004 15.350000000000003 2.5000000000000004
decision_type=2 10 2 10 2 2 2 2 8 2 2 2 2 2 10 2 10 2 2 2 2 10 2 2 2 2 8 2 2 2
left_child=1 2 -1 4 6 14 11 -8 10 -10 13 -2 -11 15 -6 19 17 -7 -17 20 26 23 24 27 -23 -14 -9 28 29 -21
right_child=3 -3 -4 -5 5 16 7 8 9 12 -12 -13 25 -15 -16 18 -18 -19 -20 21 -22 22 -24 -25 -26 -27 -28 -29 -30 -31
leaf_value=0.19002936972926063 -0.026514259499052298 0.23600106295198203 -0.2361556762765194 -0.15359865403489065 0.10343423302250881 0.088894645458665392 0.16447773568953078 0.047923503477465025 -0.34508340177328689 -0.19471019392453687 0.25149973900545214 -0.29781008991599084 -0.045320760875063787 -0.15260508954524996 0.30174244975759867 0.18009171847786223 -0.13612400986578152 -0.062704782513901589 0.0058301579207181934 0.088793763950733212 0.17652193394800028 0.17783255962034067 -0.09608314147462016 -0.15779398183027904 0.011385893457285736 0.08482632983861299 -0.095097707390785213 0.031971423374488953 -0.097861903534581268 -0.056306180502383077
leaf_weight=24 23 32 29 38 27 29 30 22 23 27 21 25 34 23 21 21 23 32 24 28 24 21 23 24 23 29 25 32 75 49
leaf_count=24 23 32 29 38 27 29 30 22 23 27 21 25 34 23 21 21 23 32 24 28 24 21 23 24 23 29 25 32 75 49
internal_value=0 0.0619321 -0.0431662 -0.0183992 -0.0116214 0.0497716 -0.0245669 -0.012671 -0.0223689 -0.108629 3.8816e-05 -0.167814 -0.0482013 -0.0127164 0.190194 -0.0044877 -0.0304698 0.00936708 0.0871522 -0.0164062 0.0410338 -0.0312362 0.0266634 -0.0498865 0.0908263 0.0145882 -0.0281516 -0.0358116 -0.0500817 -0.00354256
internal_weight=0 85 53 796 758 132 626 578 548 113 435 48 90 414 48 391 84 61 45 346 71 275 67 208 44 63 47 184 152 77
internal_count=881 85 53 796 758 132 626 578 548 113 435 48 90 414 48 391 84 61 45 346 71 275 67 208 44 63 47 184 152 77
is_linear=0
shrinkage=0.05


Tree=64
num_leaves=31
num_cat=0
split_feature=12 2 7 7 0 0 0 7 5 8 3 1 0 1 14 5 0 12 5 5 5 0 12 7 8 6 7 6 1 0
split_gain=189.293 499.997 722.867 269.701 296.515 288.312 248.646 1249.79 601.863 253.808 154.293 155.353 324.235 199.057 177.29 168.494 132.418 123.272 243.933 204.522 186.985 179.234 181.987 123.745 173.083 267.42 160.285 116.952 113.215 92.0751
threshold=20.450000000000003 21.550000000000004 53.500892857142865 82.552083333333343 73.020833333333343 63.429166666666674 44.418750000000003 56.645833333333336 44.189583333333339 61.910763888888901 21.350000000000005 67.904166666666683 38.745833333333344 59.266666666666673 24.200000000000006 36.858630952380956 35.810416666666676 24.850000000000005 39.412500000000001 36.03244047619048 29.827083333333338 27.950000000000006 32.850000000000001 24.515773809523811 53.438541666666673 30.732222222222227 22.627380952380953 29.887500000000003 44.529166666666669 52.010416666666664
decision_type=2 2 10 10 2 2 2 10 10 10 2 2 2 2 2 10 2 2 10 10 10 2 2 10 10 10 10 10 2 2
left_child=-1 2 -2 4 5 6 10 8 -8 29 11 12 13 14 16 -14 17 -3 19 20 23 -22 -23 26 25 28 -19 -12 -25 -9
right_child=1 3 -4 -5 -6 -7 7 9 -10 -11 27 -13 15 -15 -16 -17 -18 18 -20 -21 21 22 -24 24 -26 -27 -28 -29 -30 -31
leaf_value=-0.13355562500345211 -0.022683255614772923 0.083316740045944859 0.33867862761020662 -0.1459187187254429 0.17584523313811848 -0.20193986639380457 0.088877801014029464 -0.078384646624326704 0.4591077895701996 0.052354589736332072 -0.01285653422985758 0.090633050065774184 -0.27352297069504855 -0.17405441786561693 -0.12859056376372321 -0.070741074425833564 0.11725318996235728 -0.014022840568985867 -0.18763424122617359 0.11270012180010479 -0.20712195858359339 -0.13378343313621979 0.065307968787171627 0.018662586860591548 -0.12129134450639999 0.15459401093423367 -0.18199160560965538 0.15401407684243862 -0.10659424776122683 -0.22828694958062401
leaf_weight=30 31 30 25 38 21 20 23 20 21 23 21 26 20 21 33 21 20 49 21 30 24 24 22 128 21 35 20 21 21 21
leaf_count=30 31 30 25 38 21 20 23 20 21 23 21 26 20 21 33 21 20 49 21 30 24 24 22 128 21 35 20 21 21 21
internal_value=0 -0.00576477 0.138639 -0.0159366 -0.00941175 -0.0146976 -0.00946738 0.0604434 0.265578 -0.0805869 -0.0218858 -0.0287471 -0.034495 -0.0233893 -0.0167702 -0.169659 -0.00847787 -0.0143946 -0.0218157 -0.0125051 -0.0234241 -0.0963565 -0.0385658 -0.00479178 0.0147025 0.0302235 -0.0627094 0.0705788 0.00100894 -0.155164
internal_weight=0 851 56 795 757 736 716 108 44 64 608 566 540 499 478 41 445 425 395 374 344 70 46 274 205 184 69 42 149 41
internal_count=881 851 56 795 757 736 716 108 44 64 608 566 540 499 478 41 445 425 395 374 344 70 46 274 205 184 69 42 149 41
is_linear=0
shrinkage=0.05


Tree=65
num_leaves=31
num_cat=0
split_feature=13 14 8 1 0 7 0 13 0 8 12 0 7 2 5 2 3 10 0 5 14 13 1 1 14 5 5 5 5 8
split_gain=525.259 778.819 432.7 471.313 615.803 392.31 426.369 373.607 366.649 784.284 518.883 428.22 276.691 258.767 223.774 200.812 187.589 242.856 242.386 299.65 222.197 191.272 180.352 142.262 110.275 87.7905 148.567 150.507 142.314 87.4179
threshold=8.6500000000000004 1.0000000180025095e-35 62.25888888888889 73.49375000000002 35.341666666666676 65.210119047619074 55.179166666666667 8.3500000000000032 44.593750000000021 42.611458333333339 23.150000000000002 55.581250000000004 80.765178571428592 21.050000000000004 59.876190476190487 23.350000000000005 13.15 3.5000000000000004 21.858333333333338 21.365178571428576 0.15000000000000005 10.250000000000002 42.491666666666681 72.110416666666666 3.9500000000000006 35.065476190476197 30.263392857142858 27.22291666666667 24.988988095238103 51.370069444444447
decision_type=2 2 10 2 2 10 2 2 2 10 2 2 10 2 10 2 2 2 2 10 2 2 2 2 2 10 10 10 10 10
left_child=1 7 5 4 -4 8 23 -1 13 -10 -11 -12 -5 -2 -14 -6 18 -18 19 -15 21 -20 -23 -7 -22 26 27 28 -19 -28
right_child=2 -3 3 12 15 6 -8 -9 9 10 11 -13 14 16 -16 -17 17 25 20 -21 24 22 -24 -25 -26 -27 29 -29 -30 -31
leaf_value=0.12876084390140716 -0.20151025727391245 -0.073765239692651308 0.15314654501215105 0.29443653270050335 -0.25578288130462168 0.031407878696918488 -0.31669345816428013 0.43071750044822699 0.35130974962597805 -0.21242982536554336 0.22592799382077322 -0.058369352955084587 -0.03097914129495621 0.046536496281623846 0.20554459501057865 -0.031722891405224801 -0.15808559075379983 -0.019465492936520432 -0.0022009261629798195 -0.18493102402598771 -0.086181615182646998 0.28119939603017302 0.086684650698533428 -0.14750246807932854 0.050071011562690594 0.055820352708299964 -0.19704175800085069 0.085705173338452983 -0.15756909194446744 -0.049209174383431677
leaf_weight=21 20 26 31 27 20 25 22 20 21 20 27 26 20 29 20 20 39 167 22 27 27 22 26 20 33 30 20 30 21 20
leaf_count=21 20 26 31 27 20 25 22 20 21 20 27 26 20 29 20 20 39 167 22 27 27 22 26 20 33 30 20 30 21 20
internal_value=0 0.140305 -0.00522005 0.0756415 -0.0141207 -0.0212991 -0.1363 0.276057 -0.00901036 0.0820358 0.00457337 0.0864614 0.170763 -0.0250673 0.0872827 -0.143753 -0.0181884 -0.0409917 0.0219012 -0.0650639 0.0593631 0.119882 0.175837 -0.0481078 -0.0112427 -0.0251352 -0.0345486 -0.018296 -0.034892 -0.123125
internal_weight=0 67 832 138 71 694 67 41 627 94 73 53 67 533 40 40 513 327 186 56 130 70 48 45 60 288 258 218 188 40
internal_count=899 67 832 138 71 694 67 41 627 94 73 53 67 533 40 40 513 327 186 56 130 70 48 45 60 288 258 218 188 40
is_linear=0
shrinkage=0.05


Tree=66
num_leaves=31
num_cat=0
split_feature=13 14 8 1 0 3 0 6 7 0 8 7 2 6 3 1 6 13 13 1 12 3 7 7 13 10 1 13 3 6
split_gain=474.046 702.884 390.512 425.36 555.763 366.342 360.409 275.923 249.713 217.26 699.783 256.196 181.232 166.912 211.532 267.729 274.617 141.917 167.876 158.066 155.76 167.027 139.039 99.8198 80.2904 113.663 101.204 95.409 77.4928 77.3717
threshold=8.6500000000000004 1.0000000180025095e-35 62.25888888888889 73.49375000000002 35.341666666666676 9.3500000000000032 64.629166666666677 53.049513888888889 80.765178571428592 44.593750000000021 42.801111111111119 63.235714285714302 23.350000000000005 32.768819444444446 13.15 31.056250000000006 27.127083333333339 11.350000000000003 9.9500000000000011 55.600000000000023 29.850000000000005 14.550000000000002 43.345833333333339 95.827380952380977 11.850000000000003 4.5000000000000009 32.743750000000006 13.050000000000002 15.050000000000002 22.950972222222223
decision_type=2 2 10 2 2 2 2 10 10 2 10 10 2 10 2 2 10 2 2 2 2 2 10 10 2 2 2 2 2 10
left_child=1 5 6 4 -4 -1 7 9 -5 13 -11 -12 -6 14 15 29 22 18 -15 20 21 -19 -17 -10 -16 26 -26 -27 -22 -2
right_child=2 -3 3 8 12 -7 -8 -9 23 10 11 -13 -14 17 24 16 -18 19 -20 -21 28 -23 -24 -25 25 27 -28 -29 -30 -31
leaf_value=0.11639709273974103 0.012579972028732301 -0.070076982404750132 0.14548921650651123 0.27971470201456988 -0.24299374014139175 0.41540361106395718 -0.18149611833364224 0.1359720819691817 0.0039329050481319424 0.30561863762282193 0.049719287474185997 -0.16068577040796694 -0.030136742666363715 -0.024457407810471274 0.046192103910904669 0.11617227570297053 0.25292581143704329 0.0086435930719599135 -0.19887025477112952 -0.15364300233001513 -0.025528081357479096 -0.18521473804488778 -0.056805841735608521 0.16190427273511887 -0.043551025539636613 -0.1281060109084303 -0.20261400572955612 -0.017296197429630369 0.10153230641037225 -0.11598680938848041
leaf_weight=21 25 26 31 27 20 20 33 30 20 21 39 23 20 22 26 26 22 25 37 24 20 20 21 20 20 22 20 166 30 22
leaf_count=21 25 26 31 27 20 20 33 30 20 21 39 23 20 22 26 26 22 25 37 24 20 20 21 20 20 22 20 166 30 22
internal_value=0 0.13329 -0.00495905 0.0718594 -0.0134147 0.262254 -0.0202342 -0.0121833 0.162224 -0.0192271 0.0561599 -0.0283342 -0.136565 -0.0306452 -0.0115057 0.0444372 0.107129 -0.0704297 -0.133835 -0.0389935 -0.0100294 -0.0775157 0.0388842 0.0829186 -0.0370544 -0.0465474 -0.123083 -0.0302633 0.0507082 -0.0476002
internal_weight=0 67 832 138 71 41 694 661 67 631 83 62 40 548 370 116 69 178 59 119 95 45 47 40 254 228 40 188 50 47
internal_count=899 67 832 138 71 41 694 661 67 631 83 62 40 548 370 116 69 178 59 119 95 45 47 40 254 228 40 188 50 47
is_linear=0
shrinkage=0.05


Tree=67
num_leaves=31
num_cat=0
split_feature=13 14 13 7 13 3 14 7 7 10 2 5 5 12 6 1 12 2 5 0 2 2 2 2 13 3 6 12 13 7
split_gain=427.827 634.353 350.19 317.972 252.616 494.445 543.982 465.748 615.611 321.047 311.456 313.035 544.48 505.201 283.971 262.125 155.835 407.815 313.688 368.636 177.714 145.363 151.666 115.186 106.849 105.404 87.9454 102.328 63.1178 78.8668
threshold=8.6500000000000004 1.0000000180025095e-35 8.3500000000000032 91.836309523809533 9.1500000000000004 9.9500000000000011 0.65000000000000002 46.840178571428588 68.206250000000026 11.500000000000002 21.850000000000005 52.666964285714293 43.787202380952387 26.150000000000002 42.284583333333337 54.914583333333333 34.250000000000007 33.150000000000013 35.31666666666667 35.650000000000013 30.850000000000005 35.550000000000004 36.650000000000013 25.250000000000004 12.450000000000001 14.450000000000001 24.328125000000004 26.250000000000004 18.800000000000001 29.972023809523815
decision_type=2 2 2 10 2 2 2 10 10 2 2 10 10 2 10 2 2 2 10 2 2 2 2 2 2 2 10 2 2 10
left_child=1 2 -1 4 15 6 7 -6 -9 10 -7 12 14 -14 16 -2 17 18 19 23 -20 -18 -23 -12 25 -25 27 -26 29 -28
right_child=3 -3 -4 -5 5 9 -8 8 -10 -11 11 -13 13 -15 -16 -17 21 -19 20 -21 -22 22 -24 24 26 -27 28 -29 -30 -31
leaf_value=0.10653605915251232 -0.0070245530537289122 -0.066573129694622299 0.39887667924165726 0.17861026512539907 -0.0045191669836640363 0.18186406582593917 -0.11025173228520613 0.36147609965668787 0.030319006741046907 -0.17465333186555654 0.096549522066779914 -0.17895659264819375 -0.019184460006654264 0.32803205624222759 -0.17932975308171339 -0.24843447519974277 -0.18496148412426314 0.15186314045598634 -0.18796833623678258 0.14826200459454511 -0.010241723272272131 0.060843103446743707 -0.12481653988361359 0.08319916745295397 -0.097907944669326147 -0.057050750865822744 -0.024853527208878883 0.007884768708026969 -0.0043645974993705748 -0.14140371987001693
leaf_weight=21 23 26 20 23 32 20 26 36 23 32 20 29 20 22 28 22 24 38 39 37 22 22 22 37 30 21 21 96 20 47
leaf_count=21 23 26 20 23 32 20 26 36 23 32 20 29 20 22 28 22 24 38 39 37 22 22 22 37 30 21 21 96 20 47
internal_value=0 0.126625 0.249141 -0.00471109 -0.00992295 -0.00314207 0.0914472 0.149075 0.232381 -0.0202471 -0.0122129 -0.0187365 -0.0105274 0.162691 -0.0244113 -0.125047 -0.0156659 -0.00449483 -0.0197297 -0.000420983 -0.12387 -0.0859778 -0.0319867 -0.019261 -0.0277764 0.032419 -0.0440911 -0.017304 -0.0824454 -0.10541
internal_weight=0 67 41 832 809 764 117 91 59 647 615 595 566 42 524 45 496 428 390 329 61 68 44 292 272 58 214 126 88 68
internal_count=899 67 41 832 809 764 117 91 59 647 615 595 566 42 524 45 496 428 390 329 61 68 44 292 272 58 214 126 88 68
is_linear=0
shrinkage=0.05


Tree=68
num_leaves=31
num_cat=0
split_feature=13 14 3 7 12 2 12 3 14 6 5 5 3 5 1 13 1 13 1 2 3 2 12 10 1 13 0 3 2 6
split_gain=386.114 572.504 343.218 286.97 241.446 643.021 292.724 380.012 785.953 379.67 367.554 494.929 470.186 348.36 138.949 250.073 153.098 149.379 199.299 188.921 136.434 132.043 243.786 201.364 109.409 61.8391 116.861 70.4895 83.705 128.257
threshold=8.6500000000000004 1.0000000180025095e-35 9.3500000000000032 91.836309523809533 20.750000000000004 21.450000000000003 22.250000000000004 9.9500000000000011 0.35000000000000003 46.406736111111115 51.405952380952392 43.787202380952387 11.950000000000001 41.088988095238101 63.83958333333333 15.450000000000001 54.914583333333333 12.450000000000001 35.75 25.450000000000003 12.950000000000001 32.95000000000001 34.050000000000004 3.5000000000000004 38.766666666666673 14.350000000000003 22.516666666666669 14.750000000000002 26.650000000000002 23.304930555555561
decision_type=2 2 2 10 2 2 2 2 2 10 10 10 2 10 2 2 2 2 2 2 2 2 2 2 2 2 2 2 2 8
left_child=1 2 -1 4 -2 -6 -7 8 9 -8 11 13 -13 14 16 -16 17 18 20 -19 -9 23 -23 24 -21 26 -25 -27 -29 -30
right_child=3 -3 -4 -5 5 6 7 10 -10 -11 -12 12 -14 -15 15 -17 -18 19 -20 21 -22 22 -24 25 -26 27 -28 28 29 -31
leaf_value=0.09550575046312243 -0.13246544015250708 -0.063244476814109538 0.38492152273654939 0.16967974622612414 0.25138489368061223 -0.15271800875663757 0.067595693861183373 -0.099565744262050712 -0.13357212399614268 0.29941707136053031 -0.18168035969138147 0.32190291796411791 -0.0020602797468503315 -0.19521845214601075 0.16607749492728285 -0.043412243395016113 -0.11426528803338963 0.11464569637817996 0.12789006571357067 -0.082167762777079711 0.062533593177795416 0.16693954303860667 -0.039609739124774938 -0.019653390844662985 -0.24206922993063928 0.039050786846723314 -0.16647119833075483 -0.11303723289498263 0.084171308682340643 -0.066983526872677931
leaf_weight=21 38 26 20 23 24 35 38 27 29 33 33 21 24 28 28 29 42 21 39 23 25 20 50 33 20 39 23 28 23 36
leaf_count=21 38 26 20 23 24 35 38 27 29 33 33 21 24 28 28 29 42 21 39 23 25 20 50 33 20 39 23 28 23 36
internal_value=0 0.120294 0.236684 -0.00447554 -0.0094268 -0.00336264 -0.0115473 -0.00460773 0.0857581 0.175344 -0.0193734 -0.0101227 0.149123 -0.0235423 -0.0140424 0.059495 -0.0233779 -0.0139988 0.0424481 -0.0302541 -0.0216334 -0.040569 0.0194043 -0.0592274 -0.156541 -0.0362359 -0.0799536 -0.0168058 -0.0418449 -0.00805876
internal_weight=0 67 41 832 809 771 747 712 100 71 612 579 45 534 506 57 449 407 91 316 52 295 70 225 43 182 56 126 87 59
internal_count=899 67 41 832 809 771 747 712 100 71 612 579 45 534 506 57 449 407 91 316 52 295 70 225 43 182 56 126 87 59
is_linear=0
shrinkage=0.05


Tree=69
num_leaves=31
num_cat=0
split_feature=13 14 13 8 1 5 0 5 7 2 7 5 8 5 5 7 3 1 7 7 5 3 5 5 3 13 5 7 6 6
split_gain=348.468 516.685 328.238 316.277 333.102 395.997 331.343 272.981 525.571 304.857 256.628 232.42 203.987 190.353 157.912 262.995 148.851 113.724 84.1274 109.811 332.933 400.201 304.604 134.986 117.943 172.906 119.052 106.674 81.6558 72.0452
threshold=8.6500000000000004 1.0000000180025095e-35 8.3500000000000032 62.25888888888889 87.308333333333351 36.588095238095249 64.629166666666677 43.507738095238103 56.422916666666673 24.050000000000004 85.082440476190513 41.088988095238101 72.952916666666695 38.90744047619048 35.31666666666667 54.383333333333333 11.15 66.639583333333363 53.38214285714286 40.630952380952394 29.827083333333338 10.65 32.647916666666674 30.263392857142858 11.950000000000001 12.250000000000002 23.93214285714286 43.794642857142861 18.771944444444447 19.767500000000002
decision_type=2 2 2 10 2 10 2 10 10 2 10 10 10 10 10 10 2 2 10 10 10 2 10 10 2 2 10 10 8 8
left_child=1 2 -1 6 5 -5 7 11 9 -9 -6 13 -7 14 17 -16 -10 18 19 20 21 -2 23 27 -23 -26 28 -21 -27 -30
right_child=3 -3 -4 4 10 12 -8 8 16 -11 -12 -13 -14 -15 15 -17 -18 -19 -20 22 -22 24 -24 -25 25 26 -28 -29 29 -31
leaf_value=0.086786778200240375 0.14551800100598486 -0.060082250933807639 0.3698163202404976 0.18876309506595135 0.29511343592947181 -0.15232809864605468 -0.17262116390647311 0.067202791050076482 0.04912633062763648 0.343271866561845 0.068650579837889511 -0.17836050028386324 0.025349605083465579 0.12157875373959542 -0.23146392184755077 -0.018285399713577368 -0.1327922539866489 0.10420785507187247 -0.10156871013875519 -0.056923189936649236 -0.19105529600222196 -0.12749685981664166 0.19797954186797143 -0.11134275036553543 0.089298570973257871 -0.089873721780531934 -0.11723706369337283 0.087231869295691003 0.079576769098639491 -0.018386537995298997
leaf_weight=21 36 26 20 22 22 30 33 20 22 20 29 23 35 24 23 39 23 20 28 21 28 29 22 24 31 32 38 33 23 102
leaf_count=21 36 26 20 22 22 30 33 20 22 20 29 23 35 24 23 39 23 20 28 21 28 29 22 24 31 32 38 33 23 102
internal_value=0 0.114279 0.22485 -0.00425176 0.0648808 0.00540438 -0.0179986 -0.0102791 0.0733653 0.205237 0.16634 -0.0226225 -0.0566555 -0.0161452 -0.0223935 -0.0973678 -0.0438543 -0.0124397 -0.0176589 -0.0120515 -0.026383 -0.0105383 0.0336659 -0.012679 -0.0325697 -0.0203888 -0.0378263 0.0311716 -0.0186059 -0.000361289
internal_weight=0 67 41 832 138 87 694 661 85 40 51 576 65 553 529 62 45 467 447 419 319 291 100 78 255 226 195 54 157 125
internal_count=899 67 41 832 138 87 694 661 85 40 51 576 65 553 529 62 45 467 447 419 319 291 100 78 255 226 195 54 157 125
is_linear=0
shrinkage=0.05


Tree=70
num_leaves=31
num_cat=0
split_feature=8 8 6 12 0 6 2 12 3 7 7 5 13 10 9 5 13 0 4 6 5 13 6 2 4 13 2 0 8 8
split_gain=402.646 304.57 281.11 782.411 571.489 316.541 300.821 678.45 276.495 267.424 174.189 556.18 419.693 528.869 358.762 188.646 183.663 130.449 239.715 266.786 156.596 178.147 116.995 85.9148 141.298 140.681 108.431 133.062 82.7656 228.339
threshold=86.123958333333348 81.69583333333334 49.595000000000013 25.550000000000004 61.175000000000004 53.311736111111117 20.250000000000004 21.650000000000002 9.8500000000000032 73.527083333333351 53.170238095238105 37.553273809523823 13.250000000000002 9.5000000000000018 4.5000000000000009 35.351785714285718 16.750000000000004 27.500000000000004 4.4000000000000012 38.54236111111112 31.551488095238096 15.65 35.921597222222225 27.050000000000004 8.1500000000000004 10.850000000000003 25.850000000000005 18.952083333333338 36.100416666666682 33.03208333333334
decision_type=10 10 10 2 2 10 2 2 2 10 10 10 2 2 2 8 2 2 2 8 10 2 10 2 2 2 2 2 8 10
left_child=1 2 4 5 6 -4 -1 -8 -6 10 11 15 13 -12 16 17 22 23 19 20 21 -19 -14 24 -9 -25 -26 -28 29 -27
right_child=-2 -3 3 -5 8 -7 7 9 -10 -11 12 -13 14 -15 -16 -17 -18 18 -20 -21 -22 -23 -24 25 26 28 27 -29 -30 -31
leaf_value=0.1683403629555621 -0.21110148429870607 0.16806660893683634 -0.076397421938600024 0.11395784531320846 0.29783772636543621 -0.32001897335052493 -0.29932545494465601 -0.11664818931828465 0.044192163149515795 0.12383664931569781 -0.28512158790552938 0.22166557381502711 0.092635032670064413 5.6507155813019855e-05 0.1816900969821621 -0.16623283103108408 -0.15836732262372971 -0.061018123681701369 0.17163520565629006 0.1597719573105375 -0.15409363731741907 0.11209388451407785 -0.072358194986979166 0.11492686054923318 0.059609574055479425 -0.073058737814426428 -0.12176399395102636 0.042638728767633444 -0.045418688379191233 0.16037219256162644
leaf_weight=22 25 24 24 28 22 30 21 57 21 35 37 26 22 29 22 20 25 42 25 21 22 23 21 22 31 22 32 20 101 20
leaf_count=22 25 24 24 28 22 30 21 57 21 35 37 26 22 29 22 20 25 42 25 21 22 23 21 22 31 22 32 20 101 20
internal_value=0 -0.00756873 -0.012569 -0.100528 -0.0030912 -0.211743 -0.0136948 -0.0194488 0.173964 -0.0107415 -0.0181013 -0.00329213 -0.0640475 -0.159816 0.00618275 -0.0160627 -0.050599 -0.00920557 0.032116 -0.0001801 -0.0387892 0.000236895 0.0120569 -0.0272245 -0.0560337 -0.00278027 -0.0144069 -0.0585322 -0.0208891 0.0380988
internal_weight=0 867 843 82 761 54 718 696 43 675 640 484 156 66 90 458 68 438 133 108 87 65 43 305 140 165 83 52 143 42
internal_count=892 867 843 82 761 54 718 696 43 675 640 484 156 66 90 458 68 438 133 108 87 65 43 305 140 165 83 52 143 42
is_linear=0
shrinkage=0.05


Tree=71
num_leaves=31
num_cat=0
split_feature=12 2 0 10 5 10 9 2 12 2 5 7 5 10 7 13 7 2 7 0 1 7 7 4 0 2 2 2 9 7
split_gain=310.789 680.056 539.962 329.893 343.787 435.876 414.915 175.091 137.079 256.903 814.636 244.305 433.501 285.654 260.489 170.711 214.955 169.077 159.042 124.773 104.35 97.168 267.284 108.214 211.325 175.225 154.257 233.333 76.9018 69.8492
threshold=20.950000000000003 20.250000000000004 76.647916666666674 11.500000000000002 66.505654761904779 10.500000000000002 3.5000000000000004 22.150000000000002 36.45000000000001 32.650000000000013 36.03244047619048 54.190178571428568 44.189583333333339 9.5000000000000018 50.236309523809531 13.350000000000003 63.755654761904765 34.650000000000013 49.381845238095245 39.843750000000007 54.495833333333344 44.779166666666676 40.410119047619055 8.1500000000000004 23.277083333333344 25.850000000000005 27.050000000000004 27.950000000000003 3.5000000000000004 29.972023809523815
decision_type=2 2 2 2 8 2 2 2 2 2 10 10 10 2 10 2 10 2 10 2 2 10 10 2 2 2 2 2 2 10
left_child=1 -1 3 4 5 7 -7 -2 9 11 17 12 14 15 19 20 -17 18 -11 21 -13 22 23 26 25 -25 -9 28 -28 -29
right_child=2 -3 -4 -5 -6 6 -8 8 -10 10 -12 13 -14 -15 -16 16 -18 -19 -20 -21 -22 -23 -24 24 -26 -27 27 29 -30 -31
leaf_value=0.053936015455811115 0.13257909644217719 -0.29476677765106335 0.21498765048605428 -0.16475015081026978 -0.20045181724920194 0.29937031916950063 -0.00096099324848340913 -0.12090271102407804 -0.12441073758182702 0.011082396569794843 0.30510371843926037 -0.090485035851597784 0.19439160637557507 0.034352516457438469 0.15065869038755245 -0.16205089843791465 0.051854974435021489 0.066340545751154431 -0.18351270733844668 -0.14191959703510457 -0.23292909719877775 -0.09938355274498463 0.13419776599982688 0.078429736440262673 0.16201081807725132 -0.075502303711540417 0.11196105549893072 -0.0042324770862857504 -0.0087064816090075877 -0.10704656978541952
leaf_weight=27 21 29 27 34 22 23 23 52 27 21 26 20 26 40 22 23 24 32 21 22 36 34 29 29 20 51 31 24 23 53
leaf_count=27 21 29 27 34 22 23 23 52 27 21 26 20 26 40 22 23 24 32 21 22 36 34 29 29 20 51 31 24 23 53
internal_value=0 -0.126642 -0.00497091 -0.0123119 -0.00562431 6.78577e-05 0.149205 -0.00963553 -0.013989 -0.00946493 0.0643456 -0.022669 -0.00328906 -0.0790468 -0.0164678 -0.123085 -0.0528224 -0.0202451 -0.0862152 -0.026459 -0.182056 -0.0191176 -0.0103707 -0.0251851 0.0166406 -0.0197019 -0.0480407 -0.0191184 0.0605656 -0.0750006
internal_weight=0 56 836 809 775 753 46 707 686 659 100 559 416 143 390 103 47 74 42 368 56 346 312 283 100 80 183 131 54 77
internal_count=892 56 836 809 775 753 46 707 686 659 100 559 416 143 390 103 47 74 42 368 56 346 312 283 100 80 183 131 54 77
is_linear=0
shrinkage=0.05


Tree=72
num_leaves=31
num_cat=0
split_feature=8 8 6 12 0 0 2 12 7 1 0 2 8 14 5 8 14 4 0 14 5 13 7 7 2 7 5 0 6 13
split_gain=348.082 276.049 241.979 687.081 489.199 328.02 261.37 570.456 225.47 221.31 160.896 217.62 170.099 210.748 168.453 273.505 135.598 112.921 220.154 103.064 136.123 260.164 186.92 84.5645 77.5575 122.219 95.2053 107.435 59.5419 59.1351
threshold=86.123958333333348 81.69583333333334 49.595000000000013 25.550000000000004 61.175000000000004 55.179166666666667 20.250000000000004 21.650000000000002 73.527083333333351 83.787500000000009 53.791666666666671 24.450000000000003 58.920138888888893 1.0000000180025095e-35 37.553273809523823 48.114791666666669 19.950000000000006 6.7500000000000009 23.747916666666676 6.9500000000000011 31.041071428571431 16.750000000000004 48.775892857142857 25.239583333333336 28.150000000000002 27.313690476190477 28.209821428571434 22.112500000000008 36.117916666666666 15.65
decision_type=10 10 10 2 2 2 2 2 10 2 2 2 10 2 10 10 2 2 2 2 10 2 10 10 2 8 10 2 8 2
left_child=1 2 4 5 6 -4 -1 -8 10 -6 11 -9 14 -14 16 -16 17 19 23 20 24 22 -22 -19 25 -13 27 -26 -27 -29
right_child=-2 -3 3 -5 9 -7 7 8 -10 -11 -12 12 13 -15 15 -17 -18 18 -20 -21 21 -23 -24 -25 26 28 -28 29 -30 -31
leaf_value=0.15722654363648458 -0.19591541051864625 0.16053451085463166 -0.1027482169077677 0.10795167088508606 0.28281332761049272 -0.35793757431209089 -0.27445263082072852 0.11284839908281963 0.11373966004167285 0.055394768844480108 -0.15617282211780548 -0.029857865459210167 -0.22317092479629952 -0.014694667966277511 0.20815369585020976 -0.03138489546970679 -0.10146110548597316 -0.067551007763379148 0.1460057857746799 -0.10773577753125746 -0.11524758498583521 -0.20853870656962195 0.054078744275447656 0.04082367649922769 0.015581439593806862 0.13693185022165036 0.054100767336785795 -0.13907381966710092 0.032729579164431644 -0.031148712743412368
leaf_weight=22 25 24 34 28 20 20 21 33 35 23 20 37 22 27 22 26 46 36 31 34 28 24 39 36 40 29 32 30 26 22
leaf_count=22 25 24 34 28 20 20 21 33 35 23 20 37 22 27 22 26 46 36 31 34 28 24 39 36 40 29 32 30 26 22
internal_value=0 -0.00667518 -0.0114356 -0.0930432 -0.00264213 -0.197263 -0.0124527 -0.0178161 -0.00983183 0.161171 -0.0165897 -0.012087 -0.0191106 -0.108296 -0.0109877 0.0784036 -0.0197444 -0.0112783 0.0346019 -0.0251365 -0.0159887 -0.0672834 -0.0166845 -0.0133637 0.00562152 0.0404049 -0.0201855 -0.0460242 0.0876726 -0.0934132
internal_weight=0 867 843 82 761 54 718 696 675 43 640 620 587 49 538 48 490 444 103 341 307 91 67 72 216 92 124 92 55 52
internal_count=892 867 843 82 761 54 718 696 675 43 640 620 587 49 538 48 490 444 103 341 307 91 67 72 216 92 124 92 55 52
is_linear=0
shrinkage=0.05


Tree=73
num_leaves=31
num_cat=0
split_feature=8 3 5 12 6 13 12 2 0 1 0 12 0 12 8 13 5 12 10 13 1 5 5 0 4 3 8 8 3 1
split_gain=314.144 259.209 690.285 564.935 468.78 453.026 613.248 550.408 300.704 277.417 328.749 301.46 210.004 167.998 144.711 131.722 252.066 126.866 156.607 155.751 146.193 112.681 233.621 104.366 154.544 86.7602 219.779 171.461 88.2359 152.068
threshold=86.123958333333348 10.050000000000002 51.30238095238095 23.350000000000005 47.983611111111109 8.6500000000000004 23.850000000000005 21.850000000000005 48.343750000000007 83.041666666666686 47.758333333333333 24.850000000000005 44.025000000000006 20.750000000000004 58.920138888888893 10.65 36.206250000000004 27.350000000000005 7.5000000000000009 16.250000000000004 26.433333333333341 33.962500000000006 37.132738095238103 23.502083333333339 8.1500000000000004 13.550000000000002 36.100416666666682 41.227152777777775 15.15 37.306250000000006
decision_type=10 2 10 2 10 2 2 2 2 2 2 2 2 2 10 2 10 2 2 2 2 8 8 2 2 2 8 8 2 2
left_child=1 2 4 -4 8 -3 7 13 15 10 11 -8 14 -7 17 16 -1 18 20 23 -13 25 -23 24 -20 27 -27 -19 -28 -30
right_child=-2 5 3 -5 -6 6 9 -9 -10 -11 -12 12 -14 -15 -16 -17 -18 21 19 -21 -22 22 -24 -25 -26 26 28 -29 29 -31
leaf_value=0.11154339357334025 -0.18611963605880738 0.17647668878946987 0.38943653844974263 0.066095259828226907 -0.23445323421841577 -0.15211975200101735 0.18029250347986819 -0.33574437961496156 0.1935586575950895 0.13846248641353229 -0.16629082867875697 -0.05286869713558983 0.14110320087522268 0.052817852348089223 -0.11657898038243637 -0.10198062658309937 -0.1121586337685585 -0.038742252877529935 -0.12255935519933701 -0.10735061560426989 -0.2097118185212215 0.15442153705622663 -0.045983430309794272 0.090656642418573893 0.071647066771984111 0.068258678189013156 -0.13694257215794289 0.12675241308993307 -0.10470422901035775 0.034315610415226704
leaf_weight=34 25 28 22 35 21 20 20 29 21 29 36 39 20 20 39 30 20 34 21 31 24 33 26 34 20 40 33 29 42 37
leaf_count=34 25 28 22 35 21 20 20 29 21 29 36 39 20 20 39 30 20 34 21 31 24 33 26 34 20 40 33 29 42 37
internal_value=0 -0.00634142 0.0465139 0.190894 -0.0188008 -0.0204825 -0.0288893 -0.169893 0.0243297 -0.0123148 -0.0201509 -0.0100722 -0.0176565 -0.0496509 -0.024244 -0.0179776 0.0286908 -0.0161152 -0.0501853 -0.0130788 -0.112618 0.00489879 0.0661075 0.0258869 -0.0278245 -0.011898 -0.0323464 0.0374378 -0.0682768 -0.0395937
internal_weight=0 867 183 57 126 684 656 69 105 587 558 522 502 40 482 84 54 443 169 106 63 274 59 75 41 215 152 63 112 79
internal_count=892 867 183 57 126 684 656 69 105 587 558 522 502 40 482 84 54 443 169 106 63 274 59 75 41 215 152 63 112 79
is_linear=0
shrinkage=0.05


Tree=74
num_leaves=31
num_cat=0
split_feature=8 8 12 2 0 0 0 12 2 6 6 6 12 7 2 8 6 6 8 8 0 5 8 9 13 2 6 2 7 1
split_gain=283.515 237.039 214.188 592.544 321.788 169.524 303.645 273.562 342.29 186.417 200.757 136.484 125.944 235.989 120.408 128.744 184.67 300.027 212.217 257.097 325.249 159.332 97.6234 97.6061 180.358 124.892 93.9489 78.4684 86.1318 84.4957
threshold=86.123958333333348 81.69583333333334 20.950000000000003 20.050000000000004 75.533333333333346 63.429166666666674 59.572916666666664 23.050000000000004 24.450000000000003 53.049513888888889 42.968611111111123 45.438958333333346 36.45000000000001 73.022321428571459 27.150000000000002 58.392361111111107 29.322500000000002 31.320972222222224 48.457152777777786 51.952361111111124 30.420833333333338 31.551488095238096 23.592916666666671 4.5000000000000009 16.150000000000002 28.550000000000004 36.034166666666664 25.650000000000002 21.211011904761907 33.59791666666667
decision_type=10 10 2 2 2 2 2 2 2 10 10 10 2 10 2 8 10 8 10 10 2 10 10 2 2 2 10 2 10 2
left_child=1 2 3 -1 5 6 7 11 -9 10 12 -4 13 14 22 16 21 -18 -19 -20 -21 23 -10 24 25 -16 -17 -24 -29 -30
right_child=-2 -3 4 -5 -6 -7 -8 8 9 -11 -12 -13 -14 -15 15 26 17 18 19 20 -22 -23 27 -25 -26 -27 -28 28 29 -31
leaf_value=0.085919587314128881 -0.17681365191936493 0.14892085331181687 -0.046153632402420042 -0.25819647255642664 0.16560484595872738 -0.14681246903809636 0.18144323634249826 0.13985441904037427 0.048888693928718571 0.13033615770665083 -0.15110918410398344 -0.23087224587798119 -0.11721042373769537 0.14675214389959973 0.053105247517426818 -0.009249006748199463 0.19293351664673539 0.12202255131457658 -0.15551706805037191 -0.0750806862005481 0.18728496487296764 -0.13377300503735359 0.0094711202015686363 -0.068983746426446099 0.15037573057672252 -0.081559315052899456 -0.15463985953480008 0.023226071018725633 -0.13053588188696105 -0.047977182059179224
leaf_weight=22 25 24 20 29 27 22 21 39 25 22 27 20 27 24 36 25 32 34 26 27 21 26 36 35 23 33 20 20 61 63
leaf_count=22 25 24 20 29 27 22 21 39 25 22 27 20 27 24 36 25 32 34 26 27 21 26 36 35 23 33 20 20 61 63
internal_value=0 -0.00602435 -0.0104356 -0.109754 -0.00404008 -0.0100275 -0.00597739 -0.0114287 -0.00397506 -0.0126988 -0.017766 -0.138513 -0.011705 -0.00668091 -0.0134625 0.00487403 0.0169674 0.0584643 0.0186216 -0.028887 0.0397043 -0.0210036 -0.0436954 0.00208301 0.0291193 -0.0112995 -0.0738672 -0.0565543 -0.0730606 -0.0885907
internal_weight=0 867 843 51 792 765 743 722 682 643 621 40 594 567 543 338 293 140 108 74 48 153 205 127 92 69 45 180 144 124
internal_count=892 867 843 51 792 765 743 722 682 643 621 40 594 567 543 338 293 140 108 74 48 153 205 127 92 69 45 180 144 124
is_linear=0
shrinkage=0.05


Tree=75
num_leaves=31
num_cat=0
split_feature=10 7 6 12 5 6 6 8 6 5 1 6 3 7 13 13 12 5 1 2 5 13 5 5 12 1 2 2 6 6
split_gain=357.053 662.925 616.798 370.47 281.426 267.308 240.877 197.851 174.103 375.684 363.12 270.747 138.53 212.912 206.717 241.846 196.882 186.559 152.652 229.765 210.905 141.208 93.3493 116.995 90.6352 87.1068 121.878 262.853 123.048 105.726
threshold=10.500000000000002 57.300892857142863 49.595000000000013 23.250000000000004 57.285119047619055 53.983402777777791 41.615277777777784 75.181041666666687 42.284583333333337 45.832142857142863 57.918750000000003 45.173958333333353 10.250000000000002 43.345833333333339 10.550000000000002 12.350000000000003 28.150000000000002 28.209821428571434 53.112500000000018 32.95000000000001 33.699404761904766 15.450000000000001 23.537500000000005 17.708035714285717 32.650000000000013 47.322916666666664 29.850000000000005 33.45000000000001 31.749722222222228 22.409305555555559
decision_type=2 10 10 2 10 10 10 10 10 8 2 10 2 10 2 2 2 10 2 2 10 2 10 10 2 2 2 2 8 10
left_child=4 2 6 -3 5 8 -2 -5 9 12 11 -10 13 -1 17 16 -16 -14 21 20 -20 22 23 -17 -24 26 28 -28 29 -23
right_child=1 3 -4 7 -6 -7 -8 -9 10 -11 -12 -13 14 -15 15 18 -18 -19 19 -21 -22 25 24 -25 -26 -27 27 -29 -30 -31
leaf_value=0.14318214864344211 -0.03491855581169543 0.32364313839453052 -0.24264566374375771 0.20167110616510567 -0.14618646658380063 0.15248085116701468 0.199299713685399 -0.0080636162796746125 -0.13555527931970099 0.21128228817667283 -0.2598209662362933 0.095967541075411389 -0.0065564476574460672 -0.043521308196851842 0.018929217053311215 -0.094374351011855262 0.20724599285294182 -0.19814773952519452 0.080081811066596745 0.14154833648886 -0.09671978940306282 -0.027257517354883021 -0.16358869184668248 0.03901207514347569 -0.038442342177681305 -0.10345162089914084 0.20702092221805027 -0.022085907899083629 -0.11749988204011551 0.095799384390314435
leaf_weight=37 23 29 23 22 34 28 21 23 23 21 20 28 24 26 35 35 23 27 31 35 37 64 39 31 23 20 21 31 26 24
leaf_count=37 23 29 23 22 34 28 21 23 23 21 20 28 24 26 35 35 23 27 31 35 37 64 39 31 23 20 21 31 26 24
internal_value=0 0.0811225 -0.0328162 0.184283 -0.00566533 0.00107334 0.0768674 0.0944734 -0.00515193 0.00347317 -0.0792549 -0.00844471 -0.00393598 0.0661299 -0.0123279 -0.00205712 0.0936066 -0.107987 -0.0153629 0.0374572 -0.0161191 -0.0326892 -0.0731083 -0.0317232 -0.117163 -0.00487392 0.00700291 0.070438 -0.0219324 0.00630346
internal_weight=0 141 67 74 743 709 44 45 681 610 71 51 589 63 526 475 58 51 417 103 68 314 128 66 62 186 166 52 114 88
internal_count=884 141 67 74 743 709 44 45 681 610 71 51 589 63 526 475 58 51 417 103 68 314 128 66 62 186 166 52 114 88
is_linear=0
shrinkage=0.05


Tree=76
num_leaves=31
num_cat=0
split_feature=10 7 6 12 5 6 6 8 6 5 1 6 3 7 8 5 8 3 7 12 9 10 0 7 0 9 2 6 6 7
split_gain=322.241 598.29 556.66 334.349 253.987 241.245 217.392 178.561 157.128 339.055 327.716 244.349 125.023 192.153 115.841 305.73 409.22 245.453 196.903 222.367 167.429 329.575 226.164 154.58 128.468 110.315 110.312 94.6059 96.9213 90.5453
threshold=10.500000000000002 57.300892857142863 49.595000000000013 23.250000000000004 57.285119047619055 53.983402777777791 41.615277777777784 75.181041666666687 42.284583333333337 45.832142857142863 57.918750000000003 45.173958333333353 10.250000000000002 43.345833333333339 45.772083333333335 37.132738095238103 46.931458333333346 11.15 58.085416666666667 28.950000000000003 3.5000000000000004 8.5000000000000018 34.100000000000001 38.288392857142867 14.174999999999999 2.5000000000000004 33.45000000000001 19.767500000000002 18.771944444444447 64.014583333333363
decision_type=2 10 10 2 10 10 10 10 10 8 2 10 2 10 10 10 10 2 10 2 2 2 2 10 2 2 2 10 8 10
left_child=4 2 6 -3 5 8 -2 -5 9 12 11 -10 13 -1 17 16 -16 -14 19 -18 22 23 27 24 -22 -21 -27 28 -19 -17
right_child=1 3 -4 7 -6 -7 -8 -9 10 -11 -12 -13 14 -15 15 29 18 20 -20 25 21 -23 -24 -25 -26 26 -28 -29 -30 -31
leaf_value=0.13602304200868351 -0.033172629320103196 0.30746097883273821 -0.23051337926932006 0.1915875554084778 -0.13887714357937084 0.14485680585993188 0.18933472633361817 -0.0076604378936083427 -0.1287775148516116 0.2007181790612993 -0.24682991929352283 0.091169165700141885 -0.17539331339023734 -0.041345246881246571 0.26261760510504245 -0.16123873392200991 0.09756921090577779 -0.018551020600177624 0.16646310845389964 -0.11123853825326813 -0.16307394996536181 0.079020554286738237 0.17230460229329767 -0.23522469335235657 -0.020308739729225637 0.088364920658724644 -0.067081770392134796 -0.036916464087652402 0.11807374837994576 -0.031178227812051776
leaf_weight=37 23 29 23 22 34 28 21 23 23 21 20 28 27 26 20 23 38 27 20 38 26 30 20 20 40 21 25 94 25 32
leaf_count=37 23 29 23 22 34 28 21 23 23 21 20 28 27 26 20 23 38 27 20 38 26 30 20 20 40 21 25 94 25 32
internal_value=0 0.0770664 -0.0311754 0.175069 -0.00538206 0.00101968 0.0730241 0.0897497 -0.00489433 0.00329952 -0.0752922 -0.00802247 -0.00373918 0.0628234 -0.0117115 0.0162885 0.0508691 -0.0313749 0.0210454 -0.00279357 -0.017586 -0.0636737 0.0146199 -0.113451 -0.0765496 -0.0481958 0.00388302 -0.0069807 0.047134 -0.0855672
internal_weight=0 141 67 74 743 709 44 45 681 610 71 51 589 63 526 217 162 309 142 122 282 116 166 86 66 84 46 146 52 55
internal_count=884 141 67 74 743 709 44 45 681 610 71 51 589 63 526 217 162 309 142 122 282 116 166 86 66 84 46 146 52 55
is_linear=0
shrinkage=0.05


Tree=77
num_leaves=31
num_cat=0
split_feature=10 7 6 7 5 6 8 3 12 0 12 3 14 6 3 1 10 5 7 8 7 13 9 8 12 3 5 3 13 3
split_gain=290.822 543.61 441.606 384.027 229.224 217.724 159.362 147.257 320.859 331.532 272.772 389.88 298.982 344.007 263.908 223.053 245.066 143.855 136.772 132.409 131.303 181.037 160.182 126.978 85.08 68.5309 142.475 71.4397 69.0281 40.2712
threshold=10.500000000000002 60.804464285714282 49.595000000000013 81.448809523809544 57.285119047619055 53.983402777777791 44.530347222222225 10.65 26.350000000000005 30.622916666666672 29.050000000000004 8.5500000000000025 1.4500000000000002 42.600416666666668 12.65 53.112500000000018 4.5000000000000009 35.351785714285718 61.37916666666667 46.986388888888904 32.95000000000001 12.450000000000001 4.5000000000000009 37.143958333333337 25.150000000000002 12.750000000000002 17.889880952380956 16.150000000000002 18.450000000000003 18.150000000000002
decision_type=2 8 10 10 10 10 10 2 2 2 2 2 2 10 2 2 2 10 10 10 10 2 2 10 2 2 10 2 2 2
left_child=4 2 6 -3 5 7 -2 10 9 14 11 -1 13 -13 -9 17 -17 20 19 -18 25 -22 23 -23 -16 -10 27 -27 -29 -25
right_child=1 3 -4 -5 -6 -7 -8 8 15 -11 -12 12 -14 -15 24 16 18 -19 -20 -21 21 22 -24 29 -26 26 -28 28 -30 -31
leaf_value=-0.074063082089026774 -0.013136502438121374 0.29031116999685763 -0.19194369517266752 0.052564621061989759 -0.1319332806941341 0.13761396048856633 0.17051391580275127 -0.19580399462953213 0.029910996384345568 -0.22311498303756572 -0.12410182714462281 0.33111959806195013 -0.00016637703031301501 0.061294287301245191 0.08914576114519783 0.16462352432501623 0.025991709830780186 -0.12244028851389886 0.089631409229976797 -0.13902153044939042 0.13257548097641236 0.054175286173820496 0.088365453240626002 -0.10986187076912478 -0.029994235854855805 -0.08069351762533189 -0.12860166367557313 0.09410687232390047 -0.037259077429771428 -0.022595637338235976
leaf_weight=30 27 35 25 33 34 28 21 20 26 33 20 27 25 21 23 39 31 30 35 20 31 25 34 39 43 24 45 20 20 20
leaf_count=30 27 35 25 33 34 28 21 20 26 33 20 27 25 21 23 39 31 30 35 20 31 25 34 39 43 24 45 20 20 20
internal_value=0 0.073213 -0.0215409 0.174934 -0.00511296 0.000968692 0.0672106 -0.00464962 -0.0155658 -0.0883889 0.0448725 0.0776831 0.140045 0.213071 -0.0366916 0.00417441 0.0606618 -0.0183126 0.0135164 -0.0387194 -0.00731322 0.0250478 -0.003201 -0.0402636 0.0115242 -0.0430302 -0.060429 -0.0124951 0.0284239 -0.0802801
internal_weight=0 141 73 68 743 709 48 681 558 119 123 103 73 48 86 439 125 314 86 51 284 149 118 84 66 135 109 64 40 59
internal_count=884 141 73 68 743 709 48 681 558 119 123 103 73 48 86 439 125 314 86 51 284 149 118 84 66 135 109 64 40 59
is_linear=0
shrinkage=0.05


Tree=78
num_leaves=31
num_cat=0
split_feature=10 7 6 12 5 6 6 6 3 12 0 12 3 5 3 7 0 7 5 6 6 2 7 2 3 3 0 9 2 8
split_gain=262.467 490.898 458.424 297.617 206.874 196.496 181.077 158.408 132.9 289.576 299.208 246.177 351.867 292.908 238.177 191.318 189.866 166.378 149.803 140.77 255.448 154.218 143.74 99.5918 92.5632 103.055 112.818 101.811 96.1164 64.2493
threshold=10.500000000000002 57.300892857142863 49.595000000000013 23.250000000000004 57.285119047619055 53.983402777777791 41.615277777777784 48.689791666666672 10.65 26.350000000000005 30.622916666666672 29.050000000000004 8.5500000000000025 42.592857142857149 12.65 41.97589285714286 47.385416666666679 61.37916666666667 38.195833333333347 33.736736111111121 32.083263888888901 30.550000000000004 49.381845238095245 25.450000000000003 13.15 14.15 31.381249999999998 3.5000000000000004 27.450000000000003 35.706250000000004
decision_type=2 10 10 2 10 10 10 10 2 2 2 2 2 10 2 10 2 10 10 10 10 2 10 2 2 2 2 2 2 8
left_child=4 2 6 -3 5 8 -2 -5 11 10 14 12 -1 15 -10 -14 17 19 -19 20 24 -21 -23 -16 27 -26 28 -11 -27 -30
right_child=1 3 -4 7 -6 -7 -8 -9 9 16 -12 -13 13 -15 23 -17 -18 18 -20 21 -22 22 -24 -25 25 26 -28 -29 29 -31
leaf_value=-0.070359929601351429 -0.030857171312622403 0.28323265427145466 -0.20939052496915278 0.1655803422133128 -0.12533661793260015 0.13073326887263517 0.172216824211535 -0.022459312989598232 -0.18601379226893189 -0.012625787926739768 -0.2119592329741202 -0.11789673849940302 0.16128106654089477 0.29608336970210075 0.10409609850496054 -0.029018003463745119 0.12537785862882933 0.18702986333519223 0.0078635195004088543 -0.16797155573450287 0.14275250535990511 0.075419495884506471 -0.10370261170125257 -0.029551122272792069 -0.11066011445862907 0.013968209427086606 0.092068417281621989 0.12065766508812491 0.0086149202287197114 -0.095084604532536809
leaf_weight=30 23 29 23 24 34 28 21 21 20 38 33 20 28 20 20 25 30 20 28 29 28 21 24 46 35 63 21 23 20 59
leaf_count=30 23 29 23 24 34 28 21 21 20 38 33 20 28 20 20 25 30 20 28 29 28 21 24 46 35 63 21 23 20 59
internal_value=0 0.0695524 -0.0284947 0.158325 -0.00485731 0.000920257 0.0660645 0.0778285 -0.00441714 -0.0147875 -0.0839694 0.0426289 0.0737989 0.133042 -0.034857 0.0715174 0.00396569 -0.00493985 0.0825162 -0.0165684 -0.0007141 -0.0780571 -0.0201123 0.010948 -0.016224 -0.032815 -0.0160998 0.0376286 -0.0320965 -0.0688316
internal_weight=0 141 67 74 743 709 44 45 681 558 119 123 103 73 86 53 439 409 48 361 287 74 45 66 259 198 163 61 142 79
internal_count=884 141 67 74 743 709 44 45 681 558 119 123 103 73 86 53 439 409 48 361 287 74 45 66 259 198 163 61 142 79
is_linear=0
shrinkage=0.05


Tree=79
num_leaves=31
num_cat=0
split_feature=10 7 6 7 5 6 9 5 6 6 6 5 5 3 0 13 3 13 12 6 3 6 14 7 7 12 5 5 4 4
split_gain=236.876 448.06 357.346 339.937 200.245 518.481 361.71 267.823 252.935 115.056 163.418 240.448 339.066 199.32 205.396 145.942 133.294 177.76 191.601 113.192 110.453 74.452 110.68 119.104 145.412 97.1098 109.521 87.6358 117.319 58.09
threshold=10.500000000000002 60.804464285714282 49.595000000000013 81.448809523809544 52.132738095238103 53.049513888888889 2.5000000000000004 47.754761904761914 42.284583333333337 29.760625000000001 30.958333333333332 29.0702380952381 25.336011904761907 18.150000000000002 26.152083333333334 18.050000000000004 10.65 13.350000000000003 32.550000000000004 41.484652777777775 11.350000000000003 28.697500000000002 1.0000000180025095e-35 44.108035714285727 34.845238095238102 34.050000000000004 25.878273809523815 19.458333333333339 15.200000000000001 2.3500000000000001
decision_type=2 10 10 10 10 10 2 10 10 10 10 10 10 2 2 2 2 2 2 10 2 10 2 10 10 2 10 10 2 2
left_child=4 2 19 -3 5 7 -6 8 9 21 -11 12 -12 14 -13 16 -16 -18 -19 -2 -10 22 25 24 27 26 -1 29 -29 -24
right_child=1 3 -4 -5 6 -7 -8 -9 20 10 11 13 -14 -15 15 -17 17 18 -20 -21 -22 -23 23 -25 -26 -27 -28 28 -30 -31
leaf_value=0.0072788377106189732 -0.013759362041950227 0.26697642418955053 -0.17323609590530398 0.043293667358882501 0.057813957571983335 0.24205849058926107 -0.18706901859688133 0.16681645106185566 -0.21484217822551727 0.14777950239367785 -0.016719650874535245 -0.18625254661522128 0.22751503045912141 0.094107137163800592 0.12229087688028813 -0.13795657690082277 -0.13813492947298547 -0.053506102439548286 0.14912018325179816 0.13993748753615048 -0.050659992758716854 -0.096118299004932239 -0.064878250477569441 -0.10520824462707555 0.077038783559928076 -0.041203041317030079 0.17076680135159267 -0.15056730389595033 0.0057703151181340215 0.010691853348285922
leaf_weight=20 25 35 25 33 25 22 38 22 20 24 30 22 27 31 20 21 23 28 20 23 21 30 35 42 37 21 21 30 20 93
leaf_count=20 25 35 25 33 25 22 38 22 20 24 30 22 27 31 20 21 23 28 20 23 21 30 35 42 37 21 21 30 20 93
internal_value=0 0.0660748 -0.0199496 0.158424 -0.00461445 0.00328638 -0.0898932 -0.00469688 -0.0106297 -0.00235261 0.023836 0.0104367 0.0989705 -0.0201477 -0.0465798 -0.0191441 0.00827414 -0.0238432 0.0309215 0.059887 -0.130749 -0.0208122 -0.0137301 -0.0281958 -0.0131515 0.0462325 0.0910166 -0.0318989 -0.0880323 -0.00997185
internal_weight=0 141 73 68 743 680 63 658 636 595 246 222 57 165 134 112 91 71 48 48 41 349 319 257 215 62 41 178 50 128
internal_count=884 141 73 68 743 680 63 658 636 595 246 222 57 165 134 112 91 71 48 48 41 349 319 257 215 62 41 178 50 128
is_linear=0
shrinkage=0.05


Tree=80
num_leaves=31
num_cat=0
split_feature=0 2 12 8 8 12 2 0 3 9 6 8 0 6 6 14 0 6 0 12 12 2 8 3 4 4 2 4 3 14
split_gain=263.236 265.581 453.669 325.932 294.92 297.258 251.619 334.544 306.057 297 271.994 253.267 222.928 182.227 128.462 152.102 270.265 191.908 196.355 121.789 200.911 216.667 106.297 128.154 103.955 100.155 89.6233 82.6353 76.3463 91.184
threshold=82.302083333333329 21.450000000000003 20.450000000000003 55.888125000000009 83.566874999999996 21.950000000000003 24.450000000000003 53.683333333333344 9.7500000000000018 2.5000000000000004 25.177152777777781 36.100416666666682 61.175000000000004 47.437291666666674 36.640972222222231 1.0000000180025095e-35 20.118750000000002 30.553680555555562 30.164583333333344 32.750000000000007 31.350000000000005 28.450000000000003 23.592916666666671 11.15 26.000000000000004 0.15000000000000005 30.650000000000002 0.65000000000000002 17.150000000000002 0.45000000000000007
decision_type=2 2 2 10 10 2 2 2 2 2 10 10 2 10 10 2 2 10 2 2 2 2 8 2 2 2 2 2 2 2
left_child=1 2 -1 -4 5 -3 8 10 -7 -10 22 -12 -9 14 15 19 -17 -18 -19 20 21 -13 -8 -24 28 26 -16 -20 29 -25
right_child=-2 4 3 -5 -6 6 7 12 9 -11 11 13 -14 -15 25 16 17 18 27 -21 -22 -23 23 24 -26 -27 -28 -29 -30 -31
leaf_value=-0.082803979236632588 -0.17946740061044694 -0.1893867724016309 0.039674295485019689 0.29893588650005837 -0.1807694217109162 0.20633246176170583 0.062453649255136648 -0.25480541501726423 0.14572259749878536 -0.10176498006891321 0.20386923533864321 0.076988073155797768 -0.031734277214854958 0.14646516199465151 -0.059158046854458551 -0.051609150975039514 0.0016317763652365942 0.29251919224858286 0.038251946348211045 -0.061929551681928464 0.16625920321260179 -0.12387223279476166 -0.12796057417261891 0.053526998446746313 -0.1366531387344003 -0.11908823472482187 0.054178954018844351 0.17721783593297005 0.041929117820802192 -0.060411780184113431
leaf_weight=24 20 20 22 27 23 33 24 21 22 27 20 29 24 27 37 33 26 20 23 57 21 25 41 22 20 27 33 20 42 87
leaf_count=24 20 20 22 27 23 33 24 21 22 27 20 29 24 27 37 33 26 20 23 57 21 25 41 22 20 27 33 20 42 87
internal_value=0 0.00398526 0.0952987 0.182533 -0.00430564 0.000891116 0.00589185 -0.00409944 0.0886246 0.00935189 0.00525082 0.0304693 -0.135834 0.0212947 0.0116662 0.0303589 0.0706054 0.115921 0.163088 -0.00683858 0.0350306 -0.0160028 -0.0372787 -0.0485691 -0.0295337 -0.0372817 -0.00572775 0.102887 -0.0153457 -0.037415
internal_weight=0 877 73 49 804 781 761 679 82 49 634 398 45 378 351 254 122 89 63 132 75 54 236 212 171 97 70 43 151 109
internal_count=897 877 73 49 804 781 761 679 82 49 634 398 45 378 351 254 122 89 63 132 75 54 236 212 171 97 70 43 151 109
is_linear=0
shrinkage=0.05


Tree=81
num_leaves=31
num_cat=0
split_feature=0 2 8 12 7 10 6 5 5 2 12 14 7 8 0 3 0 8 3 3 8 13 13 13 13 7 9 5 6 0
split_gain=237.57 241.173 366.093 365.45 287.88 244.092 392.977 380.585 296.626 191.88 297.511 364.751 294.337 423.182 532.497 352.873 189.69 149.984 126.368 124.156 108.237 106.83 129.736 92.264 106.71 85.3241 83.3859 81.2597 138.208 77.5826
threshold=82.302083333333329 21.750000000000004 83.566874999999996 20.450000000000003 48.439880952380953 9.5000000000000018 46.68611111111111 52.666964285714293 47.84494047619048 32.95000000000001 33.850000000000001 0.15000000000000005 54.634226190476191 45.772083333333335 33.439583333333339 11.050000000000002 35.525000000000013 51.952361111111124 12.950000000000001 17.250000000000004 23.592916666666671 15.550000000000002 16.950000000000003 12.250000000000002 9.7500000000000018 63.755654761904765 3.5000000000000004 32.023809523809526 35.921597222222225 22.516666666666669
decision_type=2 2 10 2 10 2 10 10 10 2 2 2 10 10 2 2 2 10 2 2 8 2 2 2 2 10 2 10 10 2
left_child=1 3 5 -1 -5 7 8 9 27 12 11 -11 13 16 17 -16 20 -15 -14 -12 -3 23 -23 24 -22 -20 -24 -7 -29 -25
right_child=-2 2 -4 4 -6 6 -8 -9 -10 10 19 -13 18 14 15 -17 -18 -19 25 -21 21 22 26 29 -26 -27 -28 28 -30 -31
leaf_value=-0.078663776256144055 -0.17049403294920923 0.0847048580646515 -0.2158466768451035 0.033966998479984425 0.2572865440720512 0.01054790505478459 0.2352893925057008 -0.17798955048801324 -0.094602385006452863 0.30605586330805507 -0.058718055559995964 0.025886472945029923 -0.19507452977391393 0.073934869548758941 0.37668704748153692 0.079671309515833857 -0.17763502285594035 -0.067491493340410089 -0.13041352999210359 0.07745148610019198 -0.11620456214412117 0.091856542369350799 0.017171467028351296 -0.062747316295281061 0.020065722132430359 -0.0062628435992425485 -0.10033835549122438 0.2156704554706812 0.047082577789983447 -0.17443282720835315
leaf_weight=24 20 22 20 27 31 31 26 33 38 21 47 26 26 37 20 20 21 38 25 26 20 32 36 48 51 31 26 20 31 23
leaf_count=24 20 22 20 27 31 31 26 33 38 21 47 26 26 37 20 20 21 38 25 26 20 32 36 48 51 31 26 20 31 23
internal_value=0 0.003786 -0.0046349 0.0854276 0.153327 0.00081573 0.0590588 -0.0127033 0.0208755 -0.00355158 0.0529518 0.151069 -0.0177961 0.00014079 0.0808529 0.228179 -0.0331276 0.00227885 -0.103981 -0.0102193 -0.0213654 -0.0312533 0.0100935 -0.0586237 -0.0183203 -0.0616873 -0.0321068 0.0743897 0.113195 -0.0989271
internal_weight=0 877 795 82 58 775 146 629 120 596 120 47 476 394 115 40 279 75 82 73 258 236 94 142 71 56 62 82 51 71
internal_count=897 877 795 82 58 775 146 629 120 596 120 47 476 394 115 40 279 75 82 73 258 236 94 142 71 56 62 82 51 71
is_linear=0
shrinkage=0.05


Tree=82
num_leaves=31
num_cat=0
split_feature=0 2 12 8 8 12 3 0 0 2 12 14 9 2 8 5 10 3 13 0 0 13 10 7 9 2 13 3 10 13
split_gain=214.407 221.645 374.169 279.435 242.598 270.854 225.986 507.096 401.149 201.724 375.697 225.699 165.863 169.616 190.103 145.683 214.196 173.114 167.436 182.218 157.725 151.74 129.434 187.617 121.008 142.706 180.842 112.051 75.646 118.896
threshold=82.302083333333329 21.450000000000003 20.450000000000003 55.888125000000009 83.566874999999996 21.950000000000003 9.9500000000000011 61.375000000000007 57.997916666666676 32.95000000000001 33.850000000000001 0.15000000000000005 1.5000000000000002 27.050000000000004 48.457152777777786 45.557142857142864 2.5000000000000004 10.350000000000003 12.250000000000002 35.95000000000001 42.800000000000004 11.450000000000001 8.5000000000000018 37.703571428571429 5.5000000000000009 29.850000000000005 15.750000000000002 17.250000000000004 8.5000000000000018 16.450000000000003
decision_type=2 2 2 10 10 2 2 2 2 2 2 2 2 2 10 10 2 2 2 2 2 2 2 10 2 2 2 2 2 2
left_child=1 2 -1 -4 5 -3 7 12 9 15 11 -11 -7 14 -14 16 -8 -18 19 22 24 -17 23 -19 25 28 -27 -12 29 -20
right_child=-2 4 3 -5 -6 6 8 -9 -10 10 27 -13 13 -15 -16 21 17 18 20 -21 -22 -23 -24 -25 -26 26 -28 -29 -30 -31
leaf_value=-0.0747305892718335 -0.16196933329105379 -0.18089476071298125 0.033962050757624887 0.2740196511425354 -0.16402426996956701 0.11575630476077399 0.12547025832037131 0.2796652323525885 -0.1879345917496188 0.28841030963442543 -0.055782153259249449 0.066694287707408276 -0.083205054551362997 -0.13939081443981691 0.12551801639298599 -0.0057942097634077075 -0.15273585518201194 0.046499534192141791 -0.087610212846330429 0.18132531401656926 -0.14440120141208174 -0.20056331217288972 0.095794218874746762 -0.1525633990764618 -0.097434860165860213 -0.0093546725088550203 0.17346153774609169 0.073578912177338057 0.029143279757491258 0.0073399713844992222
leaf_weight=24 20 20 22 27 23 30 30 23 29 22 47 24 20 22 24 20 21 29 68 21 25 20 31 20 37 31 24 26 53 64
leaf_count=24 20 20 22 27 23 30 30 23 29 22 47 24 20 22 24 20 21 29 68 21 25 20 31 20 37 31 24 26 53 64
internal_value=0 0.0035967 0.0870159 0.166239 -0.00397744 0.000735851 0.00550932 0.068796 -0.00622138 0.00237516 0.060815 0.172732 0.0182752 -0.0260343 0.0306439 -0.0117024 -0.00364285 -0.0127782 -0.00548513 0.0502443 -0.0241231 -0.103179 0.0158355 -0.0347506 -0.0132677 -0.000291918 0.0704197 -0.00970835 -0.0213143 -0.0415738
internal_weight=0 877 73 49 804 781 761 119 642 613 119 46 96 66 44 494 454 424 403 101 302 40 80 49 277 240 55 73 185 132
internal_count=897 877 73 49 804 781 761 119 642 613 119 46 96 66 44 494 454 424 403 101 302 40 80 49 277 240 55 73 185 132
is_linear=0
shrinkage=0.05


Tree=83
num_leaves=31
num_cat=0
split_feature=0 10 13 7 7 1 5 8 3 3 0 1 0 5 8 12 5 5 14 5 12 3 8 8 3 7 9 0 8 14
split_gain=193.503 182.172 302.433 298.44 456.983 343.945 271.849 209.667 183.039 261.399 169.504 670.733 155.204 133.377 239.65 124.263 153.109 294.4 284.956 146.522 123.842 146.861 226.622 170.923 238.187 234.05 70.6403 126.481 106.73 115.225
threshold=82.302083333333329 9.5000000000000018 10.850000000000003 83.125595238095244 57.843452380952385 56.939583333333353 52.666964285714293 55.574305555555547 9.9500000000000011 12.65 46.808333333333337 67.737500000000011 35.735416666666673 43.507738095238103 63.283888888888889 29.850000000000005 27.870833333333334 37.064285714285724 0.55000000000000016 24.988988095238103 36.350000000000001 16.250000000000004 51.631041666666661 49.706805555555555 14.850000000000003 39.042857142857144 1.5000000000000002 17.425000000000001 32.757222222222232 16.100000000000005
decision_type=2 2 2 10 10 2 10 10 2 2 2 2 2 10 10 2 10 10 2 10 2 2 10 10 2 10 2 2 10 2
left_child=1 6 3 4 5 12 10 -8 -4 -10 13 -12 -3 14 15 16 19 18 -18 26 21 23 -23 24 25 -17 27 -1 29 -28
right_child=-2 2 8 -5 -6 -7 7 -9 9 -11 11 -13 -14 -15 -16 20 17 -19 -20 -21 -22 22 -24 -25 -26 -27 28 -29 -30 -31
leaf_value=-0.0025411474704742434 -0.15387086294591429 0.055590217659870794 0.098776379600167274 -0.059845699656468181 0.28312110291285947 -0.1178204526018817 -0.032996682822704314 -0.24833060920238498 -0.16109676303135023 0.051933252904564145 0.30609012375630085 -0.049476754789551103 0.23540704764425754 -0.12963683361356909 0.16580533087253571 0.0019886610408624012 -0.30101982702811564 0.049980937123298652 -0.062474848474225686 0.086087621507399237 -0.078336625932543369 0.014196928143501281 0.20699442666437895 -0.08194071585551288 -0.094800184369087215 0.22519375059915628 -0.079875629254784752 -0.14007559390738608 0.041752057314062348 0.049449047849824034
leaf_weight=35 20 30 20 26 33 20 26 20 36 24 21 36 20 22 20 24 21 25 31 34 27 35 27 39 20 23 61 32 65 24
leaf_count=35 20 30 20 26 33 20 26 20 36 24 21 36 20 22 20 24 21 25 31 34 27 35 27 39 20 23 61 32 65 24
internal_value=0 0.00341686 0.0441574 0.0915228 0.129732 0.0574205 -0.00932979 -0.12662 -0.0322195 -0.0758848 -0.000655586 0.0815216 0.127517 -0.00894602 -0.00405616 -0.0105518 -0.0293437 -0.091021 -0.15881 -0.0104228 0.0210572 0.0370312 0.0981571 0.00127823 0.0497191 0.111217 -0.0255443 -0.0682292 -0.00647835 -0.0433604
internal_weight=0 877 209 129 103 70 668 46 80 60 622 57 50 565 543 523 328 77 52 251 195 168 62 106 67 47 217 67 150 85
internal_count=897 877 209 129 103 70 668 46 80 60 622 57 50 565 543 523 328 77 52 251 195 168 62 106 67 47 217 67 150 85
is_linear=0
shrinkage=0.05


Tree=84
num_leaves=31
num_cat=0
split_feature=0 2 12 8 7 10 6 5 5 8 10 9 2 12 14 5 5 10 8 6 1 6 10 5 3 8 7 14 6 3
split_gain=174.636 195.226 301.915 293.071 248.633 193.055 339.255 320.093 255.985 164.09 205.833 561.612 177.671 229.873 295.735 194.914 178.839 164.416 156.252 251.197 115.69 101.801 143.555 99.4952 95.9631 90.5305 80.4084 76.4287 108.744 60.6023
threshold=82.302083333333329 21.750000000000004 20.450000000000003 83.566874999999996 48.439880952380953 9.5000000000000018 46.68611111111111 52.666964285714293 47.84494047619048 68.260625000000019 2.5000000000000004 2.5000000000000004 32.95000000000001 33.850000000000001 0.15000000000000005 35.351785714285718 37.553273809523823 5.5000000000000009 38.435277777777785 33.736736111111121 60.26874999999999 20.025208333333335 8.5000000000000018 19.85446428571429 17.250000000000004 28.97472222222223 24.515773809523811 0.15000000000000005 35.757847222222232 17.150000000000002
decision_type=2 2 2 10 10 2 10 10 10 8 2 2 2 2 2 10 10 2 10 10 2 10 2 10 2 10 10 2 10 2
left_child=1 2 -1 5 -4 7 8 9 27 10 11 -3 15 14 -14 17 -17 18 -12 -20 -18 22 25 26 -15 -19 29 28 -7 -23
right_child=-2 3 4 -5 -6 6 -8 -9 -10 -11 12 -13 13 24 -16 16 20 21 19 -21 -22 23 -24 -25 -26 -27 -28 -29 -30 -31
leaf_value=-0.072446872992441055 -0.14617731686681509 -0.086756170897380178 0.027489596494921931 -0.19330724671483041 0.23502921077512925 0.19184858751084125 0.21608626682024737 -0.16305903020230206 -0.090409395392788083 -0.11703906406958897 -0.04161749375717981 0.24409078446955515 0.27243444167432335 -0.051533411397905828 0.020159473900611586 -0.22173891606341517 -0.13073579342592331 0.02745140484284337 0.2117731030340548 -0.0039069509616604554 0.029961497833331425 -0.11748003326356411 0.12533337175846102 -0.090611610285661837 0.06818144802863782 -0.086848023484150577 0.052689114411671956 0.0062402360374107964 0.042449214425066426 0.0027776408220895315
leaf_weight=24 20 23 27 20 31 21 26 33 38 30 28 29 21 47 26 21 21 41 27 27 24 20 22 81 26 30 30 32 29 22
leaf_count=24 20 23 27 20 31 21 26 33 38 30 28 29 21 47 26 21 21 41 27 27 24 20 22 81 26 30 30 32 29 22
internal_value=0 0.00324602 0.0767 -0.00433037 0.138416 0.000546456 0.052344 -0.0114765 0.0168665 -0.00308351 0.00295654 0.0977546 -0.00663393 0.0466326 0.132878 -0.0228572 -0.101256 -0.0070819 0.0542329 0.103933 -0.0450306 -0.0275202 0.0137355 -0.0525971 -0.00889524 -0.0208441 -0.00983082 0.0665797 0.105197 -0.0544879
internal_weight=0 877 82 795 58 775 146 629 120 596 566 52 514 120 47 394 66 328 82 54 45 246 93 153 73 71 72 82 50 42
internal_count=897 877 82 795 58 775 146 629 120 596 566 52 514 120 47 394 66 328 82 54 45 246 93 153 73 71 72 82 50 42
is_linear=0
shrinkage=0.05


Tree=85
num_leaves=31
num_cat=0
split_feature=8 1 0 1 8 6 1 0 5 8 7 3 0 9 8 0 5 1 12 6 8 7 5 0 1 1 0 8 9 4
split_gain=207.319 353.201 261.614 391.452 267.523 256.172 179.342 176.535 157.501 627.019 274.962 284.362 269.269 148.374 353.931 165.083 291.96 184.449 216.095 127.099 123.487 193.708 115.098 198.774 117.118 112.013 102.393 83.531 82.0623 78.6123
threshold=62.25888888888889 86.491666666666688 33.954166666666673 58.660416666666677 81.69583333333334 45.254444444444452 77.747916666666683 63.429166666666674 39.109821428571429 42.801111111111119 53.170238095238105 10.350000000000003 42.800000000000004 4.5000000000000009 49.950416666666662 23.181250000000002 28.023809523809529 23.741666666666671 27.050000000000004 36.856875000000009 37.445486111111116 32.383035714285718 32.522916666666667 32.300000000000004 39.10625000000001 55.600000000000023 33.275000000000013 46.158402777777773 2.5000000000000004 8.5500000000000025
decision_type=10 2 2 2 10 10 2 2 10 10 10 2 2 2 10 2 10 2 2 10 8 8 10 2 2 2 2 10 2 2
left_child=1 6 -2 -4 5 -5 7 8 12 -10 -11 -12 13 15 20 16 17 18 28 22 29 -22 24 -24 -17 -13 -21 -23 -1 -15
right_child=2 -3 3 4 -6 -7 -8 -9 9 10 11 25 -14 14 -16 19 -18 -19 -20 26 21 27 23 -25 -26 -27 -28 -29 -30 -31
leaf_value=0.019544174265244914 0.18889254424078714 -0.1787249855697155 -0.14591357759027571 0.11839314380596425 0.19312660669287046 -0.086782968183979403 0.14037161582992191 -0.15069824286869593 0.28976289955052464 0.10950152578227448 -0.22422895010560753 -0.07894816786050797 -0.17496595090627673 -0.090731390601978074 0.2024136331666691 0.072693079356581744 -0.22664711404105892 -0.095769021781443642 0.14647070648877517 -0.14542572315443644 0.16908811076798225 -0.078309106826782229 0.20648171099878493 -0.013768793530762198 -0.033202424569974971 0.086389579801332383 0.0054558718334073615 0.061407861281186339 -0.10544577225421865 0.026429380112412301
leaf_weight=29 29 30 27 29 30 32 21 21 22 33 20 20 25 41 26 39 23 66 23 22 22 23 21 20 79 21 23 20 24 22
leaf_count=29 29 30 27 29 30 32 21 21 22 33 20 20 25 41 26 39 23 66 23 22 22 23 21 20 79 21 23 20 24 22
internal_value=0 -0.0106962 0.0543426 0.0212752 0.0708807 0.0107598 -0.00355619 -0.00796857 -0.00345453 0.0494739 -0.00676395 -0.0696617 -0.0146584 -0.00699547 0.0342286 -0.0242001 -0.0613862 -0.0346186 0.0184856 0.00587695 6.59809e-05 0.0484152 0.0268728 0.0990424 0.00179694 0.00573702 -0.0683085 -0.0133245 -0.037055 -0.0498181
internal_weight=0 736 147 118 91 61 706 685 664 116 94 61 548 523 154 369 165 142 76 204 128 65 159 41 118 41 45 43 53 63
internal_count=883 736 147 118 91 61 706 685 664 116 94 61 548 523 154 369 165 142 76 204 128 65 159 41 118 41 45 43 53 63
is_linear=0
shrinkage=0.05


Tree=86
num_leaves=31
num_cat=0
split_feature=8 1 0 1 5 13 1 13 13 5 3 12 14 5 5 3 3 13 10 8 2 8 8 7 5 6 12 8 2 8
split_gain=187.106 320.691 236.106 353.286 259.544 276.795 169.86 115.82 280.432 151.498 318.162 278.842 148.527 100.055 282.322 95.9282 216.676 140.472 116.627 98.5195 128.461 250.768 96.0239 203.201 139.076 61.3472 86.4321 72.0596 130.626 106.486
threshold=62.25888888888889 83.787500000000009 33.954166666666673 58.660416666666677 54.010714285714293 13.350000000000003 76.954166666666666 9.2500000000000018 8.6500000000000004 44.189583333333339 11.15 23.050000000000004 1.0000000180025095e-35 40.885416666666679 38.195833333333347 13.15 12.450000000000001 12.250000000000002 3.5000000000000004 47.186875000000008 27.650000000000002 39.893819444444446 51.520763888888894 42.906547619047622 31.806250000000002 18.771944444444447 26.050000000000004 35.884444444444455 27.150000000000002 45.892430555555563
decision_type=10 2 2 2 10 2 2 2 2 10 2 2 2 8 10 2 2 2 2 8 2 10 8 10 10 10 2 10 2 10
left_child=1 6 -2 -4 5 -5 7 8 12 11 -11 -9 -1 14 15 16 19 -17 -19 20 -13 -22 24 -24 25 -20 -27 28 -28 -29
right_child=2 -3 3 4 -6 -7 -8 9 -10 10 -12 13 -14 -15 -16 17 -18 18 22 -21 21 -23 23 -25 -26 26 27 29 -30 -31
leaf_value=0.089355076432228092 0.1794479187192588 -0.15786789178848268 -0.1386178970336914 -0.096990055846981713 0.16484104284109213 0.14012591779232025 0.13394845724105836 -0.19224297739565374 -0.19842914274105661 0.17244135446122125 -0.042495457557114688 -0.03488519423809866 -0.091018339494864153 -0.11163125604391098 0.17351085705601652 0.075921102139082819 0.13185554576685299 -0.12807931920577739 -0.088407703936100007 -0.10779642701148986 -0.038811911845749079 0.20274481929483867 -0.066884928581214725 0.10561354870074674 -0.15066827961802484 0.086537170633673666 -0.064201548615736626 -0.15245210970328615 0.087204899459049634 -0.0095538863039109859
leaf_weight=25 29 35 27 32 39 20 22 20 26 36 33 58 21 20 23 33 37 29 30 20 22 21 31 38 25 20 28 22 29 32
leaf_count=25 29 35 27 32 39 20 22 20 26 36 33 58 21 20 23 33 37 29 30 20 22 21 31 38 25 20 28 22 29 32
internal_value=0 -0.0101614 0.0516255 0.0202115 0.0673367 -0.0057916 -0.00278662 -0.00721692 -0.0671759 -0.000104811 0.0696455 -0.00905048 0.00701069 -0.00197741 0.00242636 -0.00585773 0.0259694 -0.0217211 -0.0330668 -0.00640901 0.0136677 0.0791577 -0.0222615 0.0281142 -0.0409493 -0.0239122 -0.0091422 -0.0263817 0.0128298 -0.0677717
internal_weight=0 736 147 118 91 52 701 679 72 607 69 538 46 518 498 475 158 317 284 121 101 43 255 69 186 161 131 111 57 54
internal_count=883 736 147 118 91 52 701 679 72 607 69 538 46 518 498 475 158 317 284 121 101 43 255 69 186 161 131 111 57 54
is_linear=0
shrinkage=0.05


Tree=87
num_leaves=31
num_cat=0
split_feature=0 0 6 3 6 9 2 5 8 8 6 1 3 3 3 3 0 3 10 6 8 13 5 7 7 14 13 12 6 3
split_gain=172.056 285.987 200.153 372.421 310.982 111.253 313.605 224.062 201.071 149.455 410.676 169.954 337.172 390.645 287.377 307.742 281.309 201.699 170.577 118.207 285.162 111.018 109.02 105.325 147.13 131.942 107.969 90.2202 83.8469 80.0819
threshold=71.858333333333363 64.375000000000014 53.404791666666675 11.350000000000003 57.180277777777782 4.5000000000000009 24.350000000000005 41.088988095238101 49.950416666666662 37.240902777777784 26.879166666666666 53.237500000000004 9.1500000000000004 10.950000000000001 9.1500000000000004 11.050000000000002 46.808333333333337 14.550000000000002 4.5000000000000009 36.572638888888896 50.414999999999999 15.750000000000002 35.065476190476197 42.463690476190486 35.174107142857146 16.350000000000005 12.850000000000003 26.850000000000005 35.009861111111128 10.15
decision_type=2 2 10 2 10 2 2 10 10 8 10 2 2 2 2 2 2 2 2 10 8 2 8 10 10 2 2 2 10 2
left_child=1 2 5 4 -4 9 -7 8 21 10 23 12 -11 29 -13 -16 19 18 -15 20 -17 -8 28 24 25 26 -1 -28 -19 -14
right_child=-2 -3 3 -5 -6 6 7 -9 -10 11 -12 14 13 17 15 16 -18 22 -20 -21 -22 -23 -24 -25 -26 -27 27 -29 -30 -31
leaf_value=-0.13788856311390799 0.1071754299932056 -0.18234849680553786 0.12192355909130791 0.23594240736961367 -0.15049446344375611 0.16234504387659188 0.022204300024728667 -0.15653687374932426 0.12151688490476874 0.12286367592486469 0.22210940482433547 -0.17108607046306135 -0.15098906367396314 -0.075378327429294595 0.17928150466510229 -0.014136880593231092 -0.13058558497577907 -0.093166456960382005 0.094631498389773902 -0.043778015478797588 0.23699012577533721 -0.07251821120419967 -0.19464721709489824 -0.11114724495194175 0.13133050143718719 0.090799986606552488 -0.077647222631706189 0.065547051246870644 0.024569642692804337 -0.28468807453200934
leaf_weight=24 36 22 22 25 20 34 87 21 36 22 22 20 24 25 28 26 32 62 36 23 20 48 20 22 20 21 22 22 20 21
leaf_count=24 36 22 22 25 20 34 87 21 36 22 22 20 24 25 28 26 32 62 36 23 20 48 20 22 20 21 22 22 20 21
internal_value=0 -0.00443173 0.000312717 0.0831491 -0.00779931 -0.00700923 0.0223804 -0.00240503 0.0165234 -0.0194943 0.022216 -0.0363325 -0.0632817 -0.0829701 0.00526692 0.0326085 -0.00805336 -0.0469668 0.0249553 0.0487732 0.0950488 -0.0114748 -0.0899791 -0.0113539 0.00878789 -0.0187498 -0.0525813 -0.00605009 -0.0644503 -0.213382
internal_weight=0 847 825 67 42 758 226 192 171 532 153 379 230 208 149 129 101 163 61 69 46 135 102 131 109 89 68 44 82 45
internal_count=883 847 825 67 42 758 226 192 171 532 153 379 230 208 149 129 101 163 61 69 46 135 102 131 109 89 68 44 82 45
is_linear=0
shrinkage=0.05


Tree=88
num_leaves=31
num_cat=0
split_feature=8 1 0 1 5 1 1 0 1 10 6 10 13 0 0 3 1 2 8 13 0 6 12 6 5 12 0 8 14 8
split_gain=161.317 288.284 216.25 313.487 242.454 246.466 153.21 149.532 135.935 433.565 135.412 121.564 274.027 248.318 194.97 193.131 124.907 89.0424 169.998 228.415 199.228 120.076 105.575 94.2219 142.548 95.7427 71.9732 50.9906 90.3521 74.8288
threshold=62.25888888888889 86.491666666666688 33.954166666666673 58.660416666666677 51.079166666666673 96.064583333333331 77.747916666666683 63.429166666666674 61.564583333333331 4.5000000000000009 43.690277777777794 9.5000000000000018 10.850000000000003 35.810416666666676 40.056250000000006 12.550000000000002 52.787500000000016 29.850000000000005 46.931458333333346 15.450000000000001 28.327083333333338 34.802013888888894 29.050000000000004 43.690277777777794 32.023809523809526 28.150000000000002 41.50833333333334 39.183055555555562 4.2500000000000009 33.03208333333334
decision_type=10 2 2 2 10 2 2 2 2 2 10 2 2 2 2 2 2 2 10 2 2 10 2 10 10 2 2 10 2 10
left_child=1 6 -2 -4 10 -6 7 8 11 -10 -5 14 13 -13 17 -14 -16 22 20 -20 -19 -21 23 24 25 27 -11 29 -29 -1
right_child=2 -3 3 4 5 -7 -8 -9 9 26 -12 12 15 -15 16 -17 -18 18 19 21 -22 -23 -24 -25 -26 -27 -28 28 -30 -31
leaf_value=-0.026803692874752663 0.17026220950587045 -0.16124244511127472 -0.13174732934545588 0.068267777599394328 0.26204840581525457 0.036596642489786502 0.13004143181301298 -0.13842718370613599 0.24641978496854958 0.032945175158480805 -0.1114938889037479 0.028993028029799462 -0.16655636712908747 0.25026530935650781 -0.037672690972685816 0.053177054822444919 -0.21438383858650925 -0.012946900148545543 -0.12229674164619711 -0.020387180199225745 0.15997504412920938 0.13777693867683413 -0.12941130820823751 0.083883004529135566 -0.15450654208660128 0.075036837332523795 -0.095483228117227564 -0.14340793419143427 -0.019037965266034008 0.064551696312372328
leaf_weight=132 29 30 27 20 22 27 21 21 22 24 22 32 20 21 20 20 20 31 36 30 36 20 23 21 20 26 20 23 40 27
leaf_count=132 29 30 27 20 22 27 21 21 22 24 22 32 20 21 20 20 20 31 36 30 36 20 23 21 20 26 20 23 40 27
internal_value=0 -0.00943843 0.0479326 0.0178685 0.06226 0.13782 -0.00298783 -0.0070661 -0.00291161 0.0651857 -0.0258931 -0.0104274 0.042105 0.116667 -0.0201016 -0.0566897 -0.126028 -0.0109897 0.0202548 -0.0262646 0.0799664 0.0428785 -0.0263115 -0.0181063 -0.026098 -0.0157425 -0.0254314 -0.0263743 -0.0644429 -0.0112905
internal_weight=0 736 147 118 91 49 706 685 664 66 42 598 93 53 505 40 40 465 153 86 67 50 312 289 268 248 44 222 63 159
internal_count=883 736 147 118 91 49 706 685 664 66 42 598 93 53 505 40 40 465 153 86 67 50 312 289 268 248 44 222 63 159
is_linear=0
shrinkage=0.05


Tree=89
num_leaves=31
num_cat=0
split_feature=0 0 6 9 9 6 12 13 13 12 12 3 14 6 5 4 6 3 1 6 14 12 6 13 13 5 3 2 7 6
split_gain=155.101 246.833 182.199 348.84 100.451 311.916 575.224 138.857 204.101 130.927 222.159 195.541 142.508 171.474 403.363 150.64 157.883 129.593 115.496 109.846 133.588 203.975 91.1684 77.9276 66.3066 90.108 61.0074 93.1003 141.264 73.9631
threshold=71.858333333333363 64.375000000000014 53.404791666666675 2.5000000000000004 4.5000000000000009 44.226458333333348 24.850000000000005 22.550000000000004 19.350000000000005 23.350000000000005 24.450000000000003 10.450000000000001 18.400000000000002 31.320972222222224 32.522916666666667 0.55000000000000016 36.221250000000005 10.350000000000003 53.50416666666667 21.051527777777778 0.45000000000000007 28.150000000000002 29.573819444444446 13.65 15.950000000000001 32.715773809523817 15.850000000000003 30.950000000000003 35.903571428571439 23.83743055555556
decision_type=2 2 10 2 2 10 2 2 2 2 2 2 2 10 10 2 10 2 2 8 2 2 8 2 2 10 2 2 10 8
left_child=1 2 4 -4 7 6 -6 8 9 11 -11 -1 13 14 26 16 23 -18 -19 -8 24 -22 -10 -15 25 -21 27 28 29 -12
right_child=-2 -3 3 -5 5 -7 19 -9 22 10 12 -13 -14 15 -16 -17 17 18 -20 20 21 -23 -24 -25 -26 -27 -28 -29 -30 -31
leaf_value=-0.0041657181580861411 0.1017524293727345 -0.16950286261906677 -0.05541945014681135 0.17589835173044452 0.28987959971030558 -0.1417806367461498 -0.072312491074685126 0.10735357531479427 -0.050007905466482039 0.13387561120476607 -0.08201579434627837 -0.19794259291628136 -0.10920752095472482 -0.21211922566095986 0.20550521071310396 0.051911120582371954 -0.13112379781901837 -0.040269142854958778 0.11289774328470231 -0.036731587350368501 0.02355736424215138 0.20741229416294532 -0.19597252633260645 -0.084702949438776293 -0.069077257410390308 0.10443402811884882 0.045493730448652063 -0.11418241208249874 0.077216309631193011 0.032034947474797563
leaf_weight=30 36 22 28 39 21 26 31 21 20 27 44 23 36 21 27 32 20 32 20 26 48 22 23 28 32 20 48 22 37 21
leaf_count=30 36 22 28 39 21 26 31 21 20 27 44 23 36 21 27 32 20 32 20 26 48 22 23 28 32 20 48 22 37 21
internal_value=0 -0.00421328 0.00019444 0.0792282 -0.0067914 0.021135 0.042314 -0.0186548 -0.0238333 -0.0142549 -0.00480391 -0.0882576 -0.0144543 -0.00476362 0.025836 -0.0445632 -0.070077 -0.0229602 0.0186412 0.01327 0.031196 0.0813403 -0.128082 -0.13931 -0.0138053 0.0246448 -0.00236786 -0.0208949 -0.000774094 -0.0451686
internal_weight=0 847 825 67 758 226 200 532 511 468 415 53 388 352 199 153 121 72 52 179 148 70 43 49 78 46 172 124 102 65
internal_count=883 847 825 67 758 226 200 532 511 468 415 53 388 352 199 153 121 72 52 179 148 70 43 49 78 46 172 124 102 65
is_linear=0
shrinkage=0.05


Tree=90
num_leaves=31
num_cat=0
split_feature=0 2 8 2 12 5 7 0 0 1 7 2 8 12 8 0 8 13 13 7 7 14 3 10 8 5 13 3 3 1
split_gain=239.711 169.345 448.215 280.703 145.809 214.423 842.97 313.471 238.024 184.246 195.265 475.893 363.982 296.844 259.407 248.842 165.107 122.346 189.708 171.668 210.465 114.787 91.0404 128.214 165.247 145.807 112.48 70.9565 93.8824 82.6371
threshold=80.38333333333334 21.750000000000004 46.58590277777779 20.850000000000005 26.450000000000003 39.109821428571429 58.261904761904766 42.800000000000004 49.318750000000009 93.045833333333334 65.812797619047629 23.450000000000003 46.715000000000011 24.750000000000004 48.799930555555569 46.979166666666679 54.97173611111112 9.3500000000000032 13.750000000000002 35.500595238095244 44.35089285714286 2.3500000000000001 12.750000000000002 3.5000000000000004 51.631041666666661 29.827083333333338 18.450000000000003 16.550000000000004 14.750000000000002 27.364583333333336
decision_type=2 2 10 2 2 10 10 2 2 2 10 2 10 2 10 2 10 2 2 10 10 2 2 2 10 10 2 2 2 2
left_child=1 2 -1 -4 9 7 -7 17 -8 10 11 12 -3 16 -15 -12 -13 -6 19 21 -21 -19 -20 -24 25 27 -26 28 -25 -29
right_child=-2 4 3 -5 5 6 8 -9 -10 -11 15 13 -14 14 -16 -17 -18 18 22 20 -22 -23 23 24 26 -27 -28 29 -30 -31
leaf_value=-0.12425462979645957 -0.17026299618184568 -0.01579718843102455 0.057554445105294387 0.28117103471380211 -0.093550471961498266 0.36970463797450065 0.076747885462827986 -0.16467316503877993 -0.13689624558795582 0.11488162221387029 -0.00015543289482593538 -0.078765817180923792 0.28585732504725458 -0.061200780666779808 0.10750244562664341 -0.2104368553880383 -0.27519570097327234 -0.044895857536211253 0.074645098118946471 0.20568067031247278 0.038748303619099832 0.1012120644748211 -0.12156842328883984 0.031921164407616574 0.159436096180053 -0.12986088813800786 0.010513391019776464 0.11207323443321955 -0.10793173027091794 -0.019136782096964972
leaf_weight=21 20 20 36 23 26 20 32 27 22 20 24 23 20 86 31 34 20 41 29 35 41 20 27 21 21 31 32 21 28 28
leaf_count=21 20 20 36 23 26 20 32 27 22 20 24 23 20 86 31 34 20 41 29 35 41 20 27 21 21 31 32 21 28 28
internal_value=0 0.00483911 0.0741193 0.144727 -0.00226655 0.0138208 0.0924096 0.000233063 -0.0102923 -0.0313164 -0.0426496 -0.0192251 0.13503 -0.0577889 -0.0165016 -0.123424 -0.170129 0.0113365 0.0186086 0.0654819 0.115625 0.00300838 -0.00837301 -0.0198923 -0.00480844 -0.0353467 0.0695205 -0.00544935 -0.0479948 0.0370961
internal_weight=0 860 80 59 780 502 74 428 54 278 258 200 40 160 117 58 43 401 375 137 76 61 238 209 182 129 53 98 49 49
internal_count=880 860 80 59 780 502 74 428 54 278 258 200 40 160 117 58 43 401 375 137 76 61 238 209 182 129 53 98 49 49
is_linear=0
shrinkage=0.05


Tree=91
num_leaves=31
num_cat=0
split_feature=0 13 2 8 12 12 5 0 6 1 3 0 13 5 13 3 3 12 1 3 2 12 2 7 0 6 13 7 3 3
split_gain=216.339 161.492 243.164 460.761 316.541 132.885 250.476 230.653 167.426 386.302 479.155 369.868 261.247 165.835 145.219 115.772 136.398 171.279 119.688 135.705 126.746 177.646 167.627 122.856 275.48 201.145 91.6 81.9263 81.0524 57.8414
threshold=80.38333333333334 8.2500000000000018 21.750000000000004 48.114791666666669 20.450000000000003 26.450000000000003 43.617261904761911 48.827083333333341 44.226458333333348 75.21250000000002 10.050000000000002 39.281250000000007 11.950000000000001 39.109821428571429 10.050000000000002 12.750000000000002 10.950000000000001 28.150000000000002 23.297916666666669 21.450000000000003 34.95000000000001 33.850000000000001 36.45000000000001 35.174107142857146 22.308333333333334 33.162916666666682 13.65 22.544940476190479 10.250000000000002 15.050000000000002
decision_type=2 2 2 10 2 2 10 2 8 2 2 2 2 10 2 2 2 2 2 2 2 2 2 8 2 10 2 10 2 2
left_child=1 -1 3 -3 -5 8 7 13 12 10 -10 -12 14 15 -4 16 28 -18 -17 20 21 23 -22 -20 -25 -26 -14 -28 -7 -29
right_child=-2 2 5 4 -6 6 -8 -9 9 -11 11 -13 26 -15 -16 18 17 -19 19 -21 22 -23 -24 24 25 -27 27 29 -30 -31
leaf_value=-0.097589614584639273 -0.16174984134733678 -0.10136345454624721 -0.065447256599481293 0.037611401081085211 0.28599546315341162 0.042457698285579687 0.14507522001862524 -0.15976699873805048 0.10574817589738153 0.16203121134277546 -0.019344996572989558 -0.29912891079272547 0.076508064703507864 0.13891341125965118 -0.22954894463930811 0.056109120379443524 0.017471680309503312 0.18506079052885374 -0.093896830222401473 0.091667262210764669 0.13414718281816354 -0.19806728202849627 -0.065857380572706459 0.1516621616753665 0.019987768756273467 -0.15754656515739585 0.0438811511865684 -0.013158036282529002 -0.077553502283990383 -0.11854889671007791
leaf_weight=37 20 21 26 23 29 34 35 20 33 33 27 21 22 25 28 54 31 30 61 22 22 20 20 22 39 27 21 23 24 30
leaf_count=37 20 21 26 23 29 34 35 20 33 33 27 21 22 25 28 54 31 30 61 22 22 20 20 22 39 27 21 23 24 30
internal_value=0 0.00459716 0.00919122 0.0963055 0.176133 0.000712098 0.0162239 0.00622431 -0.0278436 0.0178307 -0.0409177 -0.14175 -0.0625561 0.0139269 -0.150537 0.00623071 0.0476952 0.0998926 -0.0109619 -0.0265062 -0.0388276 -0.0581463 0.0389069 -0.0393649 -0.00156439 -0.0526399 -0.0130669 -0.0396973 -0.00720211 -0.0728132
internal_weight=0 860 823 73 52 750 486 451 264 114 81 48 150 431 54 406 119 61 287 233 211 169 42 149 88 66 96 74 58 53
internal_count=880 860 823 73 52 750 486 451 264 114 81 48 150 431 54 406 119 61 287 233 211 169 42 149 88 66 96 74 58 53
is_linear=0
shrinkage=0.05


Tree=92
num_leaves=31
num_cat=0
split_feature=0 7 6 8 3 8 0 10 1 0 1 7 3 0 10 14 13 3 7 0 10 5 6 7 5 2 5 14 0 7
split_gain=201.037 350.131 255.874 483.692 304.295 228.288 157.802 245.985 118.528 349.313 213.653 125.952 139.74 179.154 152.971 229.009 214.544 135.325 122.545 152.232 284.478 121.903 109.62 106.389 101.546 77.0834 68.2217 83.335 68.4522 65.6708
threshold=63.429166666666674 84.668154761904773 53.404791666666675 57.477847222222231 11.050000000000002 52.272708333333362 59.572916666666664 1.5000000000000002 73.881250000000009 44.593750000000021 87.308333333333351 69.802380952380958 8.8500000000000032 40.056250000000006 5.5000000000000009 0.25000000000000006 16.850000000000005 10.950000000000001 35.340773809523817 29.064583333333335 3.5000000000000004 31.041071428571431 34.111388888888897 51.91636904761905 30.263392857142858 25.050000000000004 26.681845238095239 0.8500000000000002 15.1 25.463690476190482
decision_type=2 10 10 10 2 10 2 2 2 2 2 10 2 2 2 2 2 2 10 2 2 10 10 10 10 2 8 2 2 10
left_child=2 5 6 -4 -5 -2 7 -1 9 11 -10 12 -9 14 15 16 18 22 -14 21 -21 -20 -16 25 -18 -19 27 -27 29 -29
right_child=1 -3 3 4 -6 -7 -8 8 10 -11 -12 -13 13 -15 17 -17 24 23 19 20 -22 -23 -24 -25 -26 26 -28 28 -30 -31
leaf_value=-0.14257417917251589 -0.053637371744428369 0.069194212916772815 0.29983763742659775 -0.094266163504549444 0.16108875021105634 -0.28677740588429429 0.13759794251061977 0.09886637608210247 -0.14375390551156469 0.15285281764391143 0.042309926229494588 0.11575521560893819 -0.043723596446216109 -0.14271597653627396 -0.038218303204610435 0.16677641089145956 -0.01760524565783831 0.09282706676051021 0.076954522770668929 0.27073518350010828 0.021107202589511875 -0.07912690365179019 -0.18622752019966193 -0.09697600422483503 -0.16543256016004654 0.048562982305884364 0.058529666114238002 -0.033878101181724796 -0.070178598745797696 0.074648002795875065
leaf_weight=31 21 24 21 28 20 21 20 30 36 39 27 22 32 25 29 26 26 20 29 21 25 22 22 33 21 34 31 46 78 20
leaf_count=31 21 24 21 28 20 21 20 30 36 39 27 22 32 25 29 26 26 20 29 21 25 22 22 33 21 34 31 46 78 20
internal_value=0 -0.0831523 0.00758069 0.0996944 0.0121317 -0.170207 -0.000950648 -0.00477268 0.00138272 0.00791186 -0.0640123 -0.00163662 -0.00616753 -0.0120028 -0.00565745 0.0282635 0.00780132 -0.0275489 0.0411229 0.0691135 0.135068 0.00962528 -0.102065 -0.0130438 -0.0836557 -0.000948738 -0.0099225 -0.0218439 -0.0384678 -0.000991403
internal_weight=0 66 814 69 48 42 745 725 694 631 63 592 570 540 515 202 176 313 129 97 46 51 51 262 47 229 209 178 144 66
internal_count=880 66 814 69 48 42 745 725 694 631 63 592 570 540 515 202 176 313 129 97 46 51 51 262 47 229 209 178 144 66
is_linear=0
shrinkage=0.05


Tree=93
num_leaves=31
num_cat=0
split_feature=2 8 2 5 9 5 12 10 2 13 13 13 2 8 3 13 5 6 7 1 4 13 8 6 8 1 13 1 3 13
split_gain=148.694 368.24 400.921 264.744 302.954 296.506 286.018 256.843 189.754 154.855 154.277 222.916 247.319 430.487 143.493 137.127 120.497 216.278 86.4308 135.344 246.514 101.252 99.227 83.9099 83.725 72.8215 71.9973 70.4989 95.7134 76.2698
threshold=21.750000000000004 46.58590277777779 20.850000000000005 58.726190476190489 3.5000000000000004 54.010714285714293 25.650000000000002 2.5000000000000004 24.250000000000004 11.750000000000002 9.0500000000000025 14.550000000000002 31.250000000000004 47.186875000000008 10.950000000000001 10.050000000000002 34.177976190476194 31.235069444444445 69.802380952380958 47.937500000000014 1.0000000180025095e-35 15.250000000000002 53.335763888888899 23.23694444444445 33.03208333333334 39.10625000000001 9.7500000000000018 33.59791666666667 14.750000000000002 17.450000000000003
decision_type=2 10 2 10 2 10 2 2 2 2 2 2 2 10 2 2 10 10 8 2 2 2 10 10 8 2 2 2 2 2
left_child=1 -1 -3 5 -5 6 8 -8 9 26 -9 12 15 -14 -10 -12 17 23 19 21 -21 -13 -22 24 -17 27 -2 28 -23 -30
right_child=3 2 -4 4 -6 -7 7 10 14 -11 11 18 13 -15 -16 16 -18 -19 -20 20 22 25 -24 -25 -26 -27 -28 -29 29 -31
leaf_value=-0.11328001997687601 0.0011626451852775755 0.020332900042596618 0.27513964829536586 0.00063662338256835938 -0.25080964388730737 0.15019513028673828 0.16073141787891035 -0.095826733233155437 -0.24042093291878702 0.092117639258503914 0.14103293001651765 -0.10437915298600936 0.29768291960159937 0.013576676398515702 -0.082400318914476578 -0.0098494568975960334 -0.084573725657537582 0.17488489925861361 0.072634229501304423 -0.17246834031568889 -0.076579056903719911 0.097346171286577979 0.07903617776575543 -0.058226011641496836 0.11106120131232522 0.072541086427453494 -0.12688774233279021 -0.083238945960998539 0.055766120828364213 -0.055747516113130946
leaf_weight=22 21 38 26 25 23 32 27 37 20 24 20 22 24 30 51 41 32 20 23 39 20 24 21 43 22 36 23 25 23 46
leaf_count=22 21 38 26 25 23 32 27 37 20 24 20 22 24 30 51 41 32 20 23 39 20 24 21 43 22 36 23 25 23 46
internal_value=0 0.0631874 0.123848 -0.00602723 -0.119848 0.00129636 -0.00537697 0.0101824 -0.0697411 -0.0100468 0.00276479 0.00990351 0.0461185 0.139846 -0.126913 0.0176843 0.0020705 0.0240754 -0.0202107 -0.0285523 -0.0824761 -0.00404144 0.00312631 -0.00437924 0.0323733 0.0102925 -0.0657728 -0.00869856 0.0113392 -0.0185763
internal_weight=0 86 64 794 48 746 714 575 139 68 548 511 232 54 71 178 158 126 279 256 80 176 41 106 63 154 44 118 93 69
internal_count=880 86 64 794 48 746 714 575 139 68 548 511 232 54 71 178 158 126 279 256 80 176 41 106 63 154 44 118 93 69
is_linear=0
shrinkage=0.05


Tree=94
num_leaves=31
num_cat=0
split_feature=0 7 6 8 3 8 0 10 2 13 13 2 12 0 13 8 2 7 14 0 1 5 0 0 1 0 14 2 5 14
split_gain=182.687 300.49 221.421 435.106 266.168 214.405 144.46 210.851 119.252 153.684 141.338 108.104 220.688 113.311 95.0494 277.067 421.725 135.097 94.9302 82.8233 123.699 95.6188 91.6602 76.3269 101.431 86.8885 68.0131 57.425 53.8987 52.6589
threshold=63.429166666666674 84.668154761904773 53.404791666666675 57.477847222222231 11.050000000000002 52.272708333333362 59.572916666666664 1.5000000000000002 20.550000000000004 9.1500000000000004 9.9500000000000011 24.450000000000003 26.350000000000005 28.929166666666667 13.750000000000002 47.057916666666678 30.950000000000003 69.802380952380958 5.6500000000000012 31.650000000000009 66.639583333333363 35.351785714285718 28.327083333333338 26.152083333333334 37.497916666666676 14.643750000000002 0.15000000000000005 26.250000000000004 23.93214285714286 1.0000000180025095e-35
decision_type=2 10 10 10 2 10 2 2 2 2 2 2 2 2 2 8 2 10 2 2 2 10 2 2 2 2 2 2 10 2
left_child=2 5 6 -4 -5 -2 7 -1 -9 27 -11 -12 13 -13 15 16 18 19 28 22 21 -21 23 24 25 -16 -17 -10 -14 -27
right_child=1 -3 3 4 -6 -7 -8 8 9 10 11 12 14 -15 17 26 -18 -19 -20 20 -22 -23 -24 -25 -26 29 -28 -29 -30 -31
leaf_value=-0.13198760247999622 -0.046984260990506128 0.061828184158851711 0.28270052508229304 -0.089682443439960485 0.14913969155400994 -0.27292395901555816 0.13181296953931451 0.11324197912345763 -0.024815050804096721 0.11422532392399652 0.079700723137611007 -0.041959995422330865 0.062466415568538339 -0.16268396144016431 0.039658355323205656 -0.0093921779189258814 0.29311642840504648 0.11712265051901341 0.11586895378099547 -0.050489101768471302 0.035367227345705035 -0.18474033361389525 0.082362391928146636 -0.10309764040367944 0.08616421432406815 0.00070523380168846679 -0.12693011127412321 -0.12982587655385336 -0.035520918543140094 -0.086263664706569654
leaf_weight=31 21 24 21 28 20 21 20 23 23 28 39 77 23 26 38 32 20 20 27 36 24 21 29 21 27 28 20 30 36 46
leaf_count=31 21 24 21 28 20 21 20 23 23 28 39 77 23 26 38 32 20 20 27 36 24 21 29 21 27 28 20 30 36 46
internal_value=0 -0.079306 0.00718706 0.0928753 0.00982678 -0.159954 -0.000749162 -0.00440605 0.00129284 -0.00254446 0.00446309 -0.000745969 -0.00644002 -0.072434 0.00873271 0.0399343 0.0863091 -0.00826676 0.0382144 -0.0175549 -0.0598561 -0.0999501 0.000574223 -0.0142499 -0.00082684 -0.0217979 -0.0545991 -0.0842551 0.00267753 -0.0533565
internal_weight=0 66 814 69 48 42 745 725 694 671 618 590 551 103 448 158 106 290 86 270 81 57 189 160 139 112 52 53 59 74
internal_count=880 66 814 69 48 42 745 725 694 671 618 590 551 103 448 158 106 290 86 270 81 57 189 160 139 112 52 53 59 74
is_linear=0
shrinkage=0.05


Tree=95
num_leaves=31
num_cat=0
split_feature=13 7 8 8 1 5 8 10 0 1 14 10 12 0 10 12 1 9 9 8 1 12 6 1 5 8 0 5 5 13
split_gain=208.164 313.812 307.817 335.272 264.386 308.143 257.597 187.382 302.603 316.347 145.051 109.574 279.27 126.94 111.42 159.118 100.415 70.8964 83.5719 216.961 174.98 135.962 123 105.959 91.634 86.5845 65.7483 54.4921 60.3217 72.7676
threshold=10.350000000000003 82.552083333333343 51.839861111111119 42.490763888888885 67.737500000000011 41.088988095238101 45.558472222222214 1.5000000000000002 52.010416666666664 93.045833333333334 1.0000000180025095e-35 11.500000000000002 24.450000000000003 44.418750000000003 8.5000000000000018 25.550000000000004 72.470833333333346 5.5000000000000009 3.5000000000000004 46.330486111111121 23.741666666666671 33.45000000000001 36.034166666666664 18.158333333333335 34.678571428571431 37.143958333333337 27.862500000000001 31.222023809523815 27.384226190476195 13.850000000000003
decision_type=2 10 10 10 2 10 10 2 2 2 2 2 2 2 2 2 2 2 2 10 2 2 8 2 8 8 2 10 10 2
left_child=1 2 3 10 5 -4 -5 -2 11 16 -1 12 -9 14 15 -14 -10 18 20 25 23 -21 27 -17 -24 -20 -19 28 29 -22
right_child=7 -3 4 6 -6 -7 -8 8 9 -11 -12 -13 13 -15 -16 17 -18 26 19 21 22 -23 24 -25 -26 -27 -28 -29 -30 -31
leaf_value=0.17850804729086739 0.096391189048016399 -0.0956882249883243 0.21763948467762573 -0.1821635086949055 0.30025554476749328 -0.038470109179615977 0.024373694312655264 0.17551773158567294 -0.12492936968803406 0.033531168954713003 0.028964848115163689 -0.11032235416769982 -0.14825015485000154 0.086060546175576749 0.03039773348160088 -0.015375405833834694 -0.28147308989649727 -0.025483151448184044 0.0059640368074178702 0.17103890462413207 -0.019998390485460944 0.001580411195755005 -0.041537147505829736 0.14543177902698518 0.096630938872694971 -0.12245829002488227 -0.14011015370488167 -0.13009554268540563 0.013823312182318082 -0.13111746418563761
leaf_weight=31 37 35 23 26 21 24 36 21 20 21 34 25 26 32 100 21 21 29 35 29 26 20 30 20 20 21 22 37 22 34
leaf_count=31 37 35 23 26 21 24 36 21 20 21 34 25 26 32 100 21 21 29 35 29 26 20 30 20 20 21 22 37 22 34
internal_value=0 0.0421672 0.0669105 0.020943 0.152762 0.0868601 -0.0622387 -0.0129739 -0.0193767 -0.12428 0.100285 -0.0079661 -0.00327086 -0.0104361 -0.0167123 -0.0287301 -0.20511 -0.0202396 -0.011385 0.0250367 -0.0295958 0.101872 -0.0520762 0.0630671 0.0137301 -0.0421943 -0.0749301 -0.0797258 -0.056998 -0.0829659
internal_weight=0 230 195 127 68 47 62 669 632 62 65 570 545 524 492 392 41 366 315 105 210 49 169 41 50 56 51 119 82 60
internal_count=899 230 195 127 68 47 62 669 632 62 65 570 545 524 492 392 41 366 315 105 210 49 169 41 50 56 51 119 82 60
is_linear=0
shrinkage=0.05


Tree=96
num_leaves=31
num_cat=0
split_feature=13 3 2 13 2 2 3 12 13 10 7 7 0 0 5 2 10 7 12 8 8 8 10 9 3 8 7 0 0 6
split_gain=196.705 202.469 391.466 338.688 294.22 257.902 360.749 241.947 157.37 241.614 129.3 93.3641 122.342 213.807 84.1905 70.9527 64.5956 88.306 77.1234 56.3056 176.129 162.144 130.307 161.15 125.434 97.1869 138.111 134.313 84.104 64.9447
threshold=8.0500000000000025 8.7500000000000018 22.350000000000005 10.850000000000003 22.150000000000002 20.750000000000004 10.450000000000001 23.450000000000003 9.9500000000000011 9.5000000000000018 63.235714285714302 79.400000000000006 55.581250000000004 46.808333333333337 42.936309523809534 25.050000000000004 8.5000000000000018 26.664880952380951 27.150000000000002 40.382083333333334 37.143958333333337 46.931458333333346 4.5000000000000009 3.5000000000000004 14.15 32.757222222222232 22.544940476190479 28.872916666666669 35.735416666666673 34.241597222222232
decision_type=2 2 2 2 2 2 2 2 2 2 10 8 2 2 10 2 2 10 2 8 10 8 2 2 2 10 8 2 2 8
left_child=-1 2 -2 -4 5 -3 -7 10 9 -9 -6 12 13 14 15 -10 19 -18 -19 20 25 24 23 -23 -21 26 -17 -27 29 -24
right_child=1 4 3 -5 7 6 -8 8 11 -11 -12 -13 -14 -15 -16 16 17 18 -20 21 -22 22 28 -25 -26 27 -28 -29 -30 -31
leaf_value=0.14229673172036808 -0.26512761414051056 -0.018318744748830797 0.11516402604488225 -0.15481028929352761 -0.040590049423601317 0.32625474825501444 0.060056846236277911 -0.031972529579486167 0.082296398326399789 0.16636648620752728 -0.21441982649266722 0.092034187070701434 -0.10901969506094854 0.11808320762533131 -0.085837046983274268 0.025462787383450914 -0.046713193762918999 0.10240817802886551 -0.010091355741024018 0.17137739181518555 -0.16021658226295754 -0.046051525407367289 -0.069831365527164554 0.13011978243663908 0.0097234800954659785 0.081415275274178925 -0.12490920553336274 -0.073092669367112895 -0.14959125787019731 0.011278302931204076
leaf_weight=24 21 34 26 21 23 20 35 28 21 34 20 23 30 33 37 26 29 39 25 20 27 27 62 25 30 39 37 22 20 41
leaf_count=24 21 34 26 21 23 20 35 28 21 34 20 23 30 33 37 26 29 39 25 20 27 27 62 25 30 39 37 22 20 41
internal_value=0 -0.00279677 -0.0856534 -0.0054628 0.00418495 0.0899354 0.156856 -0.00644428 0.000881444 0.076794 -0.121441 -0.0067965 -0.0106492 -0.00537938 -0.0131104 -0.00761883 -0.0116449 0.0256662 0.058463 -0.0208734 -0.044492 -0.00502268 -0.0277106 0.0386462 0.074385 -0.019294 -0.0628509 0.0256911 -0.0557639 -0.037545
internal_weight=0 875 68 47 807 89 55 718 675 62 43 613 590 560 527 490 469 93 64 376 151 225 175 52 50 124 63 61 123 103
internal_count=899 875 68 47 807 89 55 718 675 62 43 613 590 560 527 490 469 93 64 376 151 225 175 52 50 124 63 61 123 103
is_linear=0
shrinkage=0.05


Tree=97
num_leaves=31
num_cat=0
split_feature=13 3 2 13 2 6 8 12 3 10 3 12 2 14 9 1 1 0 0 0 9 3 0 5 5 13 8 6 8 14
split_gain=177.526 182.728 353.298 305.666 269.338 379.072 493.998 210.733 145.801 275.137 236.705 218.375 184.991 192.128 67.4924 125.421 190.421 204.328 137.991 106.939 153.497 115.245 91.8995 71.5611 187.153 148.588 64.3538 70.4128 53.7732 70.2942
threshold=8.0500000000000025 8.7500000000000018 22.350000000000005 10.850000000000003 21.850000000000005 55.547222222222224 55.301805555555553 22.050000000000004 10.750000000000002 2.5000000000000004 10.350000000000003 23.750000000000004 24.850000000000005 0.95000000000000007 5.5000000000000009 87.810416666666683 72.470833333333346 44.966666666666676 39.281250000000007 32.300000000000004 3.5000000000000004 12.250000000000002 35.525000000000013 36.410714285714292 32.081547619047619 12.250000000000002 53.541388888888896 18.771944444444447 30.728819444444454 2.2500000000000004
decision_type=2 2 2 2 2 10 10 2 2 2 2 2 2 2 2 2 2 2 2 2 2 2 2 10 10 2 10 8 8 2
left_child=-1 2 -2 -4 5 6 -3 -6 9 -9 12 -10 -11 -14 15 16 17 18 19 21 -21 -13 -16 24 25 -23 27 -27 -29 -30
right_child=1 4 3 -5 7 -7 -8 8 11 10 -12 14 13 -15 22 -17 -18 -19 -20 20 -22 23 -24 -25 -26 26 -28 28 29 -31
leaf_value=0.1351818936566512 -0.25187123815218609 0.011834543170752349 0.10940582735034138 -0.14706977818693434 -0.16169170244996037 -0.070381977558135994 0.31158025126372069 0.18283951585662778 -0.1661124958741394 0.084126335123310914 0.15194801390171053 -0.090159742887082853 -0.16903337092449269 0.023045239581362065 -0.013906064073814721 0.12441240137442947 -0.13766094613075258 0.15271495831283657 -0.12268894768279533 0.0063417904611144747 0.1693741109730168 0.10920785540534604 -0.12940170634925988 0.08336403355002403 -0.15211054682731628 -0.072470514536662797 -0.085190222536524141 0.08383148447610439 0.029801240621740561 -0.047254806690160994
leaf_weight=24 21 27 26 21 21 25 28 29 22 23 22 38 30 23 61 20 25 22 23 42 22 31 24 25 20 27 24 24 83 46
leaf_count=24 21 27 26 21 21 25 28 29 22 23 22 38 30 23 61 20 25 22 23 42 22 31 24 25 20 27 24 24 83 46
internal_value=0 -0.00265694 -0.0813707 -0.00518966 0.0039757 0.0910529 0.164432 -0.00560638 -0.000963617 0.0475523 0.00751838 -0.0116053 -0.0342902 -0.0856785 -0.00550267 0.00188332 -0.00353833 0.00431429 -0.00374698 0.00341444 0.0623842 -0.00845367 -0.0465166 0.00263501 -0.0052796 0.00721665 -0.00828202 0.00197241 0.0151094 0.00232389
internal_weight=0 875 68 47 807 80 55 727 706 127 98 579 76 53 557 472 452 427 405 382 64 318 85 280 255 235 204 180 153 129
internal_count=899 875 68 47 807 80 55 727 706 127 98 579 76 53 557 472 452 427 405 382 64 318 85 280 255 235 204 180 153 129
is_linear=0
shrinkage=0.05


Tree=98
num_leaves=31
num_cat=0
split_feature=13 2 2 2 7 7 12 13 1 1 0 0 6 5 0 0 5 1 0 10 14 14 8 13 8 8 14 7 1 0
split_gain=160.217 141.169 422.677 395.105 231.773 310.528 171.81 164.312 229.259 161.522 136.562 129.047 118.98 177.471 113.857 108.466 135.801 54.5548 181.57 79.2442 72.4222 138.295 103.084 99.2472 93.5372 122.968 67.01 65.3781 59.0926 109.489
threshold=8.0500000000000025 19.850000000000005 20.750000000000004 21.450000000000003 82.552083333333343 78.569940476190496 21.850000000000005 10.250000000000002 68.395833333333329 50.662500000000009 59.160416666666684 26.025000000000002 53.914861111111129 51.866666666666667 55.581250000000004 47.385416666666679 43.507738095238103 67.904166666666683 39.020833333333336 8.5000000000000018 13.700000000000001 0.8500000000000002 36.32444444444446 16.850000000000005 40.382083333333334 46.931458333333346 18.850000000000005 26.664880952380951 44.129166666666656 21.772916666666671
decision_type=2 2 2 2 10 8 2 2 2 2 2 2 10 10 2 2 10 2 2 2 2 2 8 2 8 8 2 10 2 2
left_child=-1 -2 -3 -4 5 6 -5 8 9 11 -6 -8 13 14 15 16 17 18 19 20 21 22 -9 -23 -24 -26 -22 -21 29 -27
right_child=1 2 3 4 10 -7 7 12 -10 -11 -12 -13 -14 -15 -16 -17 -18 -19 -20 27 26 23 24 -25 25 28 -28 -29 -30 -31
leaf_value=0.12842279598116876 0.12878784800879658 -0.22714210351308189 0.16441331735679082 -0.14385459043762902 -0.02950424499809742 0.19344413384795189 -0.018523667036340789 0.075804323325199749 0.20705431163311006 -0.074968454601864021 -0.21206313733543669 0.1276610283801953 -0.12384593723260838 0.125232029457887 -0.11791323636472227 0.10263713282488643 -0.1320371605941783 0.064232331693172454 -0.15524581518201602 -0.021693721665970743 0.10985555900260807 -0.11694926015313781 -0.091239426178591598 -0.010906286573865349 0.098141144731870078 -0.0052305729073636679 -0.0037400182437252356 0.067987301661554034 0.014842072014625257 -0.15266427423804999
leaf_weight=24 20 21 35 22 20 20 26 35 20 30 21 36 23 24 25 21 23 25 21 31 20 57 35 36 26 34 37 59 52 20
leaf_count=24 20 21 35 22 20 20 26 35 20 30 21 36 23 24 25 21 23 25 21 31 20 57 35 36 26 34 37 59 52 20
internal_value=0 -0.00252409 -0.00559571 -1.72068e-05 -0.00722005 -0.000957 -0.00622532 -0.00199649 0.0536269 0.0202731 -0.12301 0.0663578 -0.0123108 -0.00789543 -0.0136316 -0.00873117 -0.013308 -0.00771211 -0.0115968 -0.00477184 -0.015477 -0.0254462 -0.00221731 -0.0759004 -0.0185691 0.000699489 0.0361181 0.0370972 -0.0232013 -0.0598356
internal_weight=0 875 855 834 799 758 738 716 112 92 41 62 604 581 557 532 511 488 463 442 352 295 202 93 167 132 57 90 106 54
internal_count=899 875 855 834 799 758 738 716 112 92 41 62 604 581 557 532 511 488 463 442 352 295 202 93 167 132 57 90 106 54
is_linear=0
shrinkage=0.05


Tree=99
num_leaves=31
num_cat=0
split_feature=3 13 2 2 3 7 7 13 12 6 8 5 5 0 13 0 0 10 7 7 13 12 2 12 9 9 13 2 8 8
split_gain=158.319 313.538 298.528 278.45 420.05 212.328 462.405 290.269 163.567 335.839 209.273 188.707 195.739 118.933 113.278 107.16 117.932 107.664 82.5579 74.6602 65.4022 65.0133 117.529 108.573 223.301 77.9999 107.251 76.8195 73.5615 72.9271
threshold=8.7500000000000018 10.550000000000002 22.150000000000002 20.750000000000004 10.450000000000001 82.552083333333343 77.872321428571439 8.6500000000000004 25.250000000000004 53.311736111111117 52.272708333333362 43.617261904761911 51.405952380952392 35.735416666666673 8.7500000000000018 48.827083333333341 42.145833333333343 8.5000000000000018 26.664880952380951 58.85505952380953 12.450000000000001 30.750000000000004 28.750000000000004 33.45000000000001 3.5000000000000004 5.5000000000000009 11.750000000000002 34.750000000000007 46.400694444444461 35.247500000000002
decision_type=2 2 2 2 2 10 10 2 2 10 8 10 10 2 2 2 2 2 10 10 2 2 2 2 2 2 2 2 10 10
left_child=1 14 3 -2 -5 6 7 -4 9 10 13 15 -13 -9 -1 16 17 19 -19 21 -20 22 25 24 -23 26 -10 -25 29 -28
right_child=2 -3 5 4 -6 -7 -8 8 11 -11 -12 12 -14 -15 -16 -17 -18 18 20 -21 -22 23 -24 27 -26 -27 28 -29 -30 -31
leaf_value=-0.081443404406309136 -0.021428336597540801 -0.20109349930925027 0.15915697560860562 0.33090977411378519 0.053595789935853747 -0.13143474421193521 0.23924524292349814 0.00074172555468976498 0.098405380733311176 -0.24788336902856828 0.075576618663035333 0.21458528026938439 -0.0066266323626041415 -0.16143866748763966 0.07435730993747712 -0.11938121964534124 0.11487359985709192 -0.031211027466962415 0.12100981276842855 -0.085131707242349308 0.0237122521807368 -0.017141347171531787 -0.10681217267382435 -0.1088602391736848 0.17737611007690432 -0.09534614623795884 -0.013079787071232927 0.0065526981230663228 0.066806403015341076 -0.11881201494307746
leaf_weight=20 34 28 26 22 36 31 20 20 24 21 32 20 20 26 28 21 20 31 31 41 39 36 41 21 25 24 73 46 21 21
leaf_count=20 34 28 26 22 36 31 20 20 24 21 32 20 20 26 28 21 20 31 31 41 39 36 41 21 25 24 73 46 21 21
internal_value=0 -0.0681248 0.00729936 0.0921837 0.158784 -0.00338376 0.00228707 -0.00468229 -0.0111958 -0.0704007 -0.0226169 -0.000634895 0.103979 -0.0909255 0.00944035 -0.00876027 -0.00405776 -0.00907596 0.0367182 -0.021476 0.0668012 -0.0136149 -0.0311413 0.0143178 0.0625789 -0.0121075 0.00226465 -0.0296215 -0.0177995 -0.0367008
internal_weight=0 76 823 92 58 731 700 680 654 99 78 555 40 46 48 515 494 474 101 373 70 332 204 128 61 163 139 67 115 94
internal_count=899 76 823 92 58 731 700 680 654 99 78 555 40 46 48 515 494 474 101 373 70 332 204 128 61 163 139 67 115 94
is_linear=0
shrinkage=0.05


end of trees

feature_importances:
wind_speed_10m_max=340
pm2_5_lag_1=307
pm10_roll_7=272
pm10_roll_30=272
pm2_5_roll_7=256
temperature_lag_1=248
pm2_5_roll_30=244
pm10_lag_1=220
temperature_2m_mean=214
wind_speed_lag_1=209
month=136
precipitation_sum=131
day_of_week=81
precipitation_lag_1=69
is_weekend=1

parameters:
[boosting: gbdt]
[objective: regression]
[metric: l1]
[tree_learner: serial]
[device_type: cpu]
[data_sample_strategy: bagging]
[data: ]
[valid: ]
[num_iterations: 100]
[learning_rate: 0.05]
[num_leaves: 31]
[num_threads: 0]
[seed: 42]
[deterministic: 0]
[force_col_wise: 0]
[force_row_wise: 0]
[histogram_pool_size: -1]
[max_depth: -1]
[min_data_in_leaf: 20]
[min_sum_hessian_in_leaf: 0.001]
[bagging_fraction: 0.8]
[pos_bagging_fraction: 1]
[neg_bagging_fraction: 1]
[bagging_freq: 5]
[bagging_seed: 400]
[feature_fraction: 0.9]
[feature_fraction_bynode: 1]
[feature_fraction_seed: 30056]
[extra_trees: 0]
[extra_seed: 12879]
[early_stopping_round: 0]
[early_stopping_min_delta: 0]
[first_metric_only: 0]
[max_delta_step: 0]
[lambda_l1: 0]
[lambda_l2: 0]
[linear_lambda: 0]
[min_gain_to_split: 0]
[drop_rate: 0.1]
[max_drop: 50]
[skip_drop: 0.5]
[xgboost_dart_mode: 0]
[uniform_drop: 0]
[drop_seed: 17869]
[top_rate: 0.2]
[other_rate: 0.1]
[min_data_per_group: 100]
[max_cat_threshold: 32]
[cat_l2: 10]
[cat_smooth: 10]
[max_cat_to_onehot: 4]
[top_k: 20]
[monotone_constraints: ]
[monotone_constraints_method: basic]
[monotone_penalty: 0]
[feature_contri: ]
[forcedsplits_filename: ]
[refit_decay_rate: 0.9]
[cegb_tradeoff: 1]
[cegb_penalty_split: 0]
[cegb_penalty_feature_lazy: ]
[cegb_penalty_feature_coupled: ]
[path_smooth: 0]
[interaction_constraints: ]
[verbosity: -1]
[saved_feature_importance_type: 0]
[use_quantized_grad: 0]
[num_grad_quant_bins: 4]
[quant_train_renew_leaf: 0]
[stochastic_rounding: 1]
[linear_tree: 0]
[max_bin: 255]
[max_bin_by_feature: ]
[min_data_in_bin: 3]
[bin_construct_sample_cnt: 200000]
[data_random_seed: 175]
[is_enable_sparse: 1]
[enable_bundle: 1]
[use_missing: 1]
[zero_as_missing: 0]
[feature_pre_filter: 1]
[pre_partition: 0]
[two_round: 0]
[header: 0]
[label_column: ]
[weight_column: ]
[group_column: ]
[ignore_column: ]
[categorical_feature: ]
[forcedbins_filename: ]
[precise_float_parser: 0]
[parser_config_file: ]
[objective_seed: 16083]
[num_class: 1]
[is_unbalance: 0]
[scale_pos_weight: 1]
[sigmoid: 1]
[boost_from_average: 1]
[reg_sqrt: 0]
[alpha: 0.9]
[fair_c: 1]
[poisson_max_delta_step: 0.7]
[tweedie_variance_power: 1.5]
[lambdarank_truncation_level: 30]
[lambdarank_norm: 1]
[label_gain: ]
[lambdarank_position_bias_regularization: 0]
[eval_at: ]
[multi_error_top_k: 1]
[auc_mu_weights: ]
[num_machines: 1]
[local_listen_port: 12400]
[time_out: 120]
[machine_list_filename: ]
[machines: ]
[gpu_platform_id: -1]
[gpu_device_id: -1]
[gpu_use_dp: 0]
[num_gpu: 1]

end of parameters

pandas_categorical:null
