tree
version=v4
num_class=1
num_tree_per_iteration=1
label_index=0
max_feature_idx=13
objective=regression
feature_names=demand_lag_1 demand_lag_2 demand_lag_6 demand_roll_7_mean demand_roll_7_max demand_roll_30_mean temp_lag_1 temp_roll_7 cooling_degree_days day_of_week month is_weekend temperature_2m_mean temperature_2m_max
feature_infos=[20147:32419] [20147:32419] [20147:32419] [21379.571428571428:31392.428571428572] [22067:32419] [22238.099999999999:30801.599999999999] [20.366666666666664:34.133333333333333] [21.385714285714283:33.109523809523814] [0:10.133333333333333] [0:6] [1:12] [0:1] [20.366666666666664:34.133333333333333] [26.099999999999998:40.266666666666666]
tree_sizes=2696 2703 2702 2697 2694 2701 2701 2695 2701 2716 2706 2703 2700 2701 2703 2703 2707 2708 2711 2706 2696 2693 2707 2704 2712 2706 2704 2707 2705 2711 2711 2709 2697 2708 2704 2701 2707 2714 2707 2696 2702 2715 2705 2714 2712 2724 2704 2717 2713 2713 2695 2709 2711 2714 2708 2709 2709 2697 2694 2713 2706 2707 2704 2706 2702 2714 2720 2721 2716 2715 2712 2710 2721 2698 2724 2716 2705 2686 2700 2689 2701 2704 2700 2700 2699 2702 2698 2699 2678 2705 2693 2693 2720 2686 2669 2695 2694 2690 2675 2669

Tree=0
num_leaves=31
num_cat=0
split_feature=3 3 0 4 8 0 0 11 13 0 11 11 8 10 11 6 13 3 13 7 7 2 7 8 0 2 0 2 13 4
split_gain=3.36923e+09 6.98987e+08 3.28706e+08 1.05888e+08 9.57749e+07 5.75627e+07 4.4683e+07 3.33457e+07 2.95812e+07 2.94364e+07 2.52808e+07 1.64294e+07 1.46639e+07 3.19468e+07 1.40483e+07 1.39584e+07 1.35822e+07 1.29291e+07 1.17836e+07 1.82072e+07 1.11371e+07 1.10929e+07 1.05531e+07 1.57309e+07 7.27097e+06 6.94552e+06 6.65416e+06 6.70154e+06 6.64774e+06 6.56986e+06
threshold=26349.785714285721 28185.642857142862 24881.000000000004 23890.000000000004 8.050000000000006 26110.000000000004 27241.500000000004 1.0000000180025095e-35 28.583333333333332 29657.000000000004 1.0000000180025095e-35 1.0000000180025095e-35 5.150000000000003 2.5000000000000004 1.0000000180025095e-35 26.616666666666674 28.600000000000005 23850.000000000004 35.750000000000007 24.830952380952386 26.642857142857149 26821.500000000004 25.511904761904763 1.9166666666666681 26472.500000000004 23162.000000000004 30515.000000000004 28997.500000000004 32.183333333333344 28677.000000000004
decision_type=2 2 2 2 2 2 2 2 2 2 2 2 2 2 2 2 2 2 2 2 2 2 2 2 2 2 2 2 2 2
left_child=2 6 3 16 9 22 10 8 -5 12 18 29 13 14 -3 17 -1 -10 19 -2 -12 -13 -4 -24 -7 -9 27 -11 -21 -8
right_child=1 4 5 7 -6 24 11 25 15 26 20 21 -14 -15 -16 -17 -18 -19 -20 28 -22 -23 23 -25 -26 -27 -28 -29 -30 -31
leaf_value=26306.256083831628 26577.180817252887 26671.958075571536 26490.576464705799 26385.127356381516 26752.297193722035 26505.272985047683 26586.687865960324 26353.124716107759 26421.626867319585 26656.513576914309 26540.282508852662 26533.496496988773 26678.617137853289 26592.538002479589 26624.741512174587 26397.792030632223 26357.326294783281 26460.84831331444 26592.468222852276 26509.927746371155 26489.919774632224 26580.636079872169 26424.966077724934 26469.697044198729 26544.193223212173 26388.97679189757 26711.474121400977 26693.636881712067 26546.362693676532 26616.574715552895
leaf_weight=30 38 50 26 43 36 21 112 22 38 20 21 24 33 26 23 21 23 47 21 21 23 26 30 57 28 35 23 31 31 22
leaf_count=30 38 50 26 43 36 21 112 22 38 20 21 24 33 26 23 21 23 47 21 21 23 26 30 57 28 35 23 31 31 22
internal_value=26534.2 26612.1 26426.4 26391.4 26677.1 26482.3 26565.8 26407.7 26420.1 26663.9 26546 26582.5 26649.8 26640.1 26657.1 26434.3 26328.4 26443.3 26558.7 26550.9 26514 26558 26462.6 26454.3 26527.5 26375.1 26689.1 26679.1 26531.6 26591.6
internal_weight=0 581 421 259 242 162 339 206 149 206 155 184 132 99 73 106 53 85 111 90 44 50 113 87 49 57 74 51 52 134
internal_count=1002 581 421 259 242 162 339 206 149 206 155 184 132 99 73 106 53 85 111 90 44 50 113 87 49 57 74 51 52 134
is_linear=0
shrinkage=1


Tree=1
num_leaves=31
num_cat=0
split_feature=3 3 0 3 8 0 9 0 9 13 0 9 9 1 13 9 0 13 7 9 13 4 0 2 13 2 1 0 2 9
split_gain=3.04073e+09 6.30836e+08 2.96657e+08 9.61835e+07 8.64368e+07 5.19503e+07 4.20522e+07 4.07607e+07 2.90501e+07 2.67005e+07 2.65664e+07 2.24869e+07 1.92736e+07 1.67226e+07 1.61983e+07 1.59958e+07 1.15013e+07 1.1397e+07 1.71596e+07 1.06279e+07 1.03854e+07 1.03815e+07 8.14177e+06 7.98382e+06 8.24512e+06 7.76291e+06 6.88349e+06 6.56205e+06 6.23086e+06 6.07312e+06
threshold=26349.785714285721 28185.642857142862 24881.000000000004 23023.000000000004 8.050000000000006 26110.000000000004 3.5000000000000004 27519.500000000004 4.5000000000000009 28.716666666666672 29657.000000000004 5.5000000000000009 1.5000000000000002 24557.500000000004 29.016666666666669 2.5000000000000004 28895.000000000004 36.116666666666674 24.830952380952386 2.5000000000000004 30.650000000000006 25440.500000000004 27011.500000000004 27986.000000000004 33.016666666666673 26961.500000000004 23168.000000000004 26472.500000000004 29209.000000000004 4.5000000000000009
decision_type=2 2 2 2 2 2 2 2 2 2 2 2 2 2 2 2 2 2 2 2 2 2 2 2 2 2 2 2 2 2
left_child=2 7 3 14 10 15 9 8 17 -5 12 21 -3 26 -1 -4 -14 18 -2 -9 -17 -8 -10 24 -20 -21 -11 -7 -18 -12
right_child=1 4 5 6 -6 27 11 19 22 13 29 -13 16 -15 -16 20 28 -19 23 25 -22 -23 -24 -25 -26 -27 -28 -29 -30 -31
leaf_value=-204.02371958856997 43.264827775955204 138.26747741699219 -40.454283867941967 -136.31898036411832 207.22124871148003 -27.451744461059572 -148.10661914966724 66.678527723039892 -34.678729639382198 -77.785382378619659 156.24547481896744 -110.38046299861028 74.494854016304018 -51.021683707604041 -150.12449111938477 -93.561826515197765 97.616148107192103 58.891114459348763 -5.2497323816472843 20.919303088717992 -54.346633384704596 -195.63493438720704 4.691018056869507 -20.891443252563477 38.551050276983354 50.381606228068726 -112.80288213094076 9.5224813972200675 131.7658626209606 124.4735092889695
leaf_weight=46 47 41 36 35 36 21 27 56 29 23 53 26 35 26 20 52 34 23 22 36 25 20 24 22 21 59 36 28 22 21
leaf_count=46 47 41 36 35 36 21 27 56 29 23 53 26 35 26 20 52 34 23 22 36 25 20 24 22 21 59 36 28 22 21
internal_value=0 74.0756 -102.392 -135.586 135.74 -49.3216 -117.768 30.0558 14.5176 -99.5641 123.248 -147.691 109.804 -84.4298 -187.691 -67.9667 96.9793 26.8327 20.2492 49.4014 -80.8296 -168.331 -16.8509 3.60717 16.1413 39.2169 -99.152 -6.32362 111.032 147.229
internal_weight=0 581 421 259 242 162 193 339 188 120 206 73 132 85 66 113 91 135 112 151 77 47 53 65 43 95 59 49 56 74
internal_count=1002 581 421 259 242 162 193 339 188 120 206 73 132 85 66 113 91 135 112 151 77 47 53 65 43 95 59 49 56 74
is_linear=0
shrinkage=0.05


Tree=2
num_leaves=31
num_cat=0
split_feature=3 3 0 4 8 0 9 0 9 0 1 9 9 9 13 0 13 7 9 13 13 2 9 2 2 13 4 1 0 0
split_gain=2.74426e+09 5.69329e+08 2.67733e+08 8.79714e+07 7.80092e+07 4.68851e+07 4.59171e+07 3.67865e+07 2.62177e+07 2.39762e+07 2.15471e+07 2.11994e+07 1.73944e+07 1.44362e+07 1.12534e+07 1.06697e+07 1.02858e+07 1.54865e+07 9.78872e+06 9.37278e+06 9.05613e+06 8.18842e+06 7.94858e+06 7.27968e+06 7.2054e+06 7.44123e+06 6.78503e+06 6.61248e+06 6.93732e+06 6.02389e+06
threshold=26349.785714285721 28185.642857142862 24881.000000000004 23890.000000000004 8.050000000000006 26110.000000000004 3.5000000000000004 27519.500000000004 4.5000000000000009 29657.000000000004 24557.500000000004 5.5000000000000009 1.5000000000000002 2.5000000000000004 28.600000000000005 28471.500000000004 36.116666666666674 24.830952380952386 3.5000000000000004 30.650000000000006 28.583333333333332 27192.000000000004 5.5000000000000009 28471.500000000004 27986.000000000004 33.016666666666673 25440.500000000004 23730.500000000004 23584.000000000004 30515.000000000004
decision_type=2 2 2 2 2 2 2 2 2 2 2 2 2 2 2 2 2 2 2 2 2 2 2 2 2 2 2 2 2 2
left_child=2 7 3 14 9 13 10 8 16 12 20 26 -3 -4 -1 -14 17 -2 -9 -15 -5 -20 -10 -17 25 -19 -8 28 -22 -11
right_child=1 4 5 6 -6 -7 11 18 22 29 -12 -13 15 19 -16 23 -18 24 21 -21 27 -23 -24 -25 -26 -27 -28 -29 -30 -31
leaf_value=-206.42946207682294 41.101586609191088 131.35410297672922 -38.431569587853225 -129.15313681325605 196.86018337673613 -6.007434549137038 -148.49935972152218 58.300825010027204 -35.009604376333733 130.28752435422413 -58.374908879597982 -109.00000594002861 60.872101974487308 -88.883737443043643 -159.9430735712466 76.013296508789068 55.946558695254126 -4.9872458024458455 15.963240957260133 -51.62930230712891 -103.94324493408203 50.957630920410161 3.7236746861384469 111.70563776779176 -19.846870838512075 36.623497626894995 -185.85318908691409 -119.55822089059014 -64.592147382100435 161.11055350925614
leaf_weight=30 47 41 36 31 36 49 31 84 27 51 30 28 21 52 23 20 23 22 35 25 24 32 26 50 22 21 20 21 21 23
leaf_count=30 47 41 36 31 36 49 31 84 27 51 30 28 21 52 23 20 23 22 35 25 24 32 26 50 22 21 20 21 21 23
internal_value=0 70.3718 -97.272 -128.807 128.953 -46.8555 -114.026 28.553 13.7917 117.085 -95.4078 -143.956 104.313 -64.5683 -186.256 92.1304 25.491 19.2368 46.9313 -76.7881 -106.861 32.677 -16.0084 101.508 3.42681 15.3343 -163.148 -96.3908 -85.5794 139.868
internal_weight=0 581 421 259 242 162 206 339 188 206 127 79 132 113 53 91 135 112 151 77 97 67 53 70 65 43 51 66 45 74
internal_count=1002 581 421 259 242 162 206 339 188 206 127 79 132 113 53 91 135 112 151 77 97 67 53 70 65 43 51 66 45 74
is_linear=0
shrinkage=0.05


Tree=3
num_leaves=31
num_cat=0
split_feature=3 3 0 8 4 0 9 0 9 0 13 9 13 7 9 2 9 9 7 13 0 9 9 2 13 4 1 4 1 0
split_gain=2.4767e+09 5.1382e+08 2.43073e+08 7.04033e+07 6.71597e+07 5.49128e+07 3.73318e+07 3.35276e+07 2.5725e+07 2.16385e+07 1.97522e+07 1.56984e+07 1.46831e+07 1.24598e+07 1.22165e+07 1.21321e+07 1.0434e+07 1.66208e+07 1.16186e+07 1.01562e+07 9.93964e+06 9.13978e+06 1.44413e+07 7.7669e+06 7.53885e+06 7.47462e+06 6.93944e+06 6.43409e+06 6.38095e+06 5.92225e+06
threshold=26349.785714285721 28185.642857142862 24454.000000000004 8.050000000000006 23890.000000000004 26110.000000000004 2.5000000000000004 27206.500000000004 2.5000000000000004 29657.000000000004 28.483333333333338 1.5000000000000002 28.716666666666672 26.642857142857149 3.5000000000000004 27192.000000000004 2.5000000000000004 5.5000000000000009 26.097619047619052 28.600000000000005 29332.500000000004 5.5000000000000009 4.5000000000000009 27865.000000000004 30.850000000000001 25979.000000000004 24557.500000000004 28252.000000000004 23168.000000000004 26472.500000000004
decision_type=2 2 2 2 2 2 2 2 2 2 2 2 2 2 2 2 2 2 2 2 2 2 2 2 2 2 2 2 2 2
left_child=2 7 4 9 19 10 12 8 23 11 -4 -3 -6 -10 27 -16 25 18 -18 -1 -13 22 -8 24 -2 -12 28 -9 -14 -7
right_child=1 3 5 -5 6 29 21 14 13 -11 16 20 26 -15 15 -17 17 -19 -20 -21 -22 -23 -24 -25 -26 -27 -28 -29 -30 -31
leaf_value=-196.10798665364587 21.015238551487187 124.78639786883099 -109.40810215162195 187.01718139648438 -120.12630871188256 -25.778785451253256 -127.51754077788324 39.383326227188114 7.8573587853567943 132.87426964012352 -61.417855920791624 76.790698522329336 -72.211608052253723 -34.641493286805996 11.71014459310816 49.787130334036696 -64.173099865632906 -31.402216121128632 -109.0748606567383 -151.94592125934102 112.96534067789715 -112.15189872409988 -179.8083198879076 3.6548689668828795 57.72956867924443 -19.623291413680366 -54.659090151105616 64.16563826127485 -110.45166580200197 9.3467297281537736
leaf_weight=30 29 41 23 36 31 21 31 50 35 74 20 64 24 34 52 35 34 21 25 23 27 23 23 22 27 23 21 55 20 28
leaf_count=30 29 41 23 36 31 21 31 50 35 74 20 64 24 34 52 35 34 21 25 23 27 23 23 22 27 23 21 55 20 28
internal_value=0 66.8532 -92.4084 122.505 -127.699 -51.5073 -112.613 27.1254 9.15472 111.231 -66.8786 99.0978 -91.8111 -13.0841 40.8841 27.0285 -58.926 -69.6025 -83.1993 -176.943 87.5238 -138.547 -149.79 28.8275 38.7168 -39.0626 -78.307 52.3645 -89.5935 -5.70706
internal_weight=0 581 421 242 226 195 173 339 147 206 146 132 96 69 192 87 123 80 59 53 91 77 54 78 56 43 65 105 44 49
internal_count=1002 581 421 242 226 195 173 339 147 206 146 132 96 69 192 87 123 80 59 53 91 77 54 78 56 43 65 105 44 49
is_linear=0
shrinkage=0.05


Tree=4
num_leaves=31
num_cat=0
split_feature=3 3 0 3 8 0 9 0 9 13 8 7 9 2 1 7 6 9 9 2 4 8 13 2 7 4 0 8 7 1
split_gain=2.23522e+09 4.63722e+08 2.19685e+08 7.31174e+07 6.3539e+07 3.78407e+07 3.13193e+07 3.02587e+07 2.33226e+07 2.04864e+07 2.03223e+07 2.08722e+07 1.67603e+07 1.45257e+07 1.27573e+07 1.23634e+07 1.2332e+07 1.19849e+07 1.10254e+07 1.09493e+07 8.6256e+06 8.20614e+06 8.14926e+06 7.35844e+06 1.07874e+07 5.80676e+06 5.36792e+06 5.23846e+06 1.31311e+07 4.55111e+06
threshold=26349.785714285721 28185.642857142862 24881.000000000004 23023.000000000004 8.050000000000006 26110.000000000004 3.5000000000000004 27206.500000000004 1.5000000000000002 28.716666666666672 5.150000000000003 27.478571428571431 5.5000000000000009 29279.500000000004 24809.500000000004 26.616666666666671 25.783333333333339 2.5000000000000004 3.5000000000000004 27192.000000000004 25428.500000000004 4.650000000000003 30.716666666666672 29791.500000000004 30.123809523809523 28252.000000000004 26507.500000000004 3.1500000000000026 24.095238095238098 23168.000000000004
decision_type=2 2 2 2 2 2 2 2 2 2 2 2 2 2 2 2 2 2 2 2 2 2 2 2 2 2 2 2 2 2
left_child=2 7 3 16 10 17 9 8 27 -5 11 13 20 -3 29 -10 -1 -4 25 -20 -8 -17 -19 24 -12 -9 -7 28 -2 -11
right_child=1 4 5 6 -6 26 12 18 15 14 23 -13 -14 -15 -16 21 -18 22 19 -21 -22 -23 -24 -25 -26 -27 -28 -29 -30 -31
leaf_value=-183.39551872484614 47.374951753162208 89.042590882348236 -34.217350302802195 -117.30288626534599 177.66632080078125 -23.017055212933087 -125.21063561072718 37.414160583496098 10.014003395452733 -65.575452530902368 142.90974502563478 56.27286330913676 -94.430271119337817 127.81337722778322 -39.07197693044489 -51.704357910156254 -140.16954623135652 -79.126918247767861 11.124637690874247 47.297774707249232 -168.29477103097099 -6.4104774475097663 -42.603542037237261 147.16803973162618 95.177540272679835 60.957356276078656 10.143403816223145 48.799685386657721 -9.2343320083618163 -93.488351221084599
leaf_weight=33 21 61 36 35 36 23 26 50 41 23 20 29 26 40 22 20 33 56 52 35 21 20 21 27 29 55 26 25 20 40
leaf_count=33 21 61 36 35 36 23 26 50 41 23 20 29 26 40 22 20 33 56 52 35 21 20 21 27 29 55 26 25 20 40
internal_value=0 63.5106 -87.7879 -116.353 116.38 -42.119 -100.818 25.7691 8.69699 -85.1079 105.67 93.6619 -126.642 104.397 -71.8512 -9.28053 -161.783 -58.0319 38.8399 25.677 -144.461 -29.0574 -69.166 126.209 114.66 49.7463 -5.42171 30.7603 19.7607 -83.2979
internal_weight=0 581 421 259 242 162 193 339 147 120 206 130 73 101 85 81 66 113 192 87 47 40 77 76 49 105 49 66 41 63
internal_count=1002 581 421 259 242 162 193 339 147 120 206 130 73 101 85 81 66 113 192 87 47 40 77 76 49 105 49 66 41 63
is_linear=0
shrinkage=0.05


Tree=5
num_leaves=31
num_cat=0
split_feature=0 3 3 8 3 3 13 0 9 13 9 0 0 5 10 2 9 9 7 9 0 10 7 13 5 2 3 2 0 7
split_gain=2.01459e+09 4.45351e+08 1.84804e+08 6.23852e+07 6.12947e+07 3.50419e+07 3.12381e+07 3.09823e+07 2.54155e+07 2.14356e+07 1.96529e+07 2.38504e+07 1.88364e+07 1.15383e+07 9.99701e+06 9.74443e+06 1.45039e+07 9.40206e+06 8.85359e+06 1.05436e+07 8.16173e+06 7.63817e+06 6.98654e+06 1.70374e+07 6.81271e+06 6.49286e+06 8.56815e+06 6.09532e+06 4.78479e+06 6.54648e+06
threshold=26110.000000000004 28185.642857142862 23850.000000000004 8.050000000000006 26506.000000000004 22390.428571428576 28.483333333333338 27159.500000000004 2.5000000000000004 29.150000000000006 2.5000000000000004 25568.000000000004 29715.500000000004 26858.51666666667 3.5000000000000004 29231.500000000004 4.5000000000000009 4.5000000000000009 25.435714285714294 3.5000000000000004 24680.000000000004 7.5000000000000009 24.916666666666668 33.316666666666677 26758.666666666668 26126.500000000004 24759.428571428576 28997.500000000004 27852.500000000004 30.123809523809523
decision_type=2 2 2 2 2 2 2 2 2 2 2 2 2 2 2 2 2 2 2 2 2 2 2 2 2 2 2 2 2 2
left_child=2 7 5 12 6 -1 -4 8 24 18 25 20 14 17 15 16 -3 -9 -7 -20 -12 -11 -10 -24 -2 26 -8 -14 -15 -30
right_child=1 3 4 -5 -6 9 10 13 22 21 11 -13 27 28 -16 -17 -18 -19 19 -21 -22 -23 23 -25 -26 -27 -28 -29 29 -31
leaf_value=-174.50409261067711 12.607842849862987 103.75437834768584 -106.36163184933547 170.3366425343049 5.1509907021242034 -105.7947870427912 -49.166225374661963 31.666256577173868 9.0495642089843766 -113.90007632573446 -115.32905298868816 -42.042501173521345 100.07853705996558 35.662523219244825 65.732160758972171 115.03042916297915 49.79365322113037 -5.9331586951794835 -122.45430147307259 -167.12820800781253 -77.246156557868517 -77.277330780029303 -53.169274078369142 3.1554690788532125 46.067451953887939 -60.310519377390541 -8.5740949263939488 132.47996228806517 64.299152596791586 30.251060857772828
leaf_weight=30 29 33 41 39 34 22 26 60 25 24 24 38 21 70 32 45 20 23 28 25 34 35 25 29 32 24 26 47 48 20
leaf_count=30 29 33 41 39 34 22 26 60 25 24 24 38 21 70 32 45 20 23 28 25 34 35 25 29 32 24 26 47 48 20
internal_value=0 59.2817 -84.5112 112.535 -57.1914 -125.658 -67.1428 24.3201 5.91644 -114.722 -57.7941 -72.8321 101.15 35.9786 89.9967 97.9198 83.3918 21.2471 -132.459 -143.527 -93.0046 -92.1747 -12.8036 -22.9208 30.1604 -38.7987 -28.8702 122.474 44.8388 54.285
internal_weight=0 598 411 237 247 164 213 361 140 134 172 96 198 221 130 98 53 83 75 53 58 59 79 54 61 76 52 68 138 68
internal_count=1009 598 411 237 247 164 213 361 140 134 172 96 198 221 130 98 53 83 75 53 58 59 79 54 61 76 52 68 138 68
is_linear=0
shrinkage=0.05


Tree=6
num_leaves=31
num_cat=0
split_feature=3 3 0 7 0 4 9 0 9 0 10 3 9 10 1 7 8 5 3 8 2 9 9 9 9 10 0 4 1 6
split_gain=1.81858e+09 4.69003e+08 1.24899e+08 5.87579e+07 4.6255e+07 4.51047e+07 3.01453e+07 2.61987e+07 2.02954e+07 1.59988e+07 1.78866e+07 1.55832e+07 1.52109e+07 1.21343e+07 1.18189e+07 1.15923e+07 1.3253e+07 1.02978e+07 9.88179e+06 9.62424e+06 9.25544e+06 1.16838e+07 8.17913e+06 6.21361e+06 1.05901e+07 5.52707e+06 5.40358e+06 4.57137e+06 5.56947e+06 3.80906e+06
threshold=25870.285714285717 28115.642857142859 24327.000000000004 31.388095238095243 27159.500000000004 23541.500000000004 2.5000000000000004 25718.500000000004 2.5000000000000004 29657.000000000004 3.5000000000000004 25311.071428571431 1.5000000000000002 8.5000000000000018 25528.500000000004 25.740476190476194 3.3499999999999983 26858.51666666667 23850.000000000004 8.050000000000006 29209.000000000004 4.5000000000000009 4.5000000000000009 5.5000000000000009 4.5000000000000009 7.5000000000000009 26062.000000000004 28677.000000000004 27674.000000000004 25.916666666666675
decision_type=2 2 2 2 2 2 2 2 2 2 2 2 2 2 2 2 2 2 2 2 2 2 2 2 2 2 2 2 2 2
left_child=2 4 5 9 8 25 18 12 13 10 20 -9 -4 26 -14 -10 -17 22 29 -5 21 -3 -6 24 -8 -1 -2 28 -19 -7
right_child=1 3 7 19 17 6 23 11 15 -11 -12 -13 14 -15 -16 16 -18 27 -20 -21 -22 -23 -24 -25 -26 -27 -28 -29 -30 -31
leaf_value=-180.66441467285156 11.285940269470217 96.020292854309091 -35.971393528691046 123.25321516557175 29.514743132510429 -108.38515012017614 -116.44645857377486 -50.824899801841156 8.707275269826253 114.67997980291193 46.285884715892649 6.3519868503917349 -68.786351946950191 -9.6957326714197798 -112.66180801391602 -60.362273805791681 -12.256926485387291 49.592897346019747 -62.305840428670251 165.01384772223398 107.41204817390442 47.303971333503725 -5.636499906104544 -103.8697230021159 -161.23158097700639 -143.4922784423828 41.544929069942896 60.106027766636444 26.729203279394852 -80.021455059051519
leaf_weight=20 25 32 27 22 59 29 33 26 30 55 27 22 66 30 20 22 41 50 36 37 50 20 23 24 22 20 36 28 57 20
leaf_count=20 25 32 27 22 59 29 33 26 30 55 27 22 66 30 20 22 41 50 36 37 50 20 23 24 22 20 36 28 57 20
internal_value=0 51.2097 -88.4891 106.023 17.9938 -114.473 -102.862 -55.5656 -0.447781 92.1003 82.4733 -24.6188 -68.7112 16.3395 -78.9899 -16.874 -29.0556 33.6309 -82.1954 149.442 92.0523 77.2832 19.6552 -125.097 -134.361 -162.078 29.1437 42.1198 37.4132 -96.8081
internal_weight=0 644 365 243 401 204 164 161 184 184 129 48 113 91 86 93 63 217 85 59 102 52 82 79 55 40 61 135 107 49
internal_count=1009 644 365 243 401 204 164 161 184 184 129 48 113 91 86 93 63 217 85 59 102 52 82 79 55 40 61 135 107 49
is_linear=0
shrinkage=0.05


Tree=7
num_leaves=31
num_cat=0
split_feature=0 3 0 7 5 4 9 0 9 9 13 0 10 1 7 5 6 13 9 13 9 1 7 13 5 9 10 5 9 0
split_gain=1.6432e+09 3.62379e+08 1.51607e+08 5.12705e+07 4.28711e+07 4.24789e+07 2.63435e+07 2.49944e+07 2.27293e+07 2.10351e+07 1.48145e+07 1.37194e+07 1.66499e+07 1.31336e+07 9.76905e+06 9.35288e+06 8.98816e+06 8.15628e+06 7.8956e+06 7.68693e+06 7.67959e+06 6.45141e+06 5.70028e+06 1.47787e+07 5.64062e+06 5.11872e+06 4.98818e+06 4.8713e+06 4.50296e+06 5.12239e+06
threshold=26110.000000000004 28185.642857142862 24157.000000000004 31.388095238095243 25680.700000000001 23541.500000000004 2.5000000000000004 27159.500000000004 2.5000000000000004 2.5000000000000004 28.416666666666675 29657.000000000004 3.5000000000000004 24396.000000000004 26.097619047619052 26858.51666666667 32.850000000000009 29.083333333333336 4.5000000000000009 29.216666666666672 4.5000000000000009 26047.000000000004 24.916666666666668 33.316666666666677 26758.666666666668 4.5000000000000009 7.5000000000000009 24407.783333333336 2.5000000000000004 27758.500000000004
decision_type=2 2 2 2 2 2 2 2 2 2 2 2 2 2 2 2 2 2 2 2 2 2 2 2 2 2 2 2 2 2
left_child=2 7 5 11 10 26 13 9 -6 24 -4 12 25 19 18 20 -5 -8 -12 -7 -9 -10 -11 -24 -2 -3 -1 -16 -17 -30
right_child=1 3 4 16 8 6 17 15 21 22 14 -13 -14 -15 27 28 -18 -19 -20 -21 -22 -23 23 -25 -26 -27 -28 -29 29 -31
leaf_value=-171.63119140625 11.556449775038095 96.153302845810401 -100.70029498013584 127.99465461144081 17.643627733389536 -104.46223326546806 -132.47289769372276 28.626508547465008 -58.983855233873641 8.1805644454956052 -33.001206643240799 108.94597947554155 42.482878753662114 -42.151811120510104 -54.685640207926433 52.246840940737258 169.22187011718751 -97.796657562255859 -69.057602865045723 -70.27187399095105 -5.3546753572381069 -19.304511756896972 -48.86946229553223 3.589107342424064 42.002033165097238 71.78547027111054 -136.31766418457033 -86.306134526894027 19.431492735888508 43.971797440290459
leaf_weight=20 29 66 22 39 30 35 43 60 21 25 49 55 25 20 21 51 20 28 22 31 23 20 25 29 32 32 20 29 37 50
leaf_count=20 29 66 22 39 30 35 43 60 21 25 49 55 25 20 21 51 20 28 22 31 23 20 25 29 32 32 20 29 37 50
internal_value=0 53.5388 -76.3253 101.576 -47.189 -107.976 -96.2566 22.0018 -15.4288 5.47188 -62.9581 88.1874 78.9051 -77.647 -56.0959 32.4732 141.97 -118.798 -44.1736 -88.4031 19.21 -39.6281 -11.5587 -20.6973 27.5279 88.1965 -153.974 -73.0255 40.4503 33.5351
internal_weight=0 598 411 237 214 197 157 361 71 140 143 178 123 86 121 221 59 71 71 66 83 41 79 54 61 98 40 50 138 87
internal_count=1009 598 411 237 214 197 157 361 71 140 143 178 123 86 121 221 59 71 71 66 83 41 79 54 61 98 40 50 138 87
is_linear=0
shrinkage=0.05


Tree=8
num_leaves=31
num_cat=0
split_feature=0 3 3 3 8 4 13 0 9 9 0 0 0 9 5 10 9 2 9 2 3 0 13 10 7 5 2 6 9 9
split_gain=1.48299e+09 3.27047e+08 1.37172e+08 4.6757e+07 4.63434e+07 3.10693e+07 2.51754e+07 2.25575e+07 1.89842e+07 1.51017e+07 1.86277e+07 1.40385e+07 1.37181e+07 9.83048e+06 8.46828e+06 7.8818e+06 7.69627e+06 7.42383e+06 1.06277e+07 6.44526e+06 7.02948e+06 5.56094e+06 5.39062e+06 5.34146e+06 1.33266e+07 5.09066e+06 4.9359e+06 4.91999e+06 4.57908e+06 4.32952e+06
threshold=26110.000000000004 28185.642857142862 23850.000000000004 26506.000000000004 8.050000000000006 23541.500000000004 28.483333333333338 27159.500000000004 2.5000000000000004 2.5000000000000004 24881.000000000004 24157.000000000004 29782.000000000004 1.5000000000000002 26827.950000000004 3.5000000000000004 4.5000000000000009 29231.500000000004 4.5000000000000009 26151.500000000004 24759.428571428576 25718.500000000004 29.250000000000004 5.5000000000000009 24.916666666666668 26758.666666666668 29493.000000000004 25.550000000000004 3.5000000000000004 2.5000000000000004
decision_type=2 2 2 2 2 2 2 2 2 2 2 2 2 2 2 2 2 2 2 2 2 2 2 2 2 2 2 2 2 2
left_child=2 7 5 6 12 28 -4 8 25 19 -11 13 15 -7 16 17 -9 18 -3 20 -8 -12 27 -10 -25 -2 -14 -15 -1 -16
right_child=1 4 3 -5 -6 11 9 14 23 10 21 -13 26 22 29 -17 -18 -19 -20 -21 -22 -23 -24 24 -26 -27 -28 -29 -30 -31
leaf_value=-129.35849060058595 10.978627352878966 89.580067174574921 -92.871282512385676 5.4778198382433727 146.31589543269232 -82.307115762883967 -40.896365165710449 26.813750828726821 3.9765189226935891 -94.345612224455806 -60.782545994349896 -63.710275000113029 91.271890621185307 -107.37173973083496 49.635752802628737 56.87148035834818 -9.0770162177085876 99.526456136288857 44.340245800926574 -54.722772979736334 -4.4712533143850477 -31.446182339986166 -94.380407867431643 5.5393348953940658 -48.89341102268385 39.901931139826779 119.2943135579427 -140.94998372395833 -163.19292144775392 31.513533538182578
leaf_weight=20 29 34 41 34 39 33 27 59 34 31 35 27 30 20 52 34 20 46 21 23 26 30 20 22 23 32 33 24 20 90
leaf_count=20 29 34 41 34 39 33 27 59 34 31 35 27 30 20 52 34 20 46 21 23 26 30 20 22 23 32 33 24 20 90
internal_value=0 50.8619 -72.5091 -48.9718 96.4975 -107.958 -57.6633 20.9017 5.19829 -49.2707 -62.453 -95.598 86.6848 -104.474 30.8495 77.6942 17.7275 84.7038 72.3067 -32.6195 -23.0274 -47.2427 -115.904 -10.9808 -22.2818 26.1515 105.95 -125.687 -146.276 38.1498
internal_weight=0 598 411 247 237 164 213 361 140 172 96 124 198 97 221 135 79 101 55 76 53 65 64 79 45 61 63 44 40 142
internal_count=1009 598 411 247 237 164 213 361 140 172 96 124 198 97 221 135 79 101 55 76 53 65 64 79 45 61 63 44 40 142
is_linear=0
shrinkage=0.05


Tree=9
num_leaves=31
num_cat=0
split_feature=3 3 0 7 0 4 0 9 10 13 10 9 3 0 10 9 5 6 2 9 13 5 9 13 9 8 9 4 13 3
split_gain=1.33936e+09 3.45485e+08 9.29637e+07 4.40431e+07 3.37509e+07 3.36087e+07 1.98321e+07 1.93595e+07 1.56435e+07 1.49063e+07 1.79381e+07 1.41851e+07 1.23771e+07 1.18405e+07 1.35076e+07 9.50984e+06 7.62858e+06 7.48076e+06 7.39039e+06 9.23316e+06 7.28246e+06 9.32371e+06 6.67277e+06 6.52843e+06 5.62327e+06 5.31235e+06 4.31151e+06 4.10952e+06 3.92108e+06 3.44127e+06
threshold=25870.285714285717 28115.642857142859 24361.500000000004 31.388095238095243 27159.500000000004 23890.000000000004 25718.500000000004 2.5000000000000004 3.5000000000000004 36.616666666666674 11.500000000000002 1.5000000000000002 25311.071428571431 29657.000000000004 3.5000000000000004 4.5000000000000009 26827.950000000004 32.850000000000009 29209.000000000004 4.5000000000000009 28.350000000000001 24980.51666666667 4.5000000000000009 29.150000000000006 3.5000000000000004 1.8999999999999988 4.5000000000000009 28677.000000000004 29.050000000000001 23905.928571428576
decision_type=2 2 2 2 2 2 2 2 2 2 2 2 2 2 2 2 2 2 2 2 2 2 2 2 2 2 2 2 2 2
left_child=2 4 5 13 8 24 11 23 -2 10 15 -4 -8 14 18 25 22 -5 19 -3 -9 -22 -6 -7 -1 -10 28 -18 -13 -25
right_child=1 3 6 17 16 7 12 20 9 -11 -12 26 -14 -15 -16 -17 27 -19 -20 -21 21 -23 -24 29 -26 -27 -28 -29 -30 -31
leaf_value=-115.66996742531106 30.307660491326278 82.439367866516122 -25.626041213989261 115.8333891159449 24.868854394452327 -83.153214431390538 -43.472408617459813 -127.92082917586617 -35.334696204662322 30.763848740133376 22.412095052224618 -76.677676162719735 7.4844616369767625 98.362835211320373 39.208784371835215 -47.070489147504176 31.500637126613313 153.44497863769533 92.705480255126957 39.132486801147465 -75.551891879377692 -119.29812985374815 -8.6231658029556275 -69.426874866485591 -147.9398654513889 -4.929864939521341 -82.611505311908161 52.936092054843904 -48.28133932544339 -40.095692530870444
leaf_weight=27 34 32 25 39 58 41 26 23 20 22 27 20 22 55 27 30 111 20 50 20 29 21 20 20 27 51 33 28 31 20
leaf_count=27 34 32 25 39 58 41 26 23 20 22 27 20 22 55 27 30 111 20 50 20 29 21 20 20 27 51 33 28 31 20
internal_value=0 43.947 -75.9407 90.9917 15.4386 -97.8637 -46.8964 -85.9622 -0.314348 -7.25534 -13.7899 -58.689 -20.1172 78.9379 70.656 -23.4676 28.7959 128.583 78.9802 65.7829 -104.636 -93.9253 16.2812 -69.1325 -131.805 -13.4946 -68.5292 35.8186 -59.4172 -54.7613
internal_weight=0 644 365 243 401 208 157 154 184 150 128 109 48 184 129 101 217 59 102 52 73 50 78 81 54 71 84 139 51 40
internal_count=1009 644 365 243 401 208 157 154 184 150 128 109 48 184 129 101 217 59 102 52 73 50 78 81 54 71 84 139 51 40
is_linear=0
shrinkage=0.05


Tree=10
num_leaves=31
num_cat=0
split_feature=3 3 0 3 4 9 9 9 13 13 10 8 9 10 13 2 3 2 3 7 9 0 8 9 7 3 8 4 7 2
split_gain=1.18212e+09 3.05104e+08 9.5277e+07 3.60253e+07 3.21462e+07 2.2755e+07 1.8223e+07 2.47887e+07 1.76864e+07 1.40455e+07 1.75155e+07 1.33177e+07 1.11201e+07 1.05797e+07 1.48061e+07 9.84212e+06 9.8413e+06 8.85186e+06 1.23874e+07 9.39418e+06 8.66907e+06 7.88028e+06 7.19248e+06 6.23817e+06 5.98783e+06 5.08893e+06 4.92765e+06 3.91866e+06 6.08551e+06 3.81201e+06
threshold=25967.285714285717 28115.642857142859 24327.000000000004 29568.928571428576 23071.000000000004 2.5000000000000004 4.5000000000000009 5.5000000000000009 30.850000000000001 35.616666666666674 2.5000000000000004 8.3666666666666689 5.5000000000000009 2.5000000000000004 36.933333333333344 23234.000000000004 23850.000000000004 27136.500000000004 27206.428571428576 26.771428571428572 2.5000000000000004 27036.000000000004 1.8666666666666674 4.5000000000000009 29.954761904761906 27403.785714285721 2.3166666666666669 26136.500000000004 25.883333333333336 25570.500000000004
decision_type=2 2 2 2 2 2 2 2 2 2 2 2 2 2 2 2 2 2 2 2 2 2 2 2 2 2 2 2 2 2
left_child=2 6 4 9 -1 16 13 21 15 10 -3 -5 23 -2 17 -4 -6 -15 22 -20 -17 -8 -19 -7 -11 -9 -10 28 -22 -18
right_child=1 3 8 11 5 12 7 25 26 24 -12 -13 -14 14 -16 20 29 18 19 -21 27 -23 -24 -25 -26 -27 -28 -29 -30 -31
leaf_value=-137.18497906853173 41.279864956782419 70.95029827464711 -83.929922321864538 99.038110616244381 -81.970028746128094 -102.60881933263832 -51.991401100158697 9.1143775224685672 1.7330681133270265 107.80375022888184 18.522750427609399 141.47359713040865 -76.593358148847315 21.213380201363272 42.252882139072867 -25.726805120355944 -33.765146287282306 -43.371695237159734 39.475825936144048 -5.7578043142954511 -46.429211495139384 -12.647886815752303 -0.96744890213012702 -136.72826741536457 75.928457798677343 40.41873474121094 -30.307424850463867 -39.859362171007241 -83.212417685467273 -63.891902785074151
leaf_weight=34 52 66 21 64 48 37 20 37 20 26 21 26 28 81 43 34 21 20 22 24 22 35 20 21 34 20 30 23 23 21
leaf_count=34 52 66 21 64 48 37 20 37 20 26 21 26 28 81 43 34 21 20 22 24 22 35 20 21 34 20 30 23 23 21
internal_value=0 41.9987 -70.0417 86.3836 -92.6766 -84.0784 13.8725 -3.00801 -42.5659 71.1304 58.2954 111.297 -102.47 21.0886 16.0888 -52.7588 -66.504 9.35199 -1.81979 15.8757 -46.3412 -26.9546 -22.1696 -114.962 89.7411 20.0984 -17.4912 -56.6484 -65.2295 -48.8285
internal_weight=0 611 383 237 210 176 374 112 173 147 87 90 86 262 210 123 90 167 86 46 102 55 40 58 60 57 50 68 45 42
internal_count=994 611 383 237 210 176 374 112 173 147 87 90 86 262 210 123 90 167 86 46 102 55 40 58 60 57 50 68 45 42
is_linear=0
shrinkage=0.05


Tree=11
num_leaves=31
num_cat=0
split_feature=3 3 0 3 4 9 10 13 13 6 12 7 12 13 10 4 13 9 2 3 9 7 9 9 9 2 12 12 10 5
split_gain=1.06687e+09 2.75356e+08 8.59875e+07 3.25315e+07 2.90119e+07 2.05364e+07 1.64887e+07 2.47841e+07 1.5962e+07 1.52356e+07 1.61629e+07 1.32687e+07 1.25003e+07 1.18777e+07 1.58104e+07 1.17668e+07 1.36416e+07 1.00359e+07 8.88252e+06 8.88177e+06 7.82383e+06 5.96923e+06 5.62995e+06 4.91703e+06 4.68618e+06 6.69911e+06 4.61245e+06 4.4472e+06 4.03253e+06 3.8861e+06
threshold=25967.285714285717 28115.642857142859 24327.000000000004 29535.357142857149 23071.000000000004 2.5000000000000004 2.5000000000000004 36.616666666666674 30.850000000000001 27.650000000000006 27.150000000000006 22.740476190476198 32.366666666666674 35.616666666666674 2.5000000000000004 28343.500000000004 30.81666666666667 5.5000000000000009 23234.000000000004 23850.000000000004 2.5000000000000004 29.954761904761906 4.5000000000000009 4.5000000000000009 4.5000000000000009 30240.000000000004 28.650000000000006 26.31666666666667 4.5000000000000009 27094.633333333335
decision_type=2 2 2 2 2 2 2 2 2 2 2 2 2 2 2 2 2 2 2 2 2 2 2 2 2 2 2 2 2 2
left_child=2 6 4 13 -1 19 29 9 18 10 11 -8 24 14 -3 16 -13 22 -4 -6 -20 -15 -7 26 25 -5 -11 -10 -9 -2
right_child=1 3 8 12 5 17 7 28 27 23 -12 15 -14 21 -16 -17 -18 -19 20 -21 -22 -23 -24 -25 -26 -27 -28 -29 -30 -31
leaf_value=-130.32573026769302 22.567580204010014 67.499269655667817 -79.733426339285714 123.29093627929689 -77.87152719696364 -97.478377306139151 35.208576347048471 50.895983886718753 1.6464149951934814 -25.945657487349077 45.987917083740236 -15.148080552442401 134.39991560715896 102.41356321481558 17.596612703232537 -35.528046989440917 21.075861824683425 -72.76368994031634 -24.440464789727159 -46.387098044440862 -53.816013023432561 69.927355063346127 -129.89185384114583 -38.707537408308553 73.303718032836912 85.63723528826678 6.4315625971013848 -28.792053801218671 25.333924388885499 46.933749675750732
leaf_weight=34 30 65 21 21 48 37 26 27 20 22 25 51 26 26 21 24 53 28 34 42 68 31 21 22 20 27 22 30 36 36
leaf_count=34 30 65 21 21 48 37 26 27 20 22 25 51 26 26 21 24 53 28 34 42 68 31 21 22 20 27 22 30 36 36
internal_value=0 39.8988 -66.5396 82.0644 -88.0428 -79.8745 13.1789 8.319 -40.4376 1.1267 8.69786 2.64428 104.913 67.0453 55.3137 -3.97035 3.3122 -97.3467 -50.1209 -63.1788 -44.0242 84.7456 -109.214 -19.4072 93.6381 102.111 -9.75705 -16.6167 36.2891 35.8582
internal_weight=0 611 383 237 210 176 374 308 173 245 179 154 94 143 86 128 104 86 123 90 102 57 58 66 68 48 44 50 63 66
internal_count=994 611 383 237 210 176 374 308 173 245 179 154 94 143 86 128 104 86 123 90 102 57 58 66 68 48 44 50 63 66
is_linear=0
shrinkage=0.05


Tree=12
num_leaves=31
num_cat=0
split_feature=0 4 0 9 8 4 0 9 10 13 5 7 9 0 9 9 9 0 10 9 9 9 1 13 6 8 6 7 8 4
split_gain=9.19187e+08 2.36725e+08 9.8761e+07 3.33877e+07 2.82982e+07 2.72944e+07 1.82116e+07 1.72329e+07 1.66526e+07 1.63042e+07 1.59408e+07 1.17861e+07 9.84006e+06 9.79542e+06 8.23808e+06 7.87203e+06 7.7188e+06 7.63968e+06 7.03516e+06 6.35738e+06 5.72748e+06 9.91088e+06 5.70348e+06 5.04053e+06 1.05284e+07 7.53318e+06 5.08056e+06 4.91006e+06 4.4894e+06 4.07443e+06
threshold=26025.500000000004 28995.500000000004 24327.000000000004 1.0000000180025095e-35 8.3666666666666689 23071.000000000004 28034.500000000004 2.5000000000000004 2.5000000000000004 36.616666666666674 25680.700000000001 22.740476190476198 4.5000000000000009 30586.000000000004 3.5000000000000004 5.5000000000000009 5.5000000000000009 23309.500000000004 9.5000000000000018 4.5000000000000009 4.5000000000000009 5.5000000000000009 25404.000000000004 30.81666666666667 27.650000000000006 2.8499999999999983 24.216666666666672 25.842857142857145 2.0166666666666662 29999.000000000004
decision_type=2 2 2 2 2 2 2 2 2 2 2 2 2 2 2 2 2 2 2 2 2 2 2 2 2 2 2 2 2 2
left_child=2 8 5 -4 6 -1 -3 17 -2 11 18 -10 23 20 -12 19 -14 -7 28 -9 29 -22 -20 26 25 27 -13 -25 -5 -8
right_child=1 4 3 10 -6 7 13 15 9 -11 14 12 16 -15 -16 -17 -18 -19 22 -21 21 -23 -24 24 -26 -27 -28 -29 -30 -31
leaf_value=-123.8094441133387 34.787905760069151 33.199499867512628 24.876287928494541 -77.925472787710348 127.67992048997147 -74.484592147495434 67.740448818206787 -89.117825959858152 32.7877985741411 31.964362630350838 7.0533820424761089 9.1671093645549959 -33.903891438075476 110.97848419189455 -34.701977016307687 -69.125505556379053 1.3171368190220425 -45.821623960454417 -23.935409857332708 -123.3972621372768 38.511380973229045 83.569541466754416 -57.006651850180198 28.125602394884282 -9.8448204305436882 48.502527677445187 -24.84853384598442 -6.1047749137878426 -50.814375176300871 87.963851882472184
leaf_weight=34 74 26 22 26 26 46 40 38 28 58 21 21 35 20 27 28 28 47 32 21 26 23 22 22 36 21 23 20 37 66
leaf_count=34 74 26 22 26 26 46 40 38 28 58 21 21 35 20 27 28 28 47 32 21 26 23 22 22 36 21 23 20 37 66
internal_value=0 38.4813 -59.5277 -32.983 78.595 -82.7232 72.2457 -74.9625 13.602 8.233 -40.6976 2.35086 -1.78619 78.0468 -16.434 -90.9579 -18.2501 -59.999 -50.6519 -101.319 73.7976 59.6611 -37.4089 5.46714 11.7253 24.0511 -8.6138 11.8254 -62.0031 80.3324
internal_weight=0 593 401 187 227 214 201 180 366 292 165 234 206 175 48 87 63 93 117 59 155 49 54 143 99 63 44 42 63 106
internal_count=994 593 401 187 227 214 201 180 366 292 165 234 206 175 48 87 63 93 117 59 155 49 54 143 99 63 44 42 63 106
is_linear=0
shrinkage=0.05


Tree=13
num_leaves=31
num_cat=0
split_feature=3 3 0 3 4 9 9 9 13 5 8 9 13 9 3 10 13 2 3 7 8 0 8 2 2 5 9 3 8 9
split_gain=8.71772e+08 2.24725e+08 6.95035e+07 2.67973e+07 2.36044e+07 1.6833e+07 1.45669e+07 2.10148e+07 1.30151e+07 1.03216e+07 1.00186e+07 8.22968e+06 8.02624e+06 7.86026e+06 7.79557e+06 7.78493e+06 1.12136e+07 7.3976e+06 1.00566e+07 7.90995e+06 6.42196e+06 6.29133e+06 6.05888e+06 5.40399e+06 5.08757e+06 5.57375e+06 4.53113e+06 4.1718e+06 4.02218e+06 3.79976e+06
threshold=25967.285714285717 28115.642857142859 24327.000000000004 29535.357142857149 23071.000000000004 2.5000000000000004 4.5000000000000009 5.5000000000000009 30.850000000000001 29266.900000000005 8.3666666666666689 5.5000000000000009 28.416666666666675 1.5000000000000002 23850.000000000004 2.5000000000000004 36.933333333333344 27136.500000000004 27206.428571428576 26.771428571428572 5.150000000000003 27036.000000000004 1.8666666666666674 28331.500000000004 23433.000000000004 24579.616666666672 4.5000000000000009 27403.785714285721 2.3166666666666669 4.5000000000000009
decision_type=2 2 2 2 2 2 2 2 2 2 2 2 2 2 2 2 2 2 2 2 2 2 2 2 2 2 2 2 2 2
left_child=2 6 4 9 -1 14 15 21 12 20 29 26 -4 -14 -6 -2 17 -17 22 -20 23 -8 -19 -3 -15 -26 -7 -9 -10 -5
right_child=1 3 8 10 5 11 7 27 28 -11 -12 -13 13 24 -16 16 -18 18 19 -21 -22 -23 -24 -25 25 -27 -28 -29 -30 -31
leaf_value=-117.61897277832031 35.70161534868754 35.510590982437137 -74.409089736938469 92.433410271008825 -70.76129488945007 -88.148567323426946 -47.582009572982791 8.1669967748023371 2.1983586812019347 29.845986960504366 121.29592414269081 -65.669230069432942 -11.65757548570633 -67.846110752650674 -41.264823543457766 19.073016592897016 36.86220603321874 -39.778549877405169 35.616410896994857 -5.8903600772221889 82.173094758533296 -12.42810406276158 -0.85914033889770514 65.650744444748454 -55.363551172716861 -25.317769556334525 -117.22739635649182 36.51049201965332 -26.749096692403157 66.493586997985844
leaf_weight=34 52 20 20 48 48 37 20 37 20 23 26 28 20 21 42 81 43 20 22 24 42 35 20 58 29 33 21 20 30 20
leaf_count=34 52 20 20 48 48 37 20 37 20 23 26 28 20 21 42 81 43 20 22 24 42 35 20 58 29 33 21 20 30 20
internal_value=0 36.0683 -60.1471 74.1606 -79.4796 -72.1118 11.9296 -3.16281 -36.68 60.5292 94.8975 -87.9304 -45.4238 -39.7956 -56.9963 18.3813 14.0925 8.22966 -1.98327 13.9607 66.4102 -25.2113 -20.3188 57.9225 -46.5759 -39.3714 -98.6771 18.1121 -15.1701 84.8041
internal_weight=0 611 383 237 210 176 374 112 173 143 94 86 123 103 90 262 210 167 86 46 120 55 40 78 83 62 58 57 50 68
internal_count=994 611 383 237 210 176 374 112 173 143 94 86 123 103 90 262 210 167 86 46 120 55 40 78 83 62 58 57 50 68
is_linear=0
shrinkage=0.05


Tree=14
num_leaves=31
num_cat=0
split_feature=3 3 0 3 4 9 9 9 13 13 5 8 2 3 2 1 13 8 6 9 0 0 7 4 9 3 3 8 6 9
split_gain=7.86775e+08 2.02814e+08 6.27269e+07 2.41846e+07 2.13377e+07 1.31466e+07 1.89658e+07 1.31331e+07 1.17461e+07 9.54404e+06 9.64199e+06 9.04178e+06 7.36339e+06 7.17613e+06 1.15531e+07 7.31005e+06 7.13308e+06 6.93119e+06 7.35072e+06 6.28534e+06 6.15639e+06 5.69996e+06 5.52068e+06 4.361e+06 4.29264e+06 3.93922e+06 3.76505e+06 3.63002e+06 3.60466e+06 3.42928e+06
threshold=25967.285714285717 28115.642857142859 24327.000000000004 29535.357142857149 23890.000000000004 4.5000000000000009 5.5000000000000009 2.5000000000000004 30.850000000000001 35.616666666666674 29033.700000000004 8.3666666666666689 23234.000000000004 27206.428571428576 27446.500000000004 28283.500000000004 28.600000000000005 1.4833333333333345 25.850000000000001 2.5000000000000004 26472.500000000004 27062.500000000004 29.954761904761906 27890.500000000004 5.5000000000000009 23686.000000000004 27403.785714285721 2.3166666666666669 26.116666666666674 4.5000000000000009
decision_type=2 2 2 2 2 2 2 2 2 2 2 2 2 2 2 2 2 2 2 2 2 2 2 2 2 2 2 2 2 2
left_child=2 5 4 9 16 13 21 17 12 10 -3 29 -4 14 23 -15 -1 -6 -19 -14 -16 -7 -11 -2 25 -9 -8 -10 -21 -5
right_child=1 3 8 11 7 6 26 24 27 22 -12 -13 19 15 20 -17 -18 18 -20 28 -22 -23 -24 -25 -26 -27 -28 -29 -30 -31
leaf_value=-117.81638675812752 12.019275855397185 57.402955180598852 -70.114314524332684 87.811740440130237 -34.978867696313294 -44.431929924374543 7.7586469070331479 -76.811542572021494 2.0884405589103703 90.360410484900854 20.077849757671359 115.2311292208158 -20.048785206850837 32.103342171389649 -32.50758433878422 -1.0380652171373368 -82.304104115412784 -87.680069427490238 -48.277992722083781 -56.606769621685935 6.7237348294258119 -11.300649903802311 59.118590324155747 34.449541411861297 -64.029141003152603 -105.82119737104937 34.68496742248535 -25.411641546487811 -33.42193109830221 63.16890916824341
leaf_weight=31 72 62 21 48 34 21 37 25 20 26 24 26 34 99 20 20 26 20 29 38 20 34 31 31 23 22 20 30 30 20
leaf_count=31 72 62 21 48 34 21 37 25 20 26 24 26 34 99 20 20 26 20 29 38 20 34 31 31 23 22 20 30 30 20
internal_value=0 34.2649 -57.1398 70.4525 -75.5056 11.3331 -3.00467 -65.7776 -34.846 57.5028 46.9866 90.1527 -43.1526 17.4623 9.91361 26.5334 -101.618 -52.3246 -64.3605 -37.6017 -12.8919 -23.9508 73.3692 18.7701 -81.7289 -90.3905 17.2065 -14.4116 -46.3782 80.5638
internal_weight=0 611 383 237 210 374 112 153 173 143 86 94 123 262 143 119 57 83 49 102 40 55 57 103 70 47 57 50 68 68
internal_count=994 611 383 237 210 374 112 153 173 143 86 94 123 262 143 119 57 83 49 102 40 55 57 103 70 47 57 50 68 68
is_linear=0
shrinkage=0.05


Tree=15
num_leaves=31
num_cat=0
split_feature=3 3 0 3 13 5 0 9 7 9 9 13 13 10 9 0 5 9 5 2 0 1 5 9 7 2 1 13 0 9
split_gain=7.64501e+08 1.8403e+08 5.64998e+07 2.27822e+07 1.89102e+07 1.64773e+07 1.33013e+07 1.07673e+07 9.07425e+06 9.00075e+06 7.73664e+06 6.5654e+06 6.45782e+06 1.59294e+07 6.42661e+06 6.5607e+06 6.14154e+06 6.08069e+06 5.97902e+06 7.1311e+06 5.88527e+06 7.32668e+06 5.88265e+06 5.66662e+06 3.91319e+06 4.60779e+06 3.71673e+06 4.78803e+06 3.68639e+06 3.5674e+06
threshold=25870.285714285717 28079.928571428576 24396.000000000004 30027.285714285717 28.716666666666672 25762.116666666672 27618.000000000004 1.5000000000000002 25.411904761904768 2.5000000000000004 1.0000000180025095e-35 37.350000000000009 35.616666666666674 2.5000000000000004 5.5000000000000009 26472.500000000004 27531.000000000004 4.5000000000000009 25719.783333333336 27446.500000000004 25619.500000000004 25404.000000000004 28148.000000000004 2.5000000000000004 29.954761904761906 29791.500000000004 28075.500000000004 36.800000000000011 23238.500000000004 3.5000000000000004
decision_type=2 2 2 2 2 2 2 2 2 2 2 2 2 2 2 2 2 2 2 2 2 2 2 2 2 2 2 2 2 2
left_child=2 6 4 12 8 7 9 -4 -1 18 -6 -5 13 22 15 -11 26 -17 -2 -20 21 -9 -3 -10 -14 -26 27 -8 -12 -24
right_child=1 3 5 11 10 -7 16 20 23 14 28 -13 24 -15 -16 17 -18 -19 19 -21 -22 -23 29 -25 25 -27 -28 -29 -30 -31
leaf_value=-63.622076599121094 -6.9408850846083272 42.978278871682974 -9.7282364606857303 79.611621713638314 -40.801744802374593 4.0457097034454348 18.077465081959964 -45.25822920401891 -80.505519397442171 -31.642979209899906 -80.096952120463058 116.59529546101888 85.461034419618812 21.578677694259152 15.721600712046905 8.5997153360016494 45.58030831473215 -19.98286315282186 36.058535653894602 8.0497774185018347 -32.384039658578963 -81.278135795593272 80.37929908752443 -110.20679779052735 50.771032398939134 81.364444122314467 3.9895383687882586 46.104889068603519 -59.282797235708976 56.302286972045898
leaf_weight=25 23 26 24 24 38 25 64 48 26 25 36 24 29 31 34 49 28 30 44 47 44 20 40 42 32 20 29 20 52 25
leaf_count=25 23 26 24 24 38 25 64 48 26 25 36 24 29 31 34 49 28 30 44 47 44 20 40 42 32 20 29 20 52 25
internal_value=0 33.6802 -55.748 67.1251 -72.2787 -33.2621 12.3197 -40.1201 -89.3804 5.43903 -59.656 98.1035 59.8002 52.5336 -3.14956 -9.31898 24.617 -2.25443 15.8357 21.5925 -46.6326 -55.8523 63.0787 -98.8504 70.7448 62.5377 19.4226 24.7507 -67.7977 71.1189
internal_weight=0 644 380 251 219 161 393 136 93 252 126 48 203 122 138 104 141 79 114 91 112 68 91 68 81 52 113 84 88 65
internal_count=1024 644 380 251 219 161 393 136 93 252 126 48 203 122 138 104 141 79 114 91 112 68 91 68 81 52 113 84 88 65
is_linear=0
shrinkage=0.05


Tree=16
num_leaves=31
num_cat=0
split_feature=0 4 0 5 13 5 0 2 10 1 9 4 4 1 8 7 7 13 10 10 7 10 1 1 0 5 4 2 9 5
split_gain=6.50742e+08 1.53685e+08 7.24431e+07 4.5161e+07 1.8221e+07 1.81231e+07 1.13909e+07 1.13012e+07 1.10215e+07 8.93535e+06 7.51948e+06 1.28661e+07 7.21822e+06 6.92546e+06 6.50425e+06 7.94925e+06 6.33007e+06 6.29684e+06 6.20711e+06 1.02384e+07 6.18468e+06 5.49463e+06 5.11011e+06 4.87473e+06 1.05204e+07 6.03274e+06 4.68787e+06 3.8866e+06 4.79102e+06 3.48991e+06
threshold=26062.000000000004 28995.500000000004 23841.000000000004 25680.700000000001 28.716666666666672 30176.100000000002 28006.500000000004 26267.500000000004 10.500000000000002 25767.500000000004 4.5000000000000009 26744.000000000004 28572.000000000004 24217.500000000004 1.7333333333333327 26.309523809523814 25.559523809523814 37.483333333333341 4.5000000000000009 6.5000000000000009 29.907142857142862 9.5000000000000018 28331.500000000004 27758.500000000004 27647.000000000004 25780.966666666671 25703.500000000004 29231.500000000004 4.5000000000000009 23810.950000000004
decision_type=2 2 2 2 2 2 2 2 2 2 2 2 2 2 2 2 2 2 2 2 2 2 2 2 2 2 2 2 2 2
left_child=2 7 4 8 16 6 -3 10 9 14 11 -2 23 21 -4 26 -1 20 -5 -20 27 29 -14 25 -25 -9 -16 28 -8 -6
right_child=1 5 3 18 13 -7 17 12 -10 -11 -12 -13 22 -15 15 -17 -18 -19 19 -21 -22 -23 -24 24 -26 -27 -28 -29 -30 -31
leaf_value=-72.542937723795575 -21.754646794795992 25.431679569591179 -61.883555475870764 25.298309860229494 -60.686763750273613 97.910190285576718 65.524362987942169 -3.964316980044047 -16.617080043924268 -81.434300746917728 -17.72450101017952 28.020743652292204 43.679485938662573 -30.839456162452702 -38.538079613049831 -59.990945610046396 -101.11314164831283 81.035888924598694 -28.94595526286534 12.454673745483161 35.435961157580216 -42.84458357637579 13.471556108338493 -24.283026176950209 19.501361723507152 23.387236300536568 -8.1511062231930822 72.757606860569553 35.907748872583561 -86.178839538574223
leaf_weight=33 20 22 39 20 29 36 36 24 29 20 40 37 42 20 30 25 47 40 28 32 24 22 21 23 34 126 22 56 22 25
leaf_count=33 20 22 39 20 29 36 36 24 29 20 40 37 42 20 30 25 47 40 28 32 24 22 21 23 34 126 22 56 22 25
internal_value=0 33.7741 -47.2334 -29.6541 -71.7045 65.2518 59.3733 13.5322 -44.6017 -50.569 -1.10624 10.5557 18.7912 -57.0183 -45.2474 -36.8213 -89.3279 63.5684 1.17536 -6.86562 58.5053 -63.9075 33.6102 14.2811 1.83398 19.011 -25.6821 63.362 54.2905 -72.4887
internal_weight=0 603 421 245 176 236 200 367 165 136 97 57 270 96 116 77 80 178 80 60 138 76 63 207 57 150 52 114 58 54
internal_count=1024 603 421 245 176 236 200 367 165 136 97 57 270 96 116 77 80 178 80 60 138 76 63 207 57 150 52 114 58 54
is_linear=0
shrinkage=0.05


Tree=17
num_leaves=31
num_cat=0
split_feature=3 3 0 3 3 0 4 4 13 7 13 8 13 8 7 13 13 10 5 8 4 13 3 2 8 4 10 13 7 7
split_gain=6.23607e+08 1.50257e+08 4.70585e+07 2.05988e+07 1.91941e+07 1.11237e+07 1.07193e+07 8.48581e+06 8.36143e+06 1.95814e+07 8.85856e+06 8.12254e+06 7.91266e+06 7.17769e+06 5.82197e+06 5.6459e+06 5.40135e+06 1.38855e+07 5.35493e+06 5.02535e+06 4.93837e+06 4.45183e+06 5.0632e+06 4.72753e+06 3.76436e+06 3.72199e+06 3.69365e+06 6.0217e+06 1.04155e+07 3.61144e+06
threshold=25870.285714285717 28079.928571428576 25031.500000000004 23344.285714285721 30027.285714285717 27618.000000000004 26616.500000000004 25828.500000000004 35.750000000000007 27.154761904761905 29.150000000000006 4.3833333333333337 28.783333333333339 1.8499999999999981 25.435714285714294 37.350000000000009 35.616666666666674 2.5000000000000004 27531.000000000004 1.0000000180025095e-35 28116.500000000004 28.416666666666675 23746.71428571429 24340.000000000004 1.9833333333333345 28222.000000000004 9.5000000000000018 36.483333333333341 26.080952380952386 29.954761904761906
decision_type=2 2 2 2 2 2 2 2 2 2 2 2 2 2 2 2 2 2 2 2 2 2 2 2 2 2 2 2 2 2
left_child=2 5 3 12 16 8 14 21 9 10 -2 -11 -1 -9 -4 -6 17 19 26 -3 -10 -5 -23 -24 -16 -12 27 28 -7 -18
right_child=1 4 6 7 15 18 -8 13 20 11 25 -13 -14 -15 24 -17 29 -19 -20 -21 -22 22 23 -25 -26 -27 -28 -29 -30 -31
leaf_value=-93.234200873741742 -14.369774329662324 42.252808091299876 -9.4072224273681648 -58.495304691090304 71.925384871164951 23.589203066092271 10.910468244552613 -82.170303808559083 35.789029146830238 -51.049646613711403 11.039905554552874 -9.5881350835164394 -64.243604302960776 -48.378223088582359 -52.96188143920898 106.22156778971356 78.062494001717411 18.369160990561209 41.937748336791998 66.404395067691809 5.359689048926036 -51.020714457829797 -41.331706921259567 -9.2432347189296387 -27.706178443961676 33.840785702792083 32.897604172805266 28.843520144260296 -21.610733493804933 56.040728444319512
leaf_weight=52 32 35 25 34 24 26 20 33 30 21 96 27 43 30 25 24 29 31 28 56 24 36 24 22 36 22 29 33 25 52
leaf_count=52 32 35 25 34 24 26 20 33 30 21 96 27 43 30 25 24 29 31 28 56 24 36 24 22 36 22 29 33 25 52
internal_value=0 30.4184 -50.3499 -61.2939 60.639 11.1172 -22.0608 -51.3065 4.82491 0.0685516 8.9633 -27.7275 -80.1121 -66.0788 -29.7285 89.0735 53.9156 47.27 22.3629 57.1153 22.2649 -43.2836 -36.9763 -25.985 -38.0569 15.2909 17.5125 12.201 1.43237 63.9251
internal_weight=0 644 380 274 251 393 106 179 252 198 150 48 95 63 86 48 203 122 141 91 54 116 82 46 61 118 113 84 51 81
internal_count=1024 644 380 274 251 393 106 179 252 198 150 48 95 63 86 48 203 122 141 91 54 116 82 46 61 118 113 84 51 81
is_linear=0
shrinkage=0.05


Tree=18
num_leaves=31
num_cat=0
split_feature=3 3 0 3 3 5 0 9 4 10 8 9 7 0 9 13 5 5 13 10 5 5 5 2 9 1 1 10 9 2
split_gain=5.62806e+08 1.35607e+08 4.24703e+07 1.85904e+07 1.73227e+07 1.00732e+07 1.00391e+07 7.99736e+06 7.65845e+06 7.47057e+06 6.47786e+06 5.39598e+06 5.80303e+06 6.57244e+06 5.24852e+06 5.09542e+06 4.90207e+06 6.33829e+06 4.87472e+06 1.25316e+07 4.83282e+06 4.69567e+06 4.52785e+06 4.51119e+06 4.12486e+06 4.09825e+06 5.15637e+06 3.67352e+06 3.44568e+06 3.79047e+06
threshold=25870.285714285717 28079.928571428576 25031.500000000004 23344.285714285721 30027.285714285717 25762.116666666672 27618.000000000004 2.5000000000000004 25828.500000000004 7.5000000000000009 1.8499999999999981 5.5000000000000009 25.740476190476194 27159.500000000004 2.5000000000000004 37.350000000000009 25719.783333333336 27414.450000000004 35.616666666666674 2.5000000000000004 27531.000000000004 28148.000000000004 27187.350000000002 27446.500000000004 2.5000000000000004 23584.000000000004 24189.000000000004 9.5000000000000018 2.5000000000000004 28997.500000000004
decision_type=2 2 2 2 2 2 2 2 2 2 2 2 2 2 2 2 2 2 2 2 2 2 2 2 2 2 2 2 2 2
left_child=2 6 3 9 18 14 7 16 25 -1 -10 12 -9 22 -4 -6 -2 23 19 21 -8 -3 -14 -18 -11 -5 -27 -16 -20 -30
right_child=1 4 5 8 15 -7 20 11 10 24 -12 -13 13 -15 27 -17 17 -19 28 -21 -22 -23 -24 -25 -26 26 -28 -29 29 -31
leaf_value=-90.886168535020616 -6.2398285907247795 36.301136229588437 -10.686319372389052 -26.524311367203207 68.329114977518714 9.1605354395779699 16.636918399819233 5.7744694554805758 -78.061787414550793 -48.443704015731811 -45.959311234156296 13.77984297135297 -44.829703289529554 4.4256114051455544 -51.307865825066202 100.91049067179362 38.344858259903759 -5.2664592885971073 71.69883402272275 17.450702248850178 39.840861129760746 61.442925655658428 -12.300655298233032 13.075407536824546 -77.166023208618171 -64.121229079674023 -37.896435816782827 -25.823073740928404 36.530617419156165 66.228781963530039
leaf_weight=45 23 26 27 34 24 22 113 40 33 25 30 34 23 21 26 24 38 20 38 31 28 65 20 33 25 29 53 31 22 21
leaf_count=45 23 26 27 34 24 22 113 40 33 25 30 34 23 21 26 24 38 20 38 31 28 65 20 33 25 29 53 31 22 21
internal_value=0 28.8975 -47.8324 -58.2292 57.6071 -20.9577 10.5613 4.58366 -48.7412 -76.1065 -62.7749 -3.51207 -9.16519 -18.5025 -28.8458 84.6198 14.3838 19.5963 51.2198 44.9065 21.2448 54.2596 -29.6999 26.5999 -62.8049 -41.1194 -47.1711 -37.4477 60.7288 51.0344
internal_weight=0 644 380 274 251 106 393 252 179 95 63 138 104 64 84 48 114 91 203 122 141 91 43 71 50 116 82 57 81 43
internal_count=1024 644 380 274 251 106 393 252 179 95 63 138 104 64 84 48 114 91 203 122 141 91 43 71 50 116 82 57 81 43
is_linear=0
shrinkage=0.05


Tree=19
num_leaves=31
num_cat=0
split_feature=3 3 0 3 5 0 13 10 8 7 5 13 7 13 8 9 13 2 9 2 9 9 5 4 3 4 10 13 7 9
split_gain=5.07932e+08 1.22385e+08 3.8434e+07 1.91313e+07 1.5946e+07 9.06032e+06 8.70818e+06 1.31281e+07 7.90486e+06 1.11809e+07 7.42336e+06 7.41087e+06 1.69184e+07 7.81417e+06 7.39823e+06 6.8967e+06 6.88395e+06 6.87716e+06 6.86487e+06 6.41796e+06 5.27992e+06 4.97831e+06 4.36162e+06 4.25401e+06 4.0264e+06 3.40302e+06 3.33352e+06 5.43459e+06 9.39996e+06 3.07459e+06
threshold=25870.285714285717 28079.928571428576 25351.500000000004 23344.285714285721 30176.100000000002 27618.000000000004 37.350000000000009 3.5000000000000004 1.966666666666667 26.990476190476198 25224.650000000005 35.750000000000007 27.154761904761905 29.150000000000006 4.3833333333333337 1.5000000000000002 28.783333333333339 24197.500000000004 5.5000000000000009 29231.500000000004 4.5000000000000009 3.5000000000000004 27531.000000000004 28116.500000000004 25311.071428571431 28222.000000000004 9.5000000000000018 36.483333333333341 26.080952380952386 3.5000000000000004
decision_type=2 2 2 2 2 2 2 2 2 2 2 2 2 2 2 2 2 2 2 2 2 2 2 2 2 2 2 2 2 2
left_child=2 5 3 16 6 11 7 19 15 17 24 12 13 -2 -14 -5 -1 -10 21 20 -3 -17 26 -13 -4 29 27 28 -7 -15
right_child=1 4 10 8 -6 22 -8 -9 9 -11 -12 23 14 25 -16 18 -18 -19 -20 -21 -22 -23 -24 -25 -26 -27 -28 -29 -30 -31
leaf_value=-84.540589787409857 -13.770023667812348 50.400229949951175 -33.45670666572375 -35.216462446661559 85.525019815233023 21.577897104850184 69.992486188525248 13.267841986247474 -41.164666496623653 -66.167808296566918 11.360492300987245 33.325357036590582 -48.218343825567338 17.108652657270433 -8.6486285050710041 -54.283981482187905 -57.500093903652456 -9.769276139542864 -38.535064192251724 61.858039732540355 22.961630559850622 -84.408805060386669 37.848818288530623 5.0830568234125773 -7.0795402568319581 31.824632037769664 30.42087841691642 26.569497958096594 -21.362042575836185 -1.2767269785339768
leaf_weight=52 32 50 39 34 36 26 42 28 33 21 20 30 21 59 27 24 43 37 22 68 27 32 28 24 23 22 29 33 25 37
leaf_count=52 32 50 39 34 36 26 42 28 33 21 20 30 21 59 27 24 43 37 22 68 27 32 28 24 23 22 29 33 25 37
internal_value=0 27.4526 -45.4408 -53.7821 54.7267 10.0333 49.5698 44.6117 -45.1155 -34.1695 -15.1272 4.35448 -0.123361 8.14449 -25.9604 -54.0092 -72.3012 -24.57 -62.2009 50.6643 40.7789 -71.4982 20.1826 20.7732 -23.6716 14.0874 15.8051 10.7591 0.528907 10.0226
internal_weight=0 644 380 298 251 393 215 173 203 91 82 252 198 150 48 112 95 70 78 145 77 56 141 54 62 118 113 84 51 96
internal_count=1024 644 380 298 251 393 215 173 203 91 82 252 198 150 48 112 95 70 78 145 77 56 141 54 62 118 113 84 51 96
is_linear=0
shrinkage=0.05


Tree=20
num_leaves=31
num_cat=0
split_feature=3 3 3 13 3 5 2 7 3 4 13 4 2 7 5 5 10 5 1 1 8 13 9 1 9 13 1 7 9 9
split_gain=4.4934e+08 7.65152e+07 3.46176e+07 1.52828e+07 1.23926e+07 1.09147e+07 1.06756e+07 1.01212e+07 1.37103e+07 8.46603e+06 7.13528e+06 6.58941e+06 6.56021e+06 6.33444e+06 5.42638e+06 5.3883e+06 5.12234e+06 6.78852e+06 5.04301e+06 4.95764e+06 5.71008e+06 4.73407e+06 4.44329e+06 4.36601e+06 4.34477e+06 4.11522e+06 3.95243e+06 3.8189e+06 3.42536e+06 3.24105e+06
threshold=25870.285714285717 28416.785714285717 23344.285714285721 28.450000000000006 26932.357142857149 30266.683333333338 26778.000000000004 26.990476190476198 25254.571428571431 23071.000000000004 29.866666666666671 28304.500000000004 30515.000000000004 25.647619047619049 29390.783333333336 27173.966666666671 4.5000000000000009 27229.250000000004 25290.500000000004 26784.500000000004 1.7333333333333327 29.016666666666669 2.5000000000000004 24396.000000000004 4.5000000000000009 32.850000000000009 23615.500000000004 25.883333333333336 3.5000000000000004 5.5000000000000009
decision_type=2 2 2 2 2 2 2 2 2 2 2 2 2 2 2 2 2 2 2 2 2 2 2 2 2 2 2 2 2 2
left_child=2 4 9 13 11 12 24 8 10 -1 23 15 14 -4 22 19 25 -18 -12 20 -2 -11 -3 26 -6 -8 -5 -25 -21 -24
right_child=1 5 3 7 6 -7 16 -9 -10 21 18 -13 -14 -15 -16 -17 17 -19 -20 28 -22 -23 29 27 -26 -27 -28 -29 -30 -31
leaf_value=-89.237136392032411 4.4066910651422324 56.606118509720787 -42.10555799305439 -37.11724192810059 15.179593823637283 78.755060222231123 21.751396008195549 -54.515120583772664 4.1401321778978621 -68.548291257532625 -6.8068604028224939 -24.932559242248537 18.700136718749999 -74.99021391338772 68.640774509824553 -18.0410258436203 26.512368925562448 -2.6521098166704178 -37.556884212493898 12.59888969089674 34.75434389422017 -40.206892071599547 31.614565944671632 -15.671371067487279 -11.992288946336316 40.00680782668519 -66.938336448669432 -43.6410093255665 -13.659149590245001 54.437421035766604
leaf_weight=34 31 49 32 25 28 29 58 32 35 41 40 20 20 27 29 20 53 32 20 23 31 23 60 26 31 66 20 23 27 21
leaf_count=34 31 49 32 25 28 29 58 32 35 41 40 20 20 27 29 20 53 32 20 23 31 23 60 26 31 66 20 23 27 21
internal_value=0 25.4989 -43.4982 -34.5464 13.2169 50.2992 19.685 -28.5108 -24.108 -69.0745 -30.528 1.81249 45.6891 -57.1545 49.0839 5.86477 24.9872 15.5328 -17.0569 10.1337 19.5805 -58.3631 44.7212 -39.1266 0.902842 31.468 -50.3711 -28.8 -1.58045 37.5316
internal_weight=0 628 378 280 420 208 268 221 189 98 154 152 179 59 159 132 209 85 60 112 62 64 130 94 59 124 45 49 50 81
internal_count=1006 628 378 280 420 208 268 221 189 98 154 152 179 59 159 132 209 85 60 112 62 64 130 94 59 124 45 49 50 81
is_linear=0
shrinkage=0.05


Tree=21
num_leaves=31
num_cat=0
split_feature=3 3 0 10 0 8 3 9 13 2 10 0 9 9 0 7 5 7 8 13 7 9 5 9 0 8 3 13 10 2
split_gain=4.05529e+08 6.9055e+07 4.27e+07 1.36783e+07 1.19281e+07 1.17246e+07 1.11843e+07 1.04189e+07 1.02895e+07 9.63473e+06 9.61503e+06 8.39889e+06 7.21234e+06 4.91613e+06 5.24156e+06 4.90842e+06 7.70053e+06 4.84457e+06 7.79595e+06 4.90457e+06 6.21159e+06 3.92116e+06 3.79968e+06 3.72264e+06 3.6429e+06 3.22e+06 2.99407e+06 2.74731e+06 5.925e+06 2.66283e+06
threshold=25870.285714285717 28416.785714285717 23814.000000000004 10.500000000000002 30586.000000000004 2.0333333333333337 26932.357142857149 1.5000000000000002 29.100000000000005 26778.000000000004 7.5000000000000009 25981.500000000004 2.5000000000000004 1.5000000000000002 28895.000000000004 26.723809523809528 23660.500000000004 30.55714285714286 6.9833333333333352 32.850000000000009 22.916666666666668 4.5000000000000009 26041.533333333336 2.5000000000000004 22433.500000000004 1.8499999999999981 23023.000000000004 29.783333333333339 5.5000000000000009 28236.000000000004
decision_type=2 2 2 2 2 2 2 2 2 2 2 2 2 2 2 2 2 2 2 2 2 2 2 2 2 2 2 2 2 2
left_child=2 6 7 5 13 8 11 24 -4 21 25 -2 22 -3 -15 16 -7 19 -19 20 -11 -8 -13 -18 -1 -9 -12 -14 -29 -16
right_child=1 4 3 -5 -6 15 9 10 -10 17 26 12 27 14 29 -17 23 18 -20 -21 -22 -23 -24 -25 -26 -27 -28 28 -30 -31
leaf_value=-59.769518498579657 -18.99896700575545 56.023254612513952 -58.889651550180638 5.51922669246279 75.357362842559823 -40.792575979232794 14.420614099502565 -101.2732991998846 -22.85424865484238 38.223996756417414 -71.471913424405187 5.4243214893341065 -17.612952727363222 15.185922609676016 25.652648086547853 -41.803584060668953 9.2394140738707318 -11.114191801651664 31.022206006731309 38.924763813956844 12.363941727513854 -11.39267483680479 33.377615707151357 -16.231694087386131 -35.129102427959445 -74.22118030894886 -48.179498257508151 -15.453151409924031 21.757706235802694 45.953020999545146
leaf_weight=24 37 49 52 29 33 20 28 22 32 35 22 20 21 22 20 20 26 23 21 61 69 31 31 32 40 22 37 20 23 84
leaf_count=24 37 49 52 29 33 20 28 22 32 35 22 20 21 22 20 20 26 23 21 61 69 31 31 32 40 22 37 20 23 84
internal_value=0 24.224 -41.3232 -26.3728 47.7843 -31.4545 12.556 -60.2128 -45.1619 18.7008 -70.0573 1.72186 8.38856 42.5848 37.3587 -19.7052 -14.039 23.7378 8.99636 27.6689 21.0668 0.8577 22.4155 -4.81361 -44.3693 -87.7472 -56.8648 -2.78918 4.45033 42.0491
internal_weight=0 628 378 211 208 182 420 167 84 268 103 152 115 175 126 98 78 209 44 165 104 59 51 58 64 44 59 64 43 104
internal_count=1006 628 378 211 208 182 420 167 84 268 103 152 115 175 126 98 78 209 44 165 104 59 51 58 64 44 59 64 43 104
is_linear=0
shrinkage=0.05


Tree=22
num_leaves=31
num_cat=0
split_feature=0 0 0 9 13 0 4 0 4 4 8 4 4 4 5 13 7 5 10 9 4 9 9 7 9 8 7 2 2 2
split_gain=3.60451e+08 6.10553e+07 4.37782e+07 1.62978e+07 1.57069e+07 1.34028e+07 9.43534e+06 8.50382e+06 7.7343e+06 6.65658e+06 6.83686e+06 6.51001e+06 6.13502e+06 6.66176e+06 5.79982e+06 5.74781e+06 1.01647e+07 8.93658e+06 5.60123e+06 5.56283e+06 4.12649e+06 3.87595e+06 5.76712e+06 3.42535e+06 3.20474e+06 3.20057e+06 4.40216e+06 3.02403e+06 2.91666e+06 2.80289e+06
threshold=25865.500000000004 28794.000000000004 23814.000000000004 1.5000000000000002 29.866666666666671 27714.500000000004 23071.000000000004 30586.000000000004 27399.500000000004 25828.500000000004 1.7999999999999992 26616.500000000004 28145.000000000004 28556.000000000004 26101.283333333336 28.583333333333332 26.297619047619055 24598.133333333335 7.5000000000000009 5.5000000000000009 24236.500000000004 4.5000000000000009 5.5000000000000009 26.588095238095246 2.5000000000000004 6.8166666666666673 28.37857142857143 24197.500000000004 26909.500000000004 23566.000000000004
decision_type=2 2 2 2 2 2 2 2 2 2 2 2 2 2 2 2 2 2 2 2 2 2 2 2 2 2 2 2 2 2
left_child=2 3 6 14 15 11 -1 21 23 18 -11 -5 24 -14 -2 -4 17 -17 29 28 -20 25 -23 27 -13 26 -3 -6 -7 -8
right_child=1 7 4 5 8 19 9 -9 -10 10 -12 12 13 -15 -16 16 -18 -19 20 -21 -22 22 -24 -25 -26 -27 -28 -29 -30 -31
leaf_value=-80.915803348316871 6.2696586401566217 52.591078242388647 -49.262303608114074 -21.77369576772054 -20.919232127977455 3.6628020812483393 -70.290887977963408 71.589494474006429 16.362779075622559 -87.25032584450463 -46.858194646835329 25.649665847778323 -28.06902896916425 7.7500475692749022 34.064762072469676 -31.822080870163745 -57.963291511535651 6.9561454534530647 -45.880903074476457 43.351507258415225 -17.060519815527876 14.548582283655803 50.427598442350117 -33.600955095291134 5.5074971024977408 64.467056607007976 25.198225801641293 5.6646371650695801 21.512927764824461 -45.025494368179984
leaf_weight=34 23 44 44 30 23 34 21 33 25 22 20 25 27 25 102 39 20 24 27 22 23 24 21 20 94 25 22 20 70 23
leaf_count=34 23 44 44 30 23 34 21 33 25 22 20 25 27 25 102 39 20 24 27 22 23 24 21 20 94 25 22 20 70 23
internal_value=0 23.1808 -38.3958 13.5943 -23.4033 7.72415 -57.3569 48.8204 -7.16817 -51.4672 -68.016 -0.290433 3.47856 -10.8483 28.9505 -34.6529 -26.9082 -17.0494 -44.0731 20.5093 -32.6235 43.2955 31.2921 -16.5059 9.73905 49.2313 43.4601 -8.55464 15.6773 -57.084
internal_weight=0 621 385 452 215 327 170 169 88 136 42 201 171 52 125 127 83 63 94 126 50 136 45 63 119 91 66 43 104 44
internal_count=1006 621 385 452 215 327 170 169 88 136 42 201 171 52 125 127 83 63 94 126 50 136 45 63 119 91 66 43 104 44
is_linear=0
shrinkage=0.05


Tree=23
num_leaves=31
num_cat=0
split_feature=3 3 0 13 3 0 9 10 2 0 10 9 0 8 10 13 2 7 8 13 7 5 9 9 5 0 10 9 2 8
split_gain=3.30225e+08 5.74434e+07 3.33723e+07 1.20847e+07 9.88545e+06 9.69237e+06 9.24892e+06 8.25549e+06 8.02979e+06 7.57188e+06 6.28816e+06 5.89552e+06 5.686e+06 4.36266e+06 8.63222e+06 1.42415e+07 5.1148e+06 4.22807e+06 6.69367e+06 4.36713e+06 5.59713e+06 4.12053e+06 4.9271e+06 3.49456e+06 3.28322e+06 3.09358e+06 3.0252e+06 2.94273e+06 2.81262e+06 2.75601e+06
threshold=25819.428571428576 28416.785714285717 23814.000000000004 28.416666666666675 26932.357142857149 30586.000000000004 1.5000000000000002 7.5000000000000009 26778.000000000004 25981.500000000004 10.500000000000002 2.5000000000000004 24454.000000000004 6.450000000000002 2.5000000000000004 35.416666666666679 29782.000000000004 30.55714285714286 6.9833333333333352 32.850000000000009 22.916666666666668 23777.383333333335 2.5000000000000004 4.5000000000000009 26041.533333333336 22433.500000000004 8.5000000000000018 3.5000000000000004 25665.000000000004 1.8499999999999981
decision_type=2 2 2 2 2 2 2 2 2 2 2 2 2 2 2 2 2 2 2 2 2 2 2 2 2 2 2 2 2 2
left_child=2 4 6 -4 9 13 25 29 23 -2 12 24 -5 14 27 -16 -15 19 -19 20 -10 -14 -23 -6 -11 -1 -24 -3 -13 -8
right_child=1 5 3 10 8 -7 7 -9 17 11 -12 28 21 16 15 -17 -18 18 -20 -21 -22 22 26 -25 -26 -27 -28 -29 -30 -31
leaf_value=-53.418210283915201 -17.655198805332187 52.727659798023254 -51.54226324418012 -38.05815564068881 13.438527534689223 68.010019868792924 -92.520476323908042 -51.390912644741903 35.251388446262908 4.5184299278259275 3.2314835371794524 -16.918714656613091 -35.178949088635655 36.914898851182727 -15.371445341110229 40.295891729990643 69.816230265299481 -10.883917037300442 28.160135929925101 35.816050093291238 10.703693749766419 4.0015584915876392 -9.5350388889312736 -10.930171019031157 30.50264338831748 -30.602551220624875 -34.957312427867542 33.524462398729831 4.977050356431441 -67.493183066628191
leaf_weight=24 40 42 34 44 28 33 22 59 35 20 27 22 23 27 20 27 21 23 21 61 69 32 25 31 31 39 22 38 44 22
leaf_count=24 40 42 34 44 28 33 22 59 35 20 27 22 23 27 20 27 21 23 21 61 69 32 25 31 31 39 22 38 44 22
internal_value=0 21.6246 -37.684 -24.2911 11.0874 43.1549 -54.3849 -63.6152 16.9239 1.12434 -18.9353 7.54469 -23.0347 38.468 33.6146 16.6077 51.3092 21.5223 7.75074 25.1947 18.9649 -16.5539 -11.1315 0.634635 20.3128 -39.2942 -21.4348 43.6061 -2.32154 -80.0068
internal_weight=0 633 373 207 425 208 166 103 268 157 173 117 146 175 127 47 48 209 44 165 104 102 79 59 51 63 47 80 66 44
internal_count=1006 633 373 207 425 208 166 103 268 157 173 117 146 175 127 47 48 209 44 165 104 102 79 59 51 63 47 80 66 44
is_linear=0
shrinkage=0.05


Tree=24
num_leaves=31
num_cat=0
split_feature=0 0 0 9 13 0 4 4 0 9 4 9 4 8 9 9 9 5 9 9 4 9 10 8 5 0 2 5 2 8
split_gain=2.93495e+08 5.01278e+07 3.58826e+07 1.35846e+07 1.33446e+07 1.1169e+07 8.05881e+06 7.10976e+06 6.86656e+06 6.15935e+06 6.87145e+06 8.27653e+06 5.85964e+06 6.16395e+06 5.07965e+06 5.07354e+06 4.82566e+06 4.79749e+06 4.77469e+06 6.17447e+06 3.47374e+06 3.38427e+06 3.25424e+06 3.00162e+06 2.68557e+06 2.61385e+06 2.35551e+06 2.65527e+06 2.33377e+06 2.12997e+06
threshold=25865.500000000004 28794.000000000004 23814.000000000004 1.5000000000000002 30.016666666666669 27714.500000000004 23003.500000000004 27399.500000000004 30586.000000000004 5.5000000000000009 26616.500000000004 4.5000000000000009 25828.500000000004 1.7999999999999992 1.5000000000000002 1.5000000000000002 5.5000000000000009 26101.283333333336 5.5000000000000009 4.5000000000000009 28145.000000000004 2.5000000000000004 7.5000000000000009 2.7666666666666679 24306.183333333338 27159.500000000004 29544.000000000004 29033.700000000004 26909.500000000004 5.450000000000002
decision_type=2 2 2 2 2 2 2 2 2 2 2 2 2 2 2 2 2 2 2 2 2 2 2 2 2 2 2 2 2 2
left_child=2 3 6 17 15 9 -1 23 21 10 -5 20 14 -14 -8 -4 28 -2 19 24 -12 29 -16 -6 -17 -13 27 -23 -7 -3
right_child=1 8 4 5 7 16 12 -9 -10 -11 11 25 13 -15 22 18 -18 -19 -20 -21 -22 26 -24 -25 -26 -27 -28 -29 -30 -31
leaf_value=-74.865006822155365 5.6226678682410203 40.278664213816327 -12.908688431401409 -28.012837292597847 -4.2185606211423874 3.2952677362105427 -25.346246394595585 18.57361238728399 64.609518975922569 18.953371642617618 13.441072708286653 -31.110634140741258 -80.5364902496338 -42.183619470596312 -61.350408281598781 -46.68335783999899 39.817794869162825 30.902138264973956 -18.304279656069621 -65.521411423456115 -7.8421951220585759 38.670714201245993 -38.009585066139699 -27.341355255126953 -24.284259414672853 -6.1637965769994834 46.088696630795795 17.428972287331856 19.262397094454087 60.502794390139378
leaf_weight=31 23 30 31 26 32 34 37 23 33 34 73 21 22 20 28 23 22 102 28 21 26 28 32 25 32 21 24 31 70 23
leaf_count=31 23 30 31 26 32 34 37 23 33 34 73 21 22 20 28 23 22 102 28 21 26 28 32 25 32 21 24 31 70 23
internal_value=0 20.9172 -34.6468 12.2309 -21.0734 6.87161 -51.8131 -4.89168 44.1494 -0.444681 -4.39399 -0.0387362 -46.672 -62.2732 -39.9168 -30.6626 18.5428 26.2507 -35.9546 -42.4574 7.85153 39.1848 -48.902 -14.3601 -33.6512 -18.6372 32.882 27.5098 14.0424 49.0552
internal_weight=0 621 385 452 215 327 170 80 169 201 167 141 139 42 97 135 126 125 104 76 99 136 60 57 55 42 83 59 104 53
internal_count=1006 621 385 452 215 327 170 80 169 201 167 141 139 42 97 135 126 125 104 76 99 136 60 57 55 42 83 59 104 53
is_linear=0
shrinkage=0.05


Tree=25
num_leaves=31
num_cat=0
split_feature=0 4 0 8 10 9 3 9 9 13 9 4 2 3 4 9 13 9 4 2 4 6 13 13 0 5 6 1 2 3
split_gain=2.66357e+08 6.16677e+07 2.62908e+07 1.56193e+07 2.09447e+07 1.07782e+07 9.43239e+06 7.63627e+06 1.25893e+07 6.64932e+06 6.34531e+06 6.08677e+06 5.57565e+06 5.30963e+06 6.62289e+06 5.2066e+06 4.41095e+06 4.38931e+06 3.46171e+06 3.80911e+06 4.0272e+06 3.53984e+06 3.36751e+06 2.8904e+06 3.4543e+06 2.39798e+06 2.32586e+06 2.32394e+06 2.24923e+06 2.11127e+06
threshold=25981.500000000004 28995.500000000004 23528.000000000004 6.6833333333333345 3.5000000000000004 2.5000000000000004 26372.785714285721 3.5000000000000004 5.5000000000000009 29.216666666666672 3.5000000000000004 25018.500000000004 26042.500000000004 27536.428571428576 28239.000000000004 4.5000000000000009 30.683333333333337 1.5000000000000002 28572.000000000004 27446.500000000004 27378.500000000004 27.083333333333336 30.683333333333337 34.516666666666673 29544.000000000004 23249.066666666669 25.950000000000006 28097.500000000004 29231.500000000004 26982.642857142859
decision_type=2 2 2 2 2 2 2 2 2 2 2 2 2 2 2 2 2 2 2 2 2 2 2 2 2 2 2 2 2 2
left_child=2 10 5 4 23 9 7 11 15 -1 18 -4 16 14 22 -9 26 -5 19 20 -2 -21 -12 24 -3 -7 -13 -15 -25 -22
right_child=1 3 6 17 -6 25 -8 8 -10 -11 13 12 -14 27 -16 -17 -18 -19 -20 21 29 -23 -24 28 -26 -27 -28 -29 -30 -31
leaf_value=-52.28003737472352 2.1336353572639259 26.121969834080449 -40.685914691925049 76.106677865982064 -8.2499986631529669 -81.844327926635742 3.3007665036053497 -36.691445116563038 -11.692876607179642 -22.535893126095043 -10.781299825815054 -5.3832198085206926 -36.538659687042234 27.661496080671039 -28.131097539265951 -64.830149324478654 13.295021533966064 50.407873464513713 26.551388059011323 9.6834525785948102 29.991586682854631 -15.169087650464929 7.6488775197197416 36.85175864178202 48.025475111714115 -60.141065641130723 -25.839964274565382 4.8857284436623258 57.789313204535119 13.63201026916504
leaf_weight=42 37 54 25 24 28 20 29 35 32 34 39 33 20 21 24 31 20 54 41 38 41 23 68 23 27 35 24 24 29 38
leaf_count=42 37 54 25 24 28 20 29 35 32 34 39 33 20 21 24 31 20 54 41 38 41 23 68 23 27 35 24 24 29 38
internal_value=0 19.9136 -33.0421 39.9512 31.0544 -51.1741 -23.5029 -27.0361 -37.4297 -38.9734 7.75878 -18.6871 -13.0173 0.696906 -4.39308 -49.9081 -6.90786 58.3152 13.4601 10.4277 15.7467 0.312823 0.931336 39.329 33.4231 -68.0332 -13.9966 15.5144 48.5285 22.1224
internal_weight=0 633 380 239 161 131 249 220 98 76 394 122 97 176 131 66 77 78 218 177 116 61 107 133 81 55 57 45 52 79
internal_count=1013 633 380 239 161 131 249 220 98 76 394 122 97 176 131 66 77 78 218 177 116 61 107 133 81 55 57 45 52 79
is_linear=0
shrinkage=0.05


Tree=26
num_leaves=31
num_cat=0
split_feature=0 4 0 8 10 9 13 6 13 6 13 9 6 3 4 2 2 9 4 2 8 6 4 9 13 13 9 2 4 6
split_gain=2.40387e+08 5.56551e+07 2.37275e+07 1.40964e+07 1.89026e+07 9.72736e+06 8.73483e+06 1.02883e+07 6.59337e+06 6.68633e+06 6.00102e+06 5.72664e+06 5.36899e+06 4.79194e+06 5.97716e+06 4.6541e+06 4.11125e+06 3.93563e+06 3.12419e+06 3.46227e+06 3.9631e+06 5.34602e+06 3.21607e+06 3.66451e+06 3.6233e+06 3.03918e+06 2.80445e+06 3.07732e+06 2.56424e+06 2.29383e+06
threshold=25981.500000000004 28995.500000000004 23528.000000000004 6.6833333333333345 3.5000000000000004 2.5000000000000004 29.100000000000005 25.850000000000001 33.416666666666679 26.750000000000004 29.216666666666672 3.5000000000000004 25.216666666666672 27536.428571428576 28239.000000000004 25290.500000000004 30136.000000000004 3.5000000000000004 28572.000000000004 28010.500000000004 1.0499999999999992 23.183333333333341 27378.500000000004 2.5000000000000004 33.95000000000001 30.683333333333337 2.5000000000000004 29209.000000000004 30055.500000000004 25.600000000000005
decision_type=2 2 2 2 2 2 2 2 2 2 2 2 2 2 2 2 2 2 2 2 2 2 2 2 2 2 2 2 2 2
left_child=2 11 5 4 26 10 12 15 9 -9 -1 18 -4 14 25 -8 -5 -14 19 20 21 -2 -22 24 -24 -13 28 -28 -3 -7
right_child=1 3 6 16 -6 29 7 8 -10 -11 -12 13 17 -15 -16 -17 -18 -19 -20 -21 22 -23 23 -25 -26 -27 27 -29 -30 -31
leaf_value=-49.666035629454115 15.590413252512613 34.38336448669434 -57.046373835476963 43.00053469340007 -7.8374987065792086 -54.963048987553044 -12.649039316177369 -21.447204669316612 0.79572904586791993 -50.687662243020952 -21.409098613963408 -10.242235203278371 -15.05744139901523 14.73869875378079 -26.724542409181595 15.006290574885648 66.027069527762279 -41.338132677759447 25.223818816208258 -9.1534309659685409 2.2649231672286989 -16.069965573151908 46.697274918989706 9.4869131620725007 19.126785469055175 7.2664338630788468 21.557232144474984 41.563711188290569 55.836763353347784 -75.415548148522006
leaf_weight=42 30 26 22 36 28 29 32 60 20 29 34 39 29 45 24 29 42 28 41 21 24 24 22 30 26 68 40 37 30 26
leaf_count=42 30 26 22 36 28 29 32 60 20 29 34 39 29 45 24 29 42 28 41 21 24 24 22 30 26 68 40 37 30 26
internal_value=0 18.9179 -31.39 37.9537 29.5017 -48.6154 -22.3277 -15.9438 -25.1455 -30.975 -37.0248 7.37084 -36.0652 0.662061 -4.17343 0.498577 55.3994 -27.9673 12.7871 9.90629 12.472 1.51913 18.2706 23.1954 31.7633 0.884769 37.3625 31.1707 45.8763 -64.6315
internal_weight=0 633 380 239 161 131 249 170 109 89 76 394 79 176 131 61 78 57 218 177 156 54 102 78 48 107 133 77 56 55
internal_count=1013 633 380 239 161 131 249 170 109 89 76 394 79 176 131 61 78 57 218 177 156 54 102 78 48 107 133 77 56 55
is_linear=0
shrinkage=0.05


Tree=27
num_leaves=31
num_cat=0
split_feature=0 4 0 8 10 9 9 13 7 13 9 3 4 6 9 3 7 7 7 6 4 2 7 4 9 8 10 9 5 1
split_gain=2.16949e+08 5.02288e+07 2.1414e+07 1.2722e+07 1.70596e+07 8.77894e+06 8.08273e+06 6.06303e+06 8.49309e+06 5.41592e+06 5.16829e+06 4.32473e+06 5.41988e+06 4.1116e+06 3.84801e+06 3.79479e+06 4.74056e+06 3.00836e+06 2.904e+06 3.52504e+06 2.81959e+06 3.32865e+06 4.33213e+06 3.38997e+06 2.76459e+06 2.69204e+06 2.43757e+06 2.93595e+06 2.22284e+06 2.09735e+06
threshold=25981.500000000004 28995.500000000004 23528.000000000004 6.6833333333333345 3.5000000000000004 2.5000000000000004 1.0000000180025095e-35 29.100000000000005 25.826190476190479 29.216666666666672 3.5000000000000004 27536.428571428576 28319.500000000004 25.216666666666672 1.5000000000000002 25870.285714285717 26.447619047619053 25.592857142857145 30.123809523809523 25.450000000000006 28572.000000000004 27446.500000000004 26.771428571428572 27378.500000000004 3.5000000000000004 5.450000000000002 2.5000000000000004 4.5000000000000009 23249.066666666669 28097.500000000004
decision_type=2 2 2 2 2 2 2 2 2 2 2 2 2 2 2 2 2 2 2 2 2 2 2 2 2 2 2 2 2 2
left_child=2 10 5 4 25 9 -4 13 -9 17 20 12 18 -8 -5 16 -10 -1 19 -12 21 23 -23 -2 -15 26 27 -3 -7 -13
right_child=1 3 6 14 -6 28 7 8 15 -11 11 29 -14 24 -16 -17 -18 -19 -20 -21 -22 22 -24 -25 -26 -27 -28 -29 -30 -31
leaf_value=-33.801055118015839 1.8935324462684424 41.977650161981586 3.600671443445929 69.287823141117897 -7.4456231721809933 -74.69717094421388 -54.194055214795199 -1.3101282536983492 -23.206852179415087 -20.338643298429602 5.9521729666253798 25.541486458551319 -27.924138441085816 -16.395529155731204 45.225752198254625 -7.6199899482727051 -49.440489460871774 -60.564412289574037 16.61862466985529 -13.960689931414848 23.962627773750121 11.059416609340245 -16.034029445648194 20.232830443563344 -39.271226085935325 50.27960778808594 17.631421400153119 21.58337071990967 -53.801502903529581 3.9045065561930339
leaf_weight=21 37 60 29 24 28 20 22 48 51 34 46 21 20 25 54 20 26 21 22 43 41 36 25 79 28 25 23 25 35 24
leaf_count=21 37 60 29 24 28 20 22 48 51 34 46 21 20 25 54 20 26 21 22 43 41 36 25 79 28 25 23 25 35 24
internal_value=0 17.972 -29.8205 36.056 28.0266 -46.1846 -21.2113 -24.482 -18.5123 -35.1735 7.0023 0.628958 -3.96475 -36.0234 52.6295 -27.0248 -32.065 -47.1827 0.352253 -3.66865 12.1478 9.41097 -0.0444547 14.3832 -28.4808 35.4944 32.0719 35.9793 -61.3999 14.0018
internal_weight=0 633 380 239 161 131 249 220 145 76 394 176 131 75 78 97 77 42 111 89 218 177 61 116 53 133 108 85 55 45
internal_count=1013 633 380 239 161 131 249 220 145 76 394 176 131 75 78 97 77 42 111 89 218 177 61 116 53 133 108 85 55 45
is_linear=0
shrinkage=0.05


Tree=28
num_leaves=31
num_cat=0
split_feature=0 4 0 8 9 7 3 7 13 8 9 13 1 3 9 1 9 4 8 7 0 9 9 5 2 3 7 2 7 9
split_gain=1.95797e+08 4.53314e+07 1.93262e+07 1.14816e+07 7.92299e+06 7.41388e+06 7.31014e+06 7.97185e+06 1.11612e+07 5.83191e+06 5.22496e+06 4.88786e+06 4.81618e+06 6.28089e+06 5.37562e+06 5.83822e+06 4.99739e+06 4.71815e+06 4.15004e+06 6.75041e+06 3.95893e+06 3.94627e+06 7.71569e+06 3.84842e+06 3.60429e+06 3.44534e+06 6.16755e+06 2.96226e+06 2.71505e+06 2.50563e+06
threshold=25981.500000000004 28995.500000000004 23528.000000000004 6.6833333333333345 2.5000000000000004 29.907142857142862 26372.785714285721 27.338095238095239 30.850000000000001 5.150000000000003 1.5000000000000002 29.216666666666672 28497.500000000004 27585.642857142859 4.5000000000000009 27631.000000000004 5.5000000000000009 26786.000000000004 1.6833333333333338 24.830952380952386 29544.000000000004 5.5000000000000009 4.5000000000000009 29204.783333333336 30136.000000000004 23746.71428571429 25.854761904761911 26126.500000000004 25.592857142857145 2.5000000000000004
decision_type=2 2 2 2 2 2 2 2 2 2 2 2 2 2 2 2 2 2 2 2 2 2 2 2 2 2 2 2 2 2
left_child=2 12 4 5 11 9 7 8 10 20 -4 28 13 14 17 16 -16 -2 19 -19 23 22 25 -3 -5 -12 -27 -20 -1 -29
right_child=1 3 6 24 -6 -7 -8 -9 -10 -11 21 -13 -14 -15 15 -17 -18 18 27 -21 -22 -23 -24 -25 -26 26 -28 29 -30 -31
leaf_value=-32.111002763112388 -12.672388922649882 28.611462997903629 -9.4796557450905823 38.388702719741403 -58.329931647560819 4.2042606639862061 3.4456245011296769 -53.35923933029175 6.3198984117218941 55.242188065702265 -43.476712175037555 -19.321711220460781 -17.253099026679994 20.254102894111917 -14.806192292107477 -29.876159588396547 14.006596711102654 11.531902326288185 30.223722302913668 -21.876766949608214 40.875941619873053 -12.108305931091309 -59.4657548904419 4.503566284179688 59.948813901628768 -4.9475545883178711 -37.887383764761466 20.409063306721777 -57.536192031133737 2.8816775472540606
leaf_weight=21 23 49 39 36 55 30 29 20 33 22 23 34 20 81 27 20 34 54 32 21 35 24 24 25 42 30 27 44 21 38
leaf_count=21 23 49 39 36 55 30 29 20 33 22 23 34 20 81 27 20 34 54 32 21 35 24 24 25 42 30 27 44 21 38
internal_value=0 17.0734 -28.3295 34.2532 -43.8754 26.6252 -20.1508 -23.2612 -20.2514 31.7598 -25.502 -33.4149 6.65219 7.93054 4.52369 -6.43291 1.2534 8.70994 11.312 2.17747 27.0203 -30.3838 -34.6012 20.4669 49.998 -27.1419 -20.5506 17.3216 -44.8236 12.2866
internal_weight=0 633 380 239 131 161 249 220 200 131 167 76 394 374 293 81 61 212 189 75 109 128 104 74 78 80 57 114 42 82
internal_count=1013 633 380 239 131 161 249 220 200 131 167 76 394 374 293 81 61 212 189 75 109 128 104 74 78 80 57 114 42 82
is_linear=0
shrinkage=0.05


Tree=29
num_leaves=31
num_cat=0
split_feature=0 4 0 13 9 9 13 6 2 4 0 13 1 3 5 9 12 13 6 13 7 3 2 13 7 7 4 1 9 6
split_gain=1.76707e+08 4.09116e+07 1.74419e+07 1.0634e+07 7.1505e+06 6.82674e+06 5.19036e+06 7.41795e+06 5.8462e+06 4.91963e+06 4.76166e+06 4.4113e+06 4.3466e+06 5.6685e+06 5.08608e+06 4.00941e+06 5.24596e+06 4.17292e+06 3.76721e+06 3.36638e+06 2.98229e+06 2.69513e+06 2.65746e+06 3.88642e+06 4.88055e+06 2.45033e+06 2.41797e+06 2.58063e+06 2.37224e+06 2.14731e+06
threshold=25981.500000000004 28995.500000000004 23528.000000000004 37.350000000000009 2.5000000000000004 1.0000000180025095e-35 29.100000000000005 26.750000000000004 25930.000000000004 30661.500000000004 28075.500000000004 29.216666666666672 28497.500000000004 27585.642857142859 27399.933333333338 2.5000000000000004 24.950000000000006 29.050000000000001 25.216666666666672 30.583333333333339 25.826190476190479 27385.785714285717 29061.000000000004 34.916666666666671 26.097619047619052 25.592857142857145 27602.500000000004 26712.500000000004 3.5000000000000004 26.150000000000006
decision_type=2 2 2 2 2 2 2 2 2 2 2 2 2 2 2 2 2 2 2 2 2 2 2 2 2 2 2 2 2 2
left_child=2 12 4 10 11 -4 18 8 20 -5 -3 25 13 14 15 16 -2 -17 -7 -12 -8 26 -21 24 -24 -1 27 -19 -20 -22
right_child=1 3 5 9 -6 6 7 -9 -10 -11 19 -13 -14 -15 -16 17 -18 21 28 22 29 -23 23 -25 -26 -27 -28 -29 -30 -31
leaf_value=-30.505452270734878 -0.84947325201595536 6.4302183380126952 3.659636216328062 36.247294856883862 -55.413435105410485 -50.2206244208596 -5.9051704525947573 -35.947104000400849 12.993965500051326 65.905816071608967 12.6691734790802 -18.355625781592202 -16.390443087220191 19.241397582160104 -13.588090144566127 -18.837872568766276 23.660330617623252 10.048230059393521 -14.412905406951905 22.013579397935136 -35.375497784821889 -11.045841498808429 46.60838232494536 48.402489570596003 15.180211817423505 -54.659382120768228 14.303880008298959 -12.116689332326253 -35.603268109049118 -13.769790168430497
leaf_weight=21 34 25 29 27 55 22 40 37 22 29 24 34 20 81 35 21 61 29 25 39 23 22 21 44 30 21 67 24 28 23
leaf_count=21 34 25 29 27 55 22 40 37 22 29 24 34 20 81 35 21 61 29 25 39 23 22 21 44 30 21 67 24 28 23
internal_value=0 16.2197 -26.913 32.5405 -41.6816 -19.1432 -22.1491 -16.6257 -10.0063 51.6062 26.7062 -31.7441 6.31958 7.53402 4.29751 6.72385 14.8884 1.96536 -32.8276 29.9144 -15.8901 5.0419 33.0031 37.5147 28.1212 -42.5824 7.99132 0.0112854 -25.6078 -24.5726
internal_weight=0 633 380 239 131 249 220 145 108 56 183 76 394 374 293 258 95 163 75 158 86 142 134 95 51 42 120 53 53 46
internal_count=1013 633 380 239 131 249 220 145 108 56 183 76 394 374 293 258 95 163 75 158 86 142 134 95 51 42 120 53 53 46
is_linear=0
shrinkage=0.05


Tree=30
num_leaves=31
num_cat=0
split_feature=3 0 3 9 9 9 9 3 7 3 10 7 8 5 5 5 13 13 13 2 3 9 0 7 13 6 8 10 13 2
split_gain=1.63306e+08 2.72243e+07 2.16511e+07 1.10365e+07 1.02252e+07 9.60757e+06 8.57083e+06 8.37114e+06 1.06683e+07 7.62224e+06 6.17726e+06 6.08316e+06 4.71838e+06 5.10349e+06 8.45952e+06 4.58329e+06 4.05522e+06 3.37626e+06 3.31025e+06 3.00795e+06 3.42077e+06 2.58686e+06 2.5824e+06 2.55549e+06 3.48731e+06 3.93911e+06 3.83987e+06 3.63637e+06 2.49455e+06 1.89768e+06
threshold=26932.357142857149 25492.500000000004 27932.857142857145 3.5000000000000004 5.5000000000000009 4.5000000000000009 1.5000000000000002 23850.000000000004 26.683333333333341 29630.357142857149 7.5000000000000009 25.673809523809528 5.6833333333333345 24842.833333333336 26041.533333333336 29266.900000000005 28.866666666666671 29.683333333333341 29.683333333333341 28294.500000000004 29034.357142857149 1.5000000000000002 30669.500000000004 22.535714285714288 36.38333333333334 27.650000000000006 2.6166666666666711 2.5000000000000004 31.783333333333339 28895.000000000004
decision_type=2 2 2 2 2 2 2 2 2 2 2 2 2 2 2 2 2 2 2 2 2 2 2 2 2 2 2 2 2 2
left_child=1 3 23 7 5 16 -3 18 17 15 -6 -8 13 -13 -15 19 -5 -9 -1 -4 29 -11 -23 -2 25 26 27 -25 -29 -21
right_child=2 6 9 4 10 -7 11 8 -10 21 -12 12 -14 14 -16 -17 -18 -19 -20 20 -22 22 -24 24 -26 -27 -28 28 -30 -31
leaf_value=-36.875486418129746 25.284241052468619 17.556190186076694 18.830759796698889 -47.072843824114123 -41.802938365936285 -65.013305925286332 4.2547975972013656 -8.4246417470411838 -40.447242537788725 58.558592605590825 -5.4202625442828456 -3.9895538895218459 5.2087180614471436 -52.894005489349368 -13.624412855878473 8.6888274669647227 -15.613870706558229 14.388762175518535 -15.317340637246767 31.700261524745397 24.893771450860161 28.295672522650825 52.000357284545899 15.423583991463119 18.983775909441825 -12.485817166032463 25.472944137573243 -15.280310584817613 6.2275533749507028 51.166998838609267
leaf_weight=69 24 36 45 21 20 46 53 55 23 24 28 27 20 24 32 32 20 23 24 21 49 27 20 37 53 29 25 28 26 31
leaf_count=69 24 36 45 21 20 46 53 55 23 24 28 27 20 24 32 32 20 23 24 21 49 27 20 37 53 29 25 28 26 31
internal_value=0 -19.3962 21.2292 -28.1276 -39.1055 -49.3267 -4.43466 -20.4883 -10.5218 31.3514 -20.5797 -9.50947 -16.592 -21.8452 -30.4542 25.8264 -31.727 -1.69761 -31.3121 29.5826 34.373 45.2028 38.3828 9.87584 8.00816 3.99638 8.11693 3.34879 -4.92467 43.3054
internal_weight=0 521 471 329 135 87 192 194 101 249 48 156 103 83 56 178 41 78 93 146 101 71 47 222 198 145 116 91 54 52
internal_count=992 521 471 329 135 87 192 194 101 249 48 156 103 83 56 178 41 78 93 146 101 71 47 222 198 145 116 91 54 52
is_linear=0
shrinkage=0.05


Tree=31
num_leaves=31
num_cat=0
split_feature=3 0 4 11 13 6 8 7 10 13 2 8 6 0 11 0 7 4 2 5 5 10 13 10 5 2 8 6 4 8
split_gain=1.47384e+08 2.45699e+07 2.13351e+07 9.57436e+06 9.8809e+06 8.35756e+06 6.3966e+06 6.37569e+06 6.14064e+06 5.57288e+06 5.0031e+06 4.80463e+06 6.82684e+06 4.99302e+06 4.75887e+06 4.64855e+06 4.6022e+06 4.52075e+06 4.7291e+06 3.69252e+06 8.21731e+06 4.37885e+06 3.66279e+06 3.50411e+06 4.89406e+06 3.38383e+06 4.08452e+06 6.89526e+06 3.36273e+06 3.63909e+06
threshold=26932.357142857149 25492.500000000004 29803.500000000004 1.0000000180025095e-35 28.716666666666672 26.783333333333339 6.0166666666666666 25.673809523809528 7.5000000000000009 36.01666666666668 23606.000000000004 1.4833333333333345 26.150000000000006 24189.000000000004 1.0000000180025095e-35 24189.000000000004 22.740476190476198 30632.500000000004 29231.500000000004 24842.833333333336 25762.116666666672 6.5000000000000009 28.866666666666671 4.5000000000000009 28481.133333333335 28294.500000000004 4.650000000000003 27.083333333333336 28307.500000000004 5.7500000000000027
decision_type=2 2 2 2 2 2 2 2 2 2 2 2 2 2 2 2 2 2 2 2 2 2 2 2 2 2 2 2 2 2
left_child=1 3 16 4 15 11 17 -3 -5 19 -10 -6 13 -13 -8 -1 22 18 -4 -9 -21 -22 -2 24 25 26 27 -18 -25 -30
right_child=2 7 6 8 5 -7 14 9 10 -11 -12 12 -14 -15 -16 -17 23 -19 -20 20 21 -23 -24 28 -26 -27 -28 -29 29 -31
leaf_value=-42.295345519018959 10.925878137350082 7.6815828941237756 12.567754393957911 -56.428541204664441 13.415019338781185 -36.823324448062529 51.92545092264811 -1.2598155053456626 -42.921165015480739 12.921308169364929 -13.267615407943726 -33.525429016037997 6.0798238559202717 -5.4041641800491895 23.76261714935303 -15.917493107007898 9.6590063741651644 5.0211870738438202 41.74562598437798 -48.428843870617101 -24.27386625494276 5.5349448204040534 39.387073619549092 10.030789884970739 33.591335793903902 26.983358220577244 25.000722437319549 -24.312743048667912 -23.557415528297426 5.9115408756516201
leaf_weight=61 20 71 21 36 22 31 60 30 33 20 25 38 33 27 20 23 59 21 41 21 28 22 26 65 28 25 23 20 20 22
leaf_count=61 20 71 21 36 22 31 60 30 33 20 25 38 33 27 20 23 59 21 41 21 28 22 26 65 28 25 23 20 20 22
internal_value=0 -18.4264 20.1677 -26.7212 -21.3266 -13.6797 34.7958 -4.21292 -40.2076 -11.1923 -30.1395 -7.70095 -12.4413 -21.8443 44.8847 -35.0728 12.4262 25.0715 31.8628 -15.9673 -22.1818 -11.158 27.0126 9.86523 14.6696 10.4979 6.45729 1.05856 2.90567 -8.1213
internal_weight=0 521 471 329 235 151 163 192 94 121 58 120 98 65 80 84 308 83 62 101 71 50 46 262 155 127 102 79 107 42
internal_count=992 521 471 329 235 151 163 192 94 121 58 120 98 65 80 84 308 83 62 101 71 50 46 262 155 127 102 79 107 42
is_linear=0
shrinkage=0.05


Tree=32
num_leaves=31
num_cat=0
split_feature=3 0 4 9 9 9 9 9 0 3 7 10 10 7 8 13 13 3 8 7 7 10 7 5 5 13 2 13 8 1
split_gain=1.33014e+08 2.21743e+07 1.92549e+07 9.28134e+06 9.34585e+06 8.95329e+06 8.00494e+06 7.49001e+06 7.46986e+06 7.02505e+06 9.01339e+06 5.19836e+06 5.0295e+06 4.15348e+06 3.88268e+06 3.47342e+06 3.30567e+06 3.20815e+06 5.701e+06 5.6764e+06 5.31561e+06 4.7525e+06 3.35281e+06 2.90962e+06 1.03015e+07 2.89766e+06 2.84287e+06 2.7878e+06 2.42361e+06 2.08863e+06
threshold=26932.357142857149 25492.500000000004 29803.500000000004 3.5000000000000004 5.5000000000000009 1.5000000000000002 4.5000000000000009 1.5000000000000002 29391.500000000004 23850.000000000004 26.683333333333341 10.500000000000002 7.5000000000000009 22.740476190476198 4.333333333333333 28.866666666666671 28.866666666666671 27678.785714285717 4.650000000000003 26.990476190476198 30.209523809523816 10.500000000000002 26.845238095238098 24854.950000000004 26009.500000000004 29.683333333333341 28260.500000000004 29.683333333333341 6.0166666666666666 27918.500000000004
decision_type=2 2 2 2 2 2 2 2 2 2 2 2 2 2 2 2 2 2 2 2 2 2 2 2 2 2 2 2 2 2
left_child=1 3 13 9 6 28 15 -3 -7 27 25 14 -6 16 23 -5 -2 18 19 21 22 -15 26 -9 -25 -11 -19 -1 -4 -20
right_child=2 7 5 4 12 8 -8 11 -10 10 -12 -13 -14 17 -16 -17 -18 20 29 -21 -22 -23 -24 24 -26 -27 -28 -29 -30 -31
leaf_value=-33.400552583431853 10.379584107398987 16.555280521180897 39.75765446749601 -43.361727214994886 -36.89136467754841 4.1937367328008017 -59.542832150666612 -6.9029209278247983 33.127099947271681 -7.370584989894521 -36.756069946289067 4.9445830245812736 -4.0622465474264962 11.745877326910312 1.5892516807273582 -14.246803560256959 37.417719764892873 5.5751346530336328 22.913323054994859 -25.859904806954518 -7.1341208314895628 -16.436741681326005 38.852510672523863 -54.381628708612361 -9.5843602382775526 13.764083576202394 26.490881890058517 -13.616644120216371 62.733072439829506 3.2816625595092774
leaf_weight=69 20 36 22 21 20 30 46 27 87 55 23 48 28 52 27 20 26 33 42 21 20 21 21 21 33 23 32 24 24 20
leaf_count=69 20 36 22 21 20 30 46 27 87 55 23 48 28 52 27 20 26 33 42 21 20 21 21 21 33 23 32 24 24 20
internal_value=0 -17.5051 19.1593 -25.3851 -35.4524 33.056 -45.2242 -4.00228 25.7083 -18.3796 -9.24948 -8.74633 -17.741 11.8049 -14.8312 -29.1593 25.662 9.37197 4.81121 -2.95153 16.084 3.63855 21.4836 -20.3047 -27.0055 -1.13857 15.8721 -28.295 51.7448 16.5805
internal_weight=0 521 471 329 135 163 87 192 117 194 101 156 48 308 108 41 46 262 156 94 106 73 86 81 54 78 65 93 46 62
internal_count=992 521 471 329 135 163 87 192 117 194 101 156 48 308 108 41 46 262 156 94 106 73 86 81 54 78 65 93 46 62
is_linear=0
shrinkage=0.05


Tree=33
num_leaves=31
num_cat=0
split_feature=3 13 4 8 9 9 9 4 6 13 3 7 2 7 9 13 8 6 13 10 5 4 8 2 8 6 7 8 9 8
split_gain=1.20045e+08 1.82553e+07 1.73775e+07 1.06077e+07 8.08034e+06 6.65949e+06 9.58956e+06 9.27328e+06 5.81632e+06 1.11216e+07 6.01338e+06 5.38103e+06 5.02146e+06 3.74852e+06 3.61062e+06 3.37074e+06 3.33577e+06 3.06315e+06 2.98336e+06 2.95795e+06 4.16033e+06 2.92476e+06 3.14144e+06 2.81879e+06 3.55584e+06 5.99507e+06 2.75482e+06 2.42196e+06 2.22222e+06 2.18731e+06
threshold=26932.357142857149 28.716666666666672 29803.500000000004 1.3833333333333295 1.5000000000000002 4.5000000000000009 5.5000000000000009 27508.500000000004 26.750000000000004 33.350000000000009 24872.000000000004 25.364285714285717 24227.000000000004 22.740476190476198 3.5000000000000004 29.683333333333341 6.4833333333333352 26.583333333333336 28.866666666666671 4.5000000000000009 28481.133333333335 28307.500000000004 5.7500000000000027 28294.500000000004 4.650000000000003 27.083333333333336 27.478571428571431 2.0166666666666662 3.5000000000000004 6.0166666666666666
decision_type=2 2 2 2 2 2 2 2 2 2 2 2 2 2 2 2 2 2 2 2 2 2 2 2 2 2 2 2 2 2
left_child=1 11 13 14 29 7 -7 8 10 -10 15 -1 28 18 -3 27 26 -8 -2 20 23 -21 -23 24 25 -15 -6 -5 -13 -4
right_child=2 3 4 5 16 6 17 -9 9 -11 -12 12 -14 19 -16 -17 -18 -19 -20 21 -22 22 -24 -25 -26 -27 -28 -29 -30 -31
leaf_value=-13.682115476926169 9.8606050252914432 14.505985461341011 37.769771662625402 -34.137820127275255 26.48425249772913 -41.656421490104833 5.1741210412979131 12.984272777012416 -45.219179120328697 0.56651371547154017 8.8603439288980823 -36.859992874145512 -26.151111930847168 8.7655116210549568 -6.9064216777256568 -3.4031916029313032 33.70029674386079 -22.498760976791385 35.546833737538414 9.1540775515482977 30.763252544403077 -22.116571350097658 5.2633737824179914 24.517436363220217 23.085108284328296 -22.911175937652587 5.6965340296427414 -13.328088550732055 -56.895796511250161 59.596418507893887
leaf_weight=30 20 45 22 27 34 49 20 35 36 21 34 25 50 59 35 34 53 20 26 65 28 20 22 25 23 20 30 29 31 24
leaf_count=30 20 45 22 27 34 49 20 35 36 21 34 25 50 59 35 34 53 20 26 65 28 20 22 25 23 20 30 29 31 24
internal_value=0 -16.6298 18.2014 -11.0671 31.4032 -15.3177 -26.8276 -10.5752 -15.1309 -28.3508 -9.05397 -32.3771 -37.6682 11.2147 5.13806 -15.8216 24.4229 -8.66232 24.3789 8.90337 13.3175 2.50914 -7.7747 9.47114 5.78333 0.746097 16.74 -23.3614 -47.9512 49.1576
internal_weight=0 521 471 385 163 305 89 216 181 57 124 136 106 308 80 90 117 40 46 262 155 107 42 127 102 79 64 56 56 46
internal_count=992 521 471 385 163 305 89 216 181 57 124 136 106 308 80 90 117 40 46 262 155 107 42 127 102 79 64 56 56 46
is_linear=0
shrinkage=0.05


Tree=34
num_leaves=31
num_cat=0
split_feature=3 0 4 7 13 9 0 9 3 8 8 7 0 2 2 7 13 4 7 13 1 0 5 7 2 3 2 9 2 8
split_gain=1.0834e+08 1.86264e+07 1.56832e+07 8.0038e+06 1.101e+07 7.29251e+06 6.49055e+06 6.40073e+06 5.27354e+06 5.89895e+06 4.50925e+06 4.16769e+06 4.33649e+06 4.04736e+06 5.54981e+06 3.38318e+06 2.97396e+06 2.84382e+06 3.2134e+06 2.49296e+06 2.31788e+06 5.82445e+06 4.14411e+06 4.06992e+06 2.2932e+06 2.23119e+06 2.2063e+06 2.03483e+06 2.53518e+06 2.0252e+06
threshold=26932.357142857149 25492.500000000004 29803.500000000004 27.076190476190479 28.716666666666672 1.5000000000000002 29332.500000000004 1.5000000000000002 25222.785714285717 1.4833333333333345 1.7999999999999992 25.673809523809528 26143.500000000004 24227.000000000004 25476.000000000004 22.847619047619052 30.683333333333337 24236.500000000004 26.226190476190482 28.866666666666671 27786.500000000004 27977.500000000004 27341.016666666674 29.395238095238103 23980.500000000004 24120.500000000004 28997.500000000004 3.5000000000000004 27609.500000000004 2.6166666666666711
decision_type=2 2 2 2 2 2 2 2 2 2 2 2 2 2 2 2 2 2 2 2 2 2 2 2 2 2 2 2 2 2
left_child=1 3 15 4 13 -4 -7 -3 9 -6 -11 -9 -13 -1 -15 19 -17 -12 24 -2 27 22 -22 29 -19 -20 -8 28 -18 -23
right_child=2 7 5 -5 8 6 26 11 -10 10 17 12 -14 14 -16 16 20 18 25 -21 21 23 -24 -25 -26 -27 -28 -29 -30 -31
leaf_value=-40.143630673254243 9.367574830651284 15.581162055126496 46.699708056449893 -45.269104748302041 9.6259311294555658 1.1698327935658968 18.925156486034393 3.5845638742986718 10.420886369185014 -40.181781317970973 -29.297347705704823 -25.318148843977188 -4.6340143631244528 -5.6213349754993729 -40.180379649571016 -4.9366862694422409 23.934019398689273 -14.667180981636049 -9.50688735485077 32.480458620616368 8.3623439374177355 13.961863891601562 -20.519494826705369 -3.4400378322601322 7.8527998190659751 -33.124634654521941 35.230200487880381 25.132202588884454 3.8875204532042797 35.024045462835403
leaf_weight=68 20 36 46 36 20 26 32 53 22 22 28 45 58 26 21 36 24 20 20 28 23 25 27 20 26 20 59 38 46 21
leaf_count=68 20 36 46 36 20 26 32 53 22 22 28 45 58 26 21 36 24 20 20 28 23 25 27 20 26 20 59 38 46 21
internal_value=0 -15.7983 17.2913 -23.0205 -20.2869 29.8331 23.2017 -3.42284 -12.4963 -15.7283 -19.4568 -7.80838 -13.6708 -32.3453 -21.0626 10.6539 8.40232 -15.4573 -10.9512 22.8501 10.5461 5.63843 -7.23385 15.3902 -1.9385 -21.3158 29.4966 15.8173 10.7606 23.5772
internal_weight=0 521 471 329 293 163 117 192 178 156 136 156 103 115 47 308 260 114 86 48 224 116 50 66 46 40 91 108 70 46
internal_count=992 521 471 329 293 163 117 192 178 156 136 156 103 115 47 308 260 114 86 48 224 116 50 66 46 40 91 108 70 46
is_linear=0
shrinkage=0.05


Tree=35
num_leaves=31
num_cat=0
split_feature=3 4 13 0 8 10 0 5 9 9 6 5 13 6 13 8 13 9 7 2 2 7 4 6 3 6 8 7 4 2
split_gain=8.4658e+07 2.76743e+07 1.26653e+07 6.58472e+06 6.29868e+06 8.21705e+06 5.63556e+06 4.57438e+06 4.48224e+06 1.04883e+07 4.64984e+06 4.18969e+06 4.09102e+06 5.16216e+06 1.57103e+07 6.43342e+06 6.43211e+06 5.59893e+06 3.91367e+06 3.43441e+06 3.2158e+06 3.05133e+06 2.82263e+06 2.74799e+06 2.416e+06 2.35934e+06 3.32406e+06 2.1189e+06 1.95752e+06 2.58364e+06
threshold=25778.928571428576 29803.500000000004 28.450000000000006 23309.500000000004 5.150000000000003 2.5000000000000004 28006.500000000004 24743.800000000007 5.5000000000000009 4.5000000000000009 26.750000000000004 25046.600000000002 28.983333333333338 27.650000000000006 35.88333333333334 3.0666666666666651 34.616666666666674 4.5000000000000009 24.43809523809524 24907.500000000004 27519.500000000004 25.792857142857148 24135.000000000004 25.116666666666674 27465.571428571431 30.583333333333339 8.4833333333333361 30.640476190476196 25582.000000000004 23002.500000000004
decision_type=2 2 2 2 2 2 2 2 2 2 2 2 2 2 2 2 2 2 2 2 2 2 2 2 2 2 2 2 2 2
left_child=2 6 23 7 5 -3 12 22 9 10 11 19 -2 15 16 17 -15 21 -19 -5 -8 24 -4 -1 -14 -6 -27 -16 29 -25
right_child=1 4 3 8 25 -7 20 -9 -10 -11 -12 -13 13 14 27 -17 -18 18 -20 -21 -22 -23 -24 28 -26 26 -28 -29 -30 -31
leaf_value=-17.858593385560173 -12.929988644574141 28.84639539812126 -28.043542599678041 2.0320644236380057 48.542217206954959 -8.3156407810392832 2.8820716857910158 -43.345717656612401 12.04396745300293 -38.076302850657498 -23.98636771484658 19.264892750694642 12.15088110845536 -9.8961146052067104 25.356947326660158 31.791042736598424 -47.611962985992434 8.3405747788293034 -20.001950257399987 -16.90569361967918 19.987257562145111 -1.4633495225060371 -2.3601517295837406 -42.504489707946782 32.0600615310669 24.628554908434552 47.418544960021975 5.8628599446752796 -50.441100518599804 -18.975012857913971
leaf_weight=21 37 51 23 62 32 21 39 24 25 29 27 21 64 26 20 28 20 21 29 39 93 31 20 28 20 48 24 46 23 20
leaf_count=21 37 51 23 62 32 21 39 24 25 29 27 21 64 26 20 28 20 21 29 39 93 31 20 28 20 48 24 46 23 20
internal_value=0 12.4445 -17.726 -12.2667 29.3756 18.0075 6.15788 -25.8582 -7.78087 -10.5653 -5.21076 -1.0555 2.77082 4.67551 -3.86346 9.63077 -26.2943 5.87024 -8.09809 -5.28054 14.9335 11.9434 -16.0978 -33.7478 16.8912 37.2458 32.2252 11.7702 -38.4475 -32.7005
internal_weight=0 650 362 270 176 72 474 67 203 178 149 122 342 305 112 193 46 165 50 101 132 115 43 92 84 104 72 66 71 48
internal_count=1012 650 362 270 176 72 474 67 203 178 149 122 342 305 112 193 46 165 50 101 132 115 43 92 84 104 72 66 71 48
is_linear=0
shrinkage=0.05


Tree=36
num_leaves=31
num_cat=0
split_feature=3 4 13 0 8 7 0 1 13 5 9 9 6 5 2 2 1 13 6 8 7 7 4 4 6 8 6 8 1 4
split_gain=7.64038e+07 2.4976e+07 1.14305e+07 5.94271e+06 5.68456e+06 7.06933e+06 5.08609e+06 5.98324e+06 4.61368e+06 4.12838e+06 4.04522e+06 9.46571e+06 4.19648e+06 3.7812e+06 3.10498e+06 2.90226e+06 2.87251e+06 2.68093e+06 9.96239e+06 4.25463e+06 4.55781e+06 2.89155e+06 2.59049e+06 2.54742e+06 2.48006e+06 2.23266e+06 2.1293e+06 2.99996e+06 1.81178e+06 1.76666e+06
threshold=25778.928571428576 29803.500000000004 28.450000000000006 23309.500000000004 5.150000000000003 27.478571428571431 28006.500000000004 28283.500000000004 28.983333333333338 24743.800000000007 5.5000000000000009 4.5000000000000009 26.750000000000004 25046.600000000002 24966.500000000004 27519.500000000004 29575.500000000004 35.850000000000009 27.650000000000006 2.6166666666666711 25.673809523809528 30.640476190476196 27865.500000000004 24135.000000000004 25.116666666666674 4.6833333333333345 30.583333333333339 8.4833333333333361 26882.500000000004 25582.000000000004
decision_type=2 2 2 2 2 2 2 2 2 2 2 2 2 2 2 2 2 2 2 2 2 2 2 2 2 2 2 2 2 2
left_child=2 6 24 9 5 16 7 8 -2 23 11 12 13 14 -5 -8 -3 18 19 20 22 -19 28 -4 -1 -20 -6 -28 -10 -26
right_child=1 4 3 10 26 -7 15 -9 17 -11 -12 -13 -14 -15 -16 -17 -18 21 25 -21 -22 -23 -24 -25 29 -27 27 -29 -30 -31
leaf_value=-16.965663266181945 -12.283489536594701 41.380477150626803 -26.641365233711578 1.3676041899305402 46.115106689929966 -3.7323002980305597 2.7379682736519055 -23.224119349888394 13.977485524454426 -41.178431193033859 11.441769256591797 -36.17248760749554 -22.787049480720803 18.30164804912749 -17.055120600291662 18.987894806297877 16.391290051004162 30.832203347342357 -28.284826527471125 23.983660120085666 -9.4158383882962742 7.8194398421507616 21.707228055681501 -2.2421438789367678 -31.065513620773956 -5.4427029585838325 23.397126921017968 45.047617801030476 -2.3107900268153143 -47.919046128314477
leaf_weight=21 37 23 23 66 32 26 39 21 31 24 25 29 27 21 35 93 23 21 23 38 39 39 35 20 48 20 48 24 38 23
leaf_count=21 37 23 23 66 32 26 39 21 31 24 25 29 27 21 35 93 23 21 23 38 39 39 35 20 48 20 48 24 38 23
internal_value=0 11.8223 -16.8397 -11.6534 27.9068 17.1071 5.84999 2.63228 4.32382 -24.5653 -7.39183 -10.037 -4.95022 -1.00273 -5.01651 14.1868 28.8859 6.48745 3.97322 9.11274 5.16103 15.8739 10.6274 -15.2929 -32.0605 -17.6606 35.3835 30.614 5.00713 -36.5251
internal_weight=0 650 362 270 176 72 474 342 321 67 203 178 149 122 101 132 46 284 224 181 143 60 104 43 92 43 104 72 69 71
internal_count=1012 650 362 270 176 72 474 342 321 67 203 178 149 122 101 132 46 284 224 181 143 60 104 43 92 43 104 72 69 71
is_linear=0
shrinkage=0.05


Tree=37
num_leaves=31
num_cat=0
split_feature=3 4 13 0 12 10 7 10 5 12 0 2 9 7 7 5 1 5 1 4 3 12 3 10 4 6 7 4 2 5
split_gain=6.89544e+07 2.25409e+07 1.0316e+07 5.3633e+06 5.13031e+06 6.93342e+06 4.79134e+06 6.06047e+06 7.65234e+06 7.88619e+06 5.62528e+06 5.17817e+06 4.6864e+06 3.78991e+06 3.7719e+06 6.00307e+06 4.4158e+06 3.72586e+06 3.54445e+06 3.4916e+06 2.68638e+06 3.43694e+06 2.58052e+06 2.53187e+06 2.40793e+06 3.52211e+06 2.3411e+06 2.29905e+06 2.04285e+06 2.49371e+06
threshold=25778.928571428576 29803.500000000004 28.450000000000006 23309.500000000004 29.150000000000006 2.5000000000000004 22.642857142857149 4.5000000000000009 27438.916666666668 25.683333333333341 26130.500000000004 27519.500000000004 3.5000000000000004 25.297619047619051 27.154761904761905 25719.783333333336 25803.000000000004 24743.800000000007 27786.500000000004 28152.000000000004 23746.71428571429 26.31666666666667 24488.785714285717 8.5000000000000018 28677.000000000004 27.583333333333336 25.435714285714294 24135.000000000004 23002.500000000004 24544.000000000004
decision_type=2 2 2 2 2 2 2 2 2 2 2 2 2 2 2 2 2 2 2 2 2 2 2 2 2 2 2 2 2 2
left_child=2 6 26 17 5 -3 -2 11 9 13 -11 12 -8 -9 15 16 20 27 -14 -12 -5 22 -22 -24 25 -13 -1 -4 -28 -30
right_child=1 4 3 14 -6 -7 7 8 -10 10 19 24 18 -15 -16 -17 -18 -19 -20 -21 21 -23 23 -25 -26 -27 28 -29 29 -31
leaf_value=-16.642568567524787 20.19635205078125 26.208130756078983 -25.309296765534775 -17.504473471641543 33.614364503639251 -7.9280666374024893 13.331570763964402 -3.2790876507759097 -23.808738439223347 -14.692689094543457 22.143807150549808 18.040498733520508 2.3242464256286621 -29.115887477181175 -27.086738786243259 19.16857674640158 -28.954192716425116 -39.119510602951053 -25.539786184401741 3.1477027846545713 5.3645386827403101 14.044740629196168 0.061108744144439703 -23.231458289282664 23.272093785755217 -7.2464739027477449 -47.229261514414915 -2.1300367546081542 -18.309215847015381 -41.681003298078267
leaf_weight=23 50 51 23 32 104 21 38 40 34 20 59 40 25 22 21 23 22 24 21 41 29 28 20 28 63 21 23 20 25 21
leaf_count=23 50 51 23 32 104 21 38 40 34 20 59 40 25 22 21 23 22 24 21 41 29 28 20 28 63 21 23 20 25 21
internal_value=0 11.2312 -15.9977 -11.0707 26.5115 16.2517 5.55749 3.83121 -2.03483 2.03282 9.51406 9.92287 0.337742 -12.447 -7.02224 -4.7071 -8.16082 -23.3371 -10.3963 14.3554 -4.82173 -0.956517 -6.41152 -13.5262 16.416 9.33515 -30.4574 -14.5282 -35.0624 -28.9789
internal_weight=0 650 362 270 176 72 474 424 216 182 120 208 84 62 203 182 159 67 46 100 137 105 77 48 124 61 92 43 69 46
internal_count=1012 650 362 270 176 72 474 424 216 182 120 208 84 62 203 182 159 67 46 100 137 105 77 48 124 61 92 43 69 46
is_linear=0
shrinkage=0.05


Tree=38
num_leaves=31
num_cat=0
split_feature=3 4 13 0 8 8 10 7 13 4 1 0 1 5 1 10 6 13 8 7 1 5 7 8 1 4 5 13 7 13
split_gain=6.22314e+07 2.03431e+07 9.31018e+06 5.0362e+06 6.00943e+06 4.63011e+06 6.25741e+06 4.33188e+06 6.277e+06 3.88924e+06 6.61744e+06 3.45787e+06 6.76505e+06 3.31753e+06 4.84272e+06 2.71915e+06 4.25009e+06 8.1897e+06 3.81538e+06 3.03632e+06 2.30645e+06 3.07293e+06 2.11284e+06 2.03528e+06 1.99952e+06 2.72976e+06 1.8555e+06 2.20976e+06 2.0648e+06 1.78792e+06
threshold=25778.928571428576 29803.500000000004 28.450000000000006 24881.000000000004 1.4833333333333345 5.150000000000003 2.5000000000000004 22.740476190476198 29.150000000000006 26025.500000000004 24396.000000000004 28006.500000000004 28236.000000000004 25046.600000000002 25528.500000000004 10.500000000000002 27.650000000000006 35.88333333333334 2.6166666666666711 25.278571428571432 28075.500000000004 28481.133333333335 25.435714285714294 4.6833333333333345 29364.500000000004 30696.500000000004 23249.066666666669 30.416666666666675 25.997619047619054 28.916666666666675
decision_type=2 2 2 2 2 2 2 2 2 2 2 2 2 2 2 2 2 2 2 2 2 2 2 2 2 2 2 2 2 2
left_child=2 7 22 4 -4 6 -3 29 -9 10 26 12 15 14 -5 16 18 23 -10 -17 -13 -22 -1 -18 -7 -26 -6 28 -28 -2
right_child=1 5 3 13 9 24 -8 8 11 -11 -12 20 -14 -15 -16 19 17 -19 -20 -21 21 -23 -24 -25 25 -27 27 -29 -30 -31
leaf_value=-15.810440022012465 6.2481683640252976 24.897724349825992 8.9148670741489955 2.9394483891817238 -7.6287451553344727 44.591358661651611 -7.5316627508118046 -15.616077457330167 7.0682726897410495 -35.083794923126696 10.736298777759075 22.747034950256349 -25.419034080505373 15.216623444990681 -21.54924678224506 4.6418769311904908 -26.682187312582268 12.36386085393136 26.739072613838392 -20.14711527143206 -2.5903672835406137 20.501721138000491 -33.309264568660574 -4.8731112003326418 15.888091705585348 35.101018857020954 -21.869526277739425 -10.851009140014648 -42.456154414585662 24.427092845816361
leaf_weight=23 21 51 21 52 20 24 21 39 67 32 20 40 20 22 33 30 23 57 39 21 34 25 69 20 29 51 29 20 21 38
leaf_count=23 21 51 21 52 20 24 21 39 67 32 20 40 20 22 33 30 23 57 39 21 34 25 69 20 29 51 29 20 21 38
internal_value=0 10.6696 -15.1978 -10.5172 -16.0499 25.1859 15.4392 5.27962 3.47734 -19.7419 -15.2788 5.45778 2.59123 -2.08886 -6.56793 4.77102 7.33003 -0.0641246 14.3056 -5.56536 13.4783 7.19442 -28.9346 -16.5384 31.9336 28.1363 -21.0599 -24.8974 -30.5159 17.9566
internal_weight=0 650 362 270 163 176 72 474 415 142 110 376 277 107 85 257 206 100 106 51 99 59 92 43 104 80 90 70 50 59
internal_count=1012 650 362 270 163 176 72 474 415 142 110 376 277 107 85 257 206 100 106 51 99 59 92 43 104 80 90 70 50 59
is_linear=0
shrinkage=0.05


Tree=39
num_leaves=31
num_cat=0
split_feature=3 4 13 9 9 1 0 4 2 3 9 13 4 2 2 8 1 0 0 2 9 7 7 9 2 10 7 2 5 4
split_gain=5.61638e+07 1.83656e+07 8.40244e+06 4.93957e+06 1.23063e+07 4.89269e+06 4.73446e+06 4.43016e+06 4.16262e+06 4.41467e+06 4.09387e+06 3.94802e+06 3.89039e+06 3.761e+06 4.44619e+06 3.36137e+06 3.25762e+06 4.88644e+06 3.24868e+06 2.63072e+06 2.47746e+06 4.14729e+06 2.3221e+06 4.07115e+06 3.20724e+06 2.259e+06 2.17757e+06 2.17676e+06 3.40461e+06 2.13339e+06
threshold=25778.928571428576 29388.500000000004 28.450000000000006 5.5000000000000009 4.5000000000000009 28497.500000000004 30771.000000000004 26616.500000000004 25627.000000000004 23746.71428571429 2.5000000000000004 29.050000000000001 27890.500000000004 30365.000000000004 29821.000000000004 1.3999999999999988 27758.500000000004 28006.500000000004 25803.000000000004 27959.000000000004 5.5000000000000009 27.921428571428574 30.640476190476196 2.5000000000000004 29209.000000000004 7.5000000000000009 26.326190476190479 23002.500000000004 24627.550000000003 27642.500000000004
decision_type=2 2 2 2 2 2 2 2 2 2 2 2 2 2 2 2 2 2 2 2 2 2 2 2 2 2 2 2 2 2
left_child=2 5 27 4 7 10 13 8 9 25 12 -12 -2 14 22 -14 20 26 -11 -17 21 29 23 -3 -25 -4 -18 -1 -29 -13
right_child=1 6 3 -5 -6 -7 -8 -9 -10 18 11 16 15 -15 -16 19 17 -19 -20 -21 -22 -23 -24 24 -26 -27 -28 28 -30 -31
leaf_value=-37.532966153761919 1.1408942598285099 34.637636139518342 -27.74877419648347 7.8262628779691816 -39.469982385635376 -17.90793058872223 41.752808468158435 13.45303976319053 -28.027759429386688 6.4369644672639907 -18.425867450237273 -1.29814656921055 3.6104613092210558 3.3626331925392154 38.51437446565339 30.032316936916779 -28.45275405883789 10.451700019836426 -16.316992324874516 11.898360545105405 18.952918542755977 -12.522768662657057 6.0281066886840335 3.7534654051916938 26.032587579091395 -9.0310267639160156 -5.3999711172921323 -12.4729232710761 -37.679114990007314 17.995479536056518
leaf_weight=34 66 38 27 34 36 24 26 22 28 62 24 23 36 32 33 45 20 28 21 36 36 28 31 35 30 40 21 37 21 38
leaf_count=34 66 38 27 34 36 24 26 22 28 62 24 23 36 32 33 45 20 28 21 36 36 28 31 35 30 40 21 37 21 38
internal_value=0 10.1361 -14.438 -9.99133 -12.5583 4.02092 21.6871 -7.71417 -10.3303 -7.02682 5.33337 0.704636 10.8474 19.0655 22.0744 16.3228 3.0713 -5.64937 0.679939 21.9728 7.88511 3.40824 18.0257 21.6367 14.0361 -16.574 -16.6452 -27.4878 -21.5993 10.7208
internal_weight=0 650 362 270 236 425 225 200 178 150 401 218 183 199 167 117 194 69 83 81 125 89 134 103 65 67 41 92 58 61
internal_count=1012 650 362 270 236 425 225 200 178 150 401 218 183 199 167 117 194 69 83 81 125 89 134 103 65 67 41 92 58 61
is_linear=0
shrinkage=0.05


Tree=40
num_leaves=31
num_cat=0
split_feature=0 9 3 0 1 7 0 13 7 7 8 2 9 8 7 13 2 1 5 7 7 8 9 9 13 7 13 0 8 3
split_gain=6.50976e+07 1.21887e+07 1.06066e+07 6.87926e+06 6.33955e+06 4.90353e+06 4.58491e+06 3.636e+06 6.07628e+06 4.50005e+06 7.04535e+06 4.18055e+06 3.82947e+06 3.31528e+06 3.19213e+06 6.3421e+06 3.6924e+06 3.86799e+06 4.27242e+06 3.44017e+06 2.35604e+06 4.073e+06 3.39946e+06 2.22533e+06 2.15955e+06 2.41489e+06 2.99446e+06 2.10614e+06 2.06113e+06 1.88815e+06
threshold=25981.500000000004 1.0000000180025095e-35 27692.428571428576 23814.000000000004 27959.000000000004 25.464285714285715 23584.000000000004 34.216666666666676 26.642857142857149 29.907142857142862 6.5666666666666655 30433.000000000004 4.5000000000000009 7.3166666666666673 26.359523809523814 30.550000000000001 25930.000000000004 24907.500000000004 24490.76666666667 25.621428571428577 24.335714285714289 1.2833333333333334 1.5000000000000002 4.5000000000000009 31.100000000000005 25.892857142857149 33.350000000000009 25600.500000000004 5.450000000000002 26865.642857142859
decision_type=2 2 2 2 2 2 2 2 2 2 2 2 2 2 2 2 2 2 2 2 2 2 2 2 2 2 2 2 2 2
left_child=1 6 4 5 13 -3 -1 8 12 28 -11 23 -4 20 16 -16 17 18 19 -5 -2 -22 -23 -12 -24 -26 -27 -19 -9 -28
right_child=2 3 7 14 -6 -7 -8 9 -10 10 11 -13 -14 -15 15 -17 -18 27 -20 -21 21 22 24 -25 25 26 29 -29 -30 -31
leaf_value=-11.1433514776684 11.06489094119323 -9.0871847499500618 20.554797789028711 -30.252139676610632 -15.911942640940348 -35.23291180355033 12.219492086910066 24.571047280629475 -13.227217218150265 -9.1140375904414963 22.182719127110076 39.239311492919924 0.45296679482315527 21.31095043818156 -47.226064482189365 -11.638531564897107 6.7946360391119258 -33.108977046157371 7.7930020051343112 -4.0007457072918227 -20.714934325218202 16.248655053188926 12.37455524566273 1.2753649926185608 10.90310230255127 -24.108649132468486 9.9274027097225197 -12.546328080892565 44.465665999702793 -9.9060281372070307
leaf_weight=42 76 22 84 24 39 97 42 30 23 23 35 25 33 30 21 31 23 33 28 26 20 38 24 20 20 22 20 20 23 30
leaf_count=42 76 22 84 24 39 97 42 30 23 23 35 25 33 30 21 31 23 33 28 26 20 38 24 20 20 22 20 20 23 30
internal_value=0 -16.44 9.29968 -20.8282 2.97452 -30.3992 0.53807 16.1163 10.2666 21.3661 15.2744 22.2861 14.8851 5.60514 -15.2993 -26.0104 -11.6826 -14.9266 -7.84444 -16.6014 3.72044 0.51252 3.26933 14.58 -0.982515 -4.46697 -8.73643 -25.3495 33.2046 -1.97266
internal_weight=0 409 615 325 319 119 84 296 140 156 103 80 117 280 206 52 154 131 78 50 250 174 154 55 116 92 72 53 53 50
internal_count=1024 409 615 325 319 119 84 296 140 156 103 80 117 280 206 52 154 131 78 50 250 174 154 55 116 92 72 53 53 50
is_linear=0
shrinkage=0.05


Tree=41
num_leaves=31
num_cat=0
split_feature=0 9 3 0 1 4 2 0 7 4 12 7 13 5 1 7 5 13 12 7 6 2 5 9 9 1 13 9 9 13
split_gain=5.87506e+07 1.10003e+07 9.57246e+06 6.22232e+06 5.72145e+06 4.3808e+06 4.75052e+06 4.13788e+06 3.7896e+06 3.54224e+06 2.99204e+06 2.95879e+06 5.72375e+06 4.80878e+06 3.25729e+06 3.0944e+06 4.1605e+06 3.95772e+06 2.25063e+06 6.00044e+06 3.90712e+06 2.77317e+06 2.70172e+06 2.47005e+06 3.96581e+06 2.21567e+06 2.42441e+06 3.76262e+06 3.22588e+06 2.8685e+06
threshold=25981.500000000004 1.0000000180025095e-35 27692.428571428576 23841.000000000004 27959.000000000004 26025.500000000004 22282.500000000004 23584.000000000004 25.502380952380957 31899.000000000004 31.31666666666667 26.359523809523814 30.550000000000001 25307.333333333339 25404.000000000004 25.93095238095238 24490.76666666667 29.100000000000005 29.850000000000001 28.716666666666672 30.583333333333339 30179.500000000004 29121.633333333335 4.5000000000000009 5.5000000000000009 25820.500000000004 29.050000000000001 1.0000000180025095e-35 5.5000000000000009 30.183333333333337
decision_type=2 2 2 2 2 2 2 2 2 2 2 2 2 2 2 2 2 2 2 2 2 2 2 2 2 2 2 2 2 2
left_child=1 7 4 5 10 6 -3 -1 -8 18 25 13 -13 14 15 16 17 -5 19 23 -20 22 -22 -4 -25 -2 -27 -28 29 -29
right_child=2 3 9 11 -6 -7 8 -9 -10 -11 -12 12 -14 -15 -16 -17 -18 -19 20 -21 21 -23 -24 24 -26 26 27 28 -30 -31
leaf_value=-10.586184235981534 16.528627586364745 -41.717467957955819 18.296313030936499 -41.646755604743959 -15.116345073015262 -47.374119827270512 1.3655722427368167 11.608517369769869 -24.386717355728152 35.62950705885887 20.245403041839602 -44.864761207217263 -11.056604779151179 9.1504654922485358 -28.92882396078879 4.057573597519486 0.27056850051879883 -11.234558030833369 37.073853109359746 -12.684522036711376 20.196012126831782 28.558324120261457 -4.1310375390052796 -8.5791146388420696 19.923423245678777 -14.332224854968842 21.670943359375002 12.474609982525863 15.565216132133239 -5.6056283324192737
leaf_weight=42 29 27 110 20 39 25 20 42 50 20 30 21 31 25 31 27 25 23 25 24 21 22 25 26 23 21 25 27 31 117
leaf_count=42 29 27 110 20 39 25 20 42 50 20 30 21 31 25 31 27 25 23 25 24 21 22 25 26 23 21 25 27 31 117
internal_value=0 -15.618 8.83469 -19.7868 2.8258 -28.7111 -23.901 0.511167 -17.0289 15.3105 5.32488 -14.4234 -24.7099 -10.8811 -14.8556 -10.2633 -15.9495 -25.3798 13.8381 10.6194 20.1717 13.9577 6.97479 14.137 4.79963 3.53442 1.8293 3.52626 0.934158 -2.21558
internal_weight=0 409 615 325 319 122 97 84 70 296 280 203 52 151 126 95 68 43 276 183 93 68 46 159 49 250 221 200 175 144
internal_count=1024 409 615 325 319 122 97 84 70 296 280 203 52 151 126 95 68 43 276 183 93 68 46 159 49 250 221 200 175 144
is_linear=0
shrinkage=0.05


Tree=42
num_leaves=31
num_cat=0
split_feature=0 9 4 0 4 7 9 9 5 2 7 8 5 7 4 8 1 5 9 9 5 2 1 0 5 4 2 13 10 8
split_gain=5.30224e+07 9.92776e+06 8.74643e+06 5.61808e+06 4.4019e+06 4.42428e+06 4.08291e+06 9.65144e+06 4.43928e+06 7.04456e+06 4.03423e+06 4.93164e+06 3.23849e+06 2.69654e+06 4.02003e+06 3.69804e+06 3.80019e+06 3.98244e+06 2.6285e+06 4.30646e+06 2.87387e+06 2.15731e+06 2.08187e+06 2.01597e+06 2.86944e+06 1.94643e+06 1.93494e+06 1.79129e+06 1.76575e+06 1.66511e+06
threshold=25981.500000000004 1.0000000180025095e-35 28677.000000000004 23814.000000000004 26025.500000000004 25.464285714285715 4.5000000000000009 5.5000000000000009 30266.683333333338 29715.500000000004 25.521428571428576 2.0333333333333337 29266.900000000005 26.616666666666671 26616.500000000004 1.966666666666667 24836.500000000004 24490.76666666667 2.5000000000000004 5.5000000000000009 26041.533333333336 27103.500000000004 22400.000000000004 27647.000000000004 27187.350000000002 25938.000000000004 27959.000000000004 29.483333333333338 10.500000000000002 0.95000000000000118
decision_type=2 2 2 2 2 2 2 2 2 2 2 2 2 2 2 2 2 2 2 2 2 2 2 2 2 2 2 2 2 2
left_child=1 10 18 4 5 -3 8 -8 9 26 -1 -12 -11 14 15 16 17 -5 20 23 -2 -21 -7 28 -25 -18 -4 -17 -20 -22
right_child=2 3 6 13 -6 22 7 -9 -10 12 11 -13 -14 -15 -16 27 25 -19 19 21 29 -23 -24 24 -26 -27 -28 -29 -30 -31
leaf_value=18.880408607829704 -4.9015796454747518 -1.8156237888336184 36.128048225071119 -25.630804929643872 -47.093430220562482 -40.065778711795815 -11.982285437064293 23.193901773599478 39.7920930116073 15.031939129395917 -25.056237913803624 4.4164832592010503 -10.603217285020012 -26.23219215604994 8.2696412418199632 7.4442396981375554 -42.997943058013917 2.3186306256514331 -12.517682007649174 25.089217440287271 4.0109487579928507 3.542590097280649 -22.45217332652971 11.315309820771219 -9.3415544279690454 -20.93878818035126 19.913856847389887 -11.027327079772951 2.4478068033854168 17.343752487737742
leaf_weight=22 30 20 23 25 23 25 39 39 23 22 22 40 28 36 23 21 20 26 73 21 36 26 51 40 29 20 92 35 27 67
leaf_count=22 30 20 23 25 23 25 39 39 23 22 22 40 28 36 23 21 20 26 73 21 36 26 51 40 29 20 92 35 27 67
internal_value=0 -14.8371 8.39296 -18.7975 -27.4468 -22.7398 15.2229 5.60581 19.213 16.3444 0.485608 -6.04158 0.676252 -13.801 -11.1685 -14.2098 -20.431 -11.3821 3.1873 -0.217647 8.71713 13.1698 -28.2461 -3.94079 2.63344 -31.9684 23.1567 -4.10049 -8.477 12.6837
internal_weight=0 409 615 325 119 96 266 78 188 165 84 62 50 206 170 147 91 51 349 216 133 47 76 169 69 40 115 56 100 103
internal_count=1024 409 615 325 119 96 266 78 188 165 84 62 50 206 170 147 91 51 349 216 133 47 76 169 69 40 115 56 100 103
is_linear=0
shrinkage=0.05


Tree=43
num_leaves=31
num_cat=0
split_feature=0 9 3 0 5 9 9 5 4 7 8 9 4 5 6 6 7 13 4 2 0 3 9 9 2 5 10 0 4 7
split_gain=4.78528e+07 8.9598e+06 8.0071e+06 5.09208e+06 3.72976e+06 5.27415e+06 3.97946e+06 3.71848e+06 5.04991e+06 3.64089e+06 4.45081e+06 3.39486e+06 3.20712e+06 2.73423e+06 2.54594e+06 4.32154e+06 2.85682e+06 3.9658e+06 2.21498e+06 3.86794e+06 2.34051e+06 2.00061e+06 1.97709e+06 6.3073e+06 2.50588e+06 5.32875e+06 3.81071e+06 1.72368e+06 1.73034e+06 1.69961e+06
threshold=25981.500000000004 1.0000000180025095e-35 27692.428571428576 23841.000000000004 27399.933333333338 3.5000000000000004 5.5000000000000009 24743.800000000007 23971.500000000004 25.521428571428576 2.0333333333333337 2.5000000000000004 31899.000000000004 26041.533333333336 24.583333333333336 25.416666666666675 26.335714285714293 30.550000000000001 25018.500000000004 23606.000000000004 25003.500000000004 26850.142857142859 5.5000000000000009 4.5000000000000009 30365.000000000004 29335.750000000004 4.5000000000000009 27647.000000000004 28152.000000000004 25.592857142857145
decision_type=2 2 2 2 2 2 2 2 2 2 2 2 2 2 2 2 2 2 2 2 2 2 2 2 2 2 2 2 2 2
left_child=1 9 4 7 6 -6 11 8 -3 -1 -11 13 22 -2 -5 -16 18 -18 -17 -20 -21 -15 23 24 25 26 -4 -13 -29 -10
right_child=2 3 12 14 5 -7 -8 -9 29 10 -12 27 -14 21 15 16 17 -19 19 20 -22 -23 -24 -25 -26 -27 -28 28 -30 -31
leaf_value=17.936388102444734 -4.1665674147782505 -32.399102871917016 16.974034587798581 3.9320699501037595 3.7562386545641675 -29.145774423508421 20.533159558432445 -39.422569428549878 2.007560003371466 -23.803425600311975 4.1956598091125485 -6.7783760723103299 33.229989399909975 26.660463629209477 -32.563046646118167 6.3207694435119635 -37.159118756380948 -9.4015572817094863 -29.710913457870483 -15.898358527819315 4.7573004245758055 8.842254065513611 22.774084467887878 -7.3411861050128939 0.87849334190631745 41.015434722900395 -5.1853168155836027 13.998535686492922 -5.7328176403045656 -17.878907396576622
leaf_weight=22 27 43 124 20 29 21 35 36 21 22 40 89 20 23 29 25 22 31 20 24 32 50 40 40 29 20 23 25 20 22
leaf_count=22 27 43 124 20 29 21 35 36 21 22 40 89 20 23 29 25 22 31 20 24 32 50 40 40 29 20 23 25 20 22
internal_value=0 -14.0953 7.97331 -17.8576 2.47764 -10.0626 4.80854 -25.9307 -20.283 0.461328 -5.7395 2.45657 13.896 9.42806 -13.0057 -14.8568 -11.5226 -20.9236 -6.58937 -10.8361 -4.09512 14.4562 12.495 10.7528 14.4454 16.8014 13.5069 -2.74603 5.22905 -8.16691
internal_weight=0 409 615 325 319 50 269 122 86 84 62 234 296 100 203 183 154 53 101 76 56 73 276 236 196 167 147 134 45 43
internal_count=1024 409 615 325 319 50 269 122 86 84 62 234 296 100 203 183 154 53 101 76 56 73 276 236 196 167 147 134 45 43
is_linear=0
shrinkage=0.05


Tree=44
num_leaves=31
num_cat=0
split_feature=0 9 0 13 0 9 5 10 9 0 4 7 3 6 10 9 1 9 9 7 1 0 6 8 8 3 1 6 5 10
split_gain=4.31871e+07 8.08622e+06 7.33587e+06 4.78692e+06 4.5956e+06 3.8787e+06 4.13101e+06 6.39967e+06 3.9369e+06 3.48601e+06 3.38741e+06 3.63028e+06 3.3045e+06 3.19839e+06 3.13387e+06 3.14115e+06 2.81164e+06 2.46391e+06 5.9337e+06 4.73813e+06 4.76043e+06 2.28531e+06 2.23002e+06 2.61244e+06 2.48756e+06 1.98852e+06 1.92833e+06 1.79328e+06 2.94682e+06 1.7866e+06
threshold=25981.500000000004 1.0000000180025095e-35 28209.000000000004 34.816666666666677 23841.000000000004 1.0000000180025095e-35 27374.683333333338 4.5000000000000009 5.5000000000000009 23528.000000000004 26025.500000000004 25.464285714285715 27623.71428571429 26.183333333333341 3.5000000000000004 4.5000000000000009 25820.500000000004 5.5000000000000009 4.5000000000000009 25.809523809523814 25208.000000000004 27647.000000000004 30.583333333333339 5.8499999999999988 8.050000000000006 24026.428571428576 22901.000000000004 26.116666666666674 28548.116666666672 6.5000000000000009
decision_type=2 2 2 2 2 2 2 2 2 2 2 2 2 2 2 2 2 2 2 2 2 2 2 2 2 2 2 2 2 2
left_child=1 9 5 14 10 -2 8 12 16 -1 11 -3 -8 26 15 27 -7 18 19 25 -21 -18 23 -5 -24 -6 -13 28 -4 -23
right_child=2 4 3 22 17 6 7 -9 -10 -11 -12 13 -14 -15 -16 -17 21 -19 -20 20 -22 29 24 -25 -26 -27 -28 -29 -30 -31
leaf_value=-9.9930040685141961 15.126094342981066 -2.0031119210379464 10.595164714321015 17.465380206574565 -11.952828660011292 15.756595146244971 -16.541971354484559 -32.775350634966578 19.590787162780764 10.384352018666823 -41.045387466430668 -39.65418004989624 8.9354243387494758 -8.3255470001697542 -10.070044112205506 -4.9955479780832928 -4.8788835676039684 -0.49114842812220261 -33.553656446232516 -10.333353968019839 -37.925886847756125 -2.609908017245206 9.0200676338345414 41.046951778729756 26.804341262578966 7.6156517028808599 -20.905368665854137 3.7207096706737168 34.216211468240488 16.585108082382771
leaf_weight=41 56 21 31 23 20 29 20 21 35 43 25 32 35 20 22 24 118 36 34 54 22 22 51 24 32 37 24 22 23 27
leaf_count=41 56 21 31 23 20 29 20 21 35 43 25 32 35 20 22 24 118 36 34 54 22 22 51 24 32 37 24 22 23 27
internal_value=0 -13.3905 7.57465 14.1287 -16.9647 3.02471 0.817292 -9.2945 4.14411 0.438262 -24.6342 -20.4045 -0.329083 -25.4891 7.01512 10.7739 1.38578 -12.3554 -14.913 -10.1477 -18.3207 -1.10975 20.8046 29.507 15.8767 0.749518 -31.619 15.7537 20.656 7.96694
internal_weight=0 409 615 252 325 363 307 76 231 84 122 97 55 76 122 100 196 203 167 133 76 167 130 47 83 57 56 76 54 49
internal_count=1024 409 615 252 325 363 307 76 231 84 122 97 55 76 122 100 196 203 167 133 76 167 130 47 83 57 56 76 54 49
is_linear=0
shrinkage=0.05


Tree=45
num_leaves=31
num_cat=0
split_feature=4 3 5 1 4 13 6 8 9 9 5 10 9 13 6 13 5 6 2 3 13 4 10 0 9 5 9 3 4 9
split_gain=3.08842e+07 1.04306e+07 8.39079e+06 4.95407e+06 5.73461e+06 4.34589e+06 1.10985e+07 1.29011e+07 3.68322e+06 1.01048e+07 4.44226e+06 3.83321e+06 3.53284e+06 4.30491e+06 3.75314e+06 3.09002e+06 3.50189e+06 3.29452e+06 2.06374e+06 2.92052e+06 1.95759e+06 3.28733e+06 3.60508e+06 2.89715e+06 2.16289e+06 1.85277e+06 2.04507e+06 1.67109e+06 2.22612e+06 1.46374e+06
threshold=28572.000000000004 25394.071428571431 24804.233333333337 25600.500000000004 23003.500000000004 35.850000000000009 27.683333333333337 4.7166666666666659 4.5000000000000009 5.5000000000000009 30266.683333333338 4.5000000000000009 4.5000000000000009 28.81666666666667 25.383333333333333 30.516666666666669 24743.800000000007 26.450000000000006 30327.500000000004 29535.357142857149 28.416666666666675 26025.500000000004 7.5000000000000009 23467.500000000004 3.5000000000000004 25543.750000000004 1.0000000180025095e-35 29230.642857142859 29999.000000000004 1.5000000000000002
decision_type=2 2 2 2 2 2 2 2 2 2 2 2 2 2 2 2 2 2 2 2 2 2 2 2 2 2 2 2 2 2
left_child=1 3 -3 4 -1 6 12 -8 10 -10 11 18 13 -4 -14 17 -17 20 19 27 24 22 -22 -24 -6 -15 -27 28 -2 -28
right_child=8 2 5 -5 15 -7 7 -9 9 -11 -12 -13 14 25 -16 16 -18 -19 -20 -21 21 -23 23 -25 -26 26 29 -29 -30 -31
leaf_value=-31.934483551979067 15.252326565254027 31.293947317600249 -14.253196394032447 -31.127372008562091 -7.6401148777555781 9.5845860625758323 -57.2141488647461 -5.014597783828604 -12.105760398440893 22.209347315532408 38.318646385556178 -1.7208818316459658 2.2184292030334474 -4.0754496201392145 -22.39816087782383 16.828024387359619 -9.6578430285820591 -29.07531318447807 2.4537910098121283 36.01794927770441 -18.694372187058132 -23.672426986694337 17.543886276245118 -2.7656160095990714 -25.877351488738228 20.687406972146803 -5.4166810122403239 4.4043517192204797 33.164261752908878 9.5041732566173263
leaf_weight=28 82 20 29 32 37 66 20 29 45 41 21 32 30 31 32 24 26 22 21 22 24 20 25 59 29 31 22 24 22 65
leaf_count=28 82 20 29 32 37 66 20 29 45 41 21 32 30 31 32 24 26 22 21 22 24 20 25 59 29 31 22 24 22 65
internal_value=0 -5.9032 -0.216535 -12.4446 -10.4111 -1.99177 -4.63551 -26.3205 13.0496 4.25377 16.4266 14.1619 -0.20815 3.37209 -10.4869 -8.1455 3.05537 -10.7383 17.1341 19.1894 -8.65884 -5.05225 -1.60407 3.27888 -15.6534 6.80252 9.66029 16.2969 19.0414 5.73108
internal_weight=0 701 375 326 294 355 289 49 310 86 224 203 240 178 62 266 50 216 171 150 194 128 108 84 66 149 118 128 104 87
internal_count=1011 701 375 326 294 355 289 49 310 86 224 203 240 178 62 266 50 216 171 150 194 128 108 84 66 149 118 128 104 87
is_linear=0
shrinkage=0.05


Tree=46
num_leaves=31
num_cat=0
split_feature=4 3 5 1 4 1 13 7 8 4 9 9 13 7 10 13 13 0 6 7 8 3 6 6 4 13 9 5 4 3
split_gain=2.7873e+07 9.41358e+06 7.57269e+06 4.47105e+06 5.17549e+06 4.1593e+06 3.55335e+06 9.78545e+06 8.65532e+06 3.4085e+06 3.18926e+06 6.07311e+06 3.12954e+06 3.45721e+06 5.77753e+06 4.04931e+06 2.78875e+06 3.37139e+06 2.9733e+06 2.62263e+06 8.62975e+06 3.06294e+06 1.80945e+06 1.79881e+06 1.826e+06 1.7806e+06 1.9141e+06 2.7296e+06 1.78507e+06 1.71335e+06
threshold=28572.000000000004 25394.071428571431 24804.233333333337 25600.500000000004 23003.500000000004 28236.000000000004 35.850000000000009 26.990476190476198 4.6833333333333345 31693.500000000004 4.5000000000000009 5.5000000000000009 31.916666666666671 24.261904761904766 8.5000000000000018 30.850000000000001 30.516666666666669 24057.500000000004 26.450000000000006 28.37857142857143 5.7333333333333334 29630.357142857149 31.016666666666669 27.350000000000001 29908.500000000004 29.216666666666672 3.5000000000000004 24513.650000000005 25963.500000000004 24120.500000000004
decision_type=2 2 2 2 2 2 2 2 2 2 2 2 2 2 2 2 2 2 2 2 2 2 2 2 2 2 2 2 2 2
left_child=1 3 -3 4 -1 6 7 12 -9 10 19 -12 13 -4 -15 -16 18 -18 25 23 -21 -22 -8 24 -2 26 27 -6 29 -27
right_child=9 2 5 -5 16 -7 22 8 -10 -11 11 -13 -14 14 15 -17 17 -19 -20 20 21 -23 -24 -25 -26 28 -28 -29 -30 -31
leaf_value=-30.33775913374765 11.102912421304673 29.729249739646914 5.8366212681548237 -29.571003687381747 -13.192305725812913 -22.948213776404209 20.739223472595214 -39.823896687825524 -1.1706600870404926 29.724928489098183 -11.034721976954764 17.108751773834229 11.246943416446449 5.2658848524093633 -38.285545816421511 -6.849517567952474 -10.080833740234375 15.886042938232421 -27.621547707644375 -18.014091769854229 9.5866508646214257 32.19158898212693 3.2291947046915688 32.741938343048098 25.703225549784573 11.294750576359887 -19.172229735094771 8.0761907360770486 -14.685055799484253 -6.9110751152038574
leaf_weight=28 61 20 73 32 48 22 25 30 28 26 41 36 64 36 20 21 25 25 22 24 47 22 36 20 33 28 52 22 20 24
leaf_count=28 61 20 73 32 48 22 25 30 28 26 41 36 64 36 20 21 25 25 22 24 47 22 36 20 33 28 52 22 20 24
internal_value=0 -5.60804 -0.205709 -11.8224 -9.89056 -1.89219 -0.501096 -2.94705 -21.1637 12.3971 10.8108 2.12327 1.99018 -1.95937 -9.35038 -22.1842 -7.73823 2.9026 -10.2014 14.0424 7.81128 16.794 10.4054 19.1256 16.2286 -8.2259 -11.9058 -6.50792 -1.99047 2.89206
internal_weight=0 701 375 326 294 355 333 272 58 310 284 77 214 150 77 41 266 50 216 207 93 69 61 114 94 194 122 70 72 52
internal_count=1011 701 375 326 294 355 333 272 58 310 284 77 214 150 77 41 266 50 216 207 93 69 61 114 94 194 122 70 72 52
is_linear=0
shrinkage=0.05


Tree=47
num_leaves=31
num_cat=0
split_feature=4 13 13 7 8 2 12 6 4 13 7 1 2 0 4 9 9 2 5 5 6 3 10 6 7 9 2 2 6 4
split_gain=2.51554e+07 8.72257e+06 5.29298e+06 1.02566e+07 9.20456e+06 1.32408e+07 8.28448e+06 9.58989e+06 6.15814e+06 4.23262e+06 3.83883e+06 4.14705e+06 3.34247e+06 3.09249e+06 3.07617e+06 2.87831e+06 5.48098e+06 3.10661e+06 3.82091e+06 5.57943e+06 2.79661e+06 2.20343e+06 2.16729e+06 2.0933e+06 3.69858e+06 1.88795e+06 1.86969e+06 2.18946e+06 1.86345e+06 1.86081e+06
threshold=28572.000000000004 28.416666666666675 35.850000000000009 27.154761904761905 4.6833333333333345 26499.500000000004 26.950000000000006 26.683333333333337 28000.000000000004 30.850000000000001 23.559523809523814 25803.000000000004 24227.000000000004 27714.500000000004 31693.500000000004 4.5000000000000009 5.5000000000000009 30515.000000000004 29335.750000000004 29212.116666666672 25.216666666666672 25131.928571428576 10.500000000000002 25.31666666666667 25.535714285714288 3.5000000000000004 24293.500000000004 22851.000000000004 31.016666666666669 30055.500000000004
decision_type=2 2 2 2 2 2 2 2 2 2 2 2 2 2 2 2 2 2 2 2 2 2 2 2 2 2 2 2 2 2
left_child=1 12 3 6 5 -5 7 8 9 10 -3 21 25 -10 15 17 -17 18 19 29 -14 23 -11 -12 -25 -1 27 -26 -4 -2
right_child=14 2 28 4 -6 -7 -8 -9 13 22 11 -13 20 -15 -16 16 -18 -19 -20 -21 -22 -23 -24 24 26 -27 -28 -29 -30 -31
leaf_value=-16.920754878861565 13.418257358339099 5.1828940490571167 19.473496092160545 -9.743541041287509 -1.7446882768110799 -65.249627140590121 21.262279015117223 -32.554890632629395 24.775453785511441 -1.2439324583326068 -23.288261687237284 -25.430752297451622 -21.964590027021327 1.8778209686279297 28.238681470430819 -10.482985824491919 16.253314485814837 -4.4221778298643502 33.631016876220706 -10.175587102641231 1.382054401266164 6.8985882202784232 16.185544124726327 11.685393220728095 -5.4856226744475194 -34.832216773494601 -1.4513519489403928 -24.436004585538594 2.8982438503167569 27.683199757543107
leaf_weight=28 108 48 30 22 33 21 36 27 29 42 23 38 23 30 26 41 36 22 25 23 29 24 31 22 27 31 33 35 39 29
leaf_count=28 108 48 30 22 33 21 36 27 29 42 23 38 23 30 26 41 36 22 25 23 29 24 31 22 27 31 33 35 39 29
internal_value=0 -5.32764 -2.90846 -4.63191 -21.6076 -36.8512 -1.7327 -3.75671 -1.72124 -4.43447 -7.52737 -10.5476 -18.1864 13.1326 11.7773 10.2702 2.0171 13.3403 15.4525 12.6122 -8.94435 -7.0991 6.15763 -9.4987 -6.78793 -26.3319 -11.066 -16.1834 10.1049 16.4378
internal_weight=0 701 590 521 76 43 445 409 382 323 250 202 111 59 310 284 77 207 185 160 52 164 73 140 117 59 95 62 69 137
internal_count=1011 701 590 521 76 43 445 409 382 323 250 202 111 59 310 284 77 207 185 160 52 164 73 140 117 59 95 62 69 137
is_linear=0
shrinkage=0.05


Tree=48
num_leaves=31
num_cat=0
split_feature=4 13 13 7 8 2 8 6 4 13 7 1 2 4 0 9 9 2 5 5 6 1 6 2 3 10 4 9 6 13
split_gain=2.27027e+07 7.87212e+06 4.77692e+06 9.2566e+06 8.30712e+06 1.19498e+07 7.37697e+06 8.64636e+06 5.58683e+06 3.81994e+06 3.46454e+06 3.74271e+06 3.01658e+06 2.77624e+06 2.75414e+06 2.59768e+06 4.94658e+06 2.80371e+06 3.44837e+06 5.03544e+06 2.52394e+06 2.23656e+06 2.28829e+06 2.08456e+06 3.63835e+06 1.95598e+06 1.71465e+06 1.70387e+06 1.68176e+06 1.23602e+06
threshold=28572.000000000004 28.416666666666675 35.850000000000009 27.154761904761905 4.6833333333333345 26499.500000000004 2.9333333333333358 26.683333333333337 28000.000000000004 30.850000000000001 23.559523809523814 25803.000000000004 24227.000000000004 31693.500000000004 27714.500000000004 4.5000000000000009 5.5000000000000009 30515.000000000004 29335.750000000004 29212.116666666672 25.216666666666672 22400.000000000004 25.416666666666675 24227.000000000004 24120.500000000004 10.500000000000002 28713.000000000004 3.5000000000000004 31.016666666666669 29.416666666666675
decision_type=2 2 2 2 2 2 2 2 2 2 2 2 2 2 2 2 2 2 2 2 2 2 2 2 2 2 2 2 2 2
left_child=1 12 3 6 5 -5 7 8 9 10 -3 21 27 15 -10 17 -17 18 19 26 -14 -12 -23 24 -24 -11 -2 -1 -4 -25
right_child=13 2 28 4 -6 -7 -8 -9 14 25 11 -13 20 -15 -16 16 -18 -19 -20 -21 -22 22 23 29 -26 -27 -28 -29 -30 -31
leaf_value=-16.074717501231603 5.2724166624007687 4.9237492894132942 18.499821163813277 -9.256363834034314 -1.6574538144198332 -61.987145959763303 19.7315002220708 -30.927146528385308 23.5366809055723 -1.1817359447479248 -21.981029910133 -24.159215180497423 -20.866360415583074 26.826747641196619 1.7455974710398707 -9.9588362786828029 15.440648716025883 -4.2010688304901125 31.949466003417967 -9.6668077572532329 1.3129516470021216 -15.212127731941843 2.0167178166879189 -0.084483214787074504 -24.452650520801544 15.376266879420127 18.640947811558561 -33.0906064314227 2.7533312748640011 15.962433574313209
leaf_weight=28 31 48 30 22 33 21 37 27 29 42 21 38 23 26 29 41 36 22 25 23 29 37 37 28 20 31 106 31 39 21
leaf_count=28 31 48 30 22 33 21 37 27 29 42 21 38 23 26 29 41 36 22 25 23 29 37 37 28 20 31 106 31 39 21
internal_value=0 -5.06126 -2.76304 -4.40032 -20.5272 -35.0086 -1.64607 -3.58472 -1.64707 -4.21275 -7.151 -10.0202 -17.277 11.1884 12.6411 9.75674 1.91625 12.6732 14.6799 11.9816 -8.49713 -6.74414 -4.50656 -0.769706 -7.27078 5.84974 15.616 -25.0153 9.59963 6.79277
internal_weight=0 701 590 521 76 43 445 408 381 323 250 202 111 310 58 284 77 207 185 160 52 164 143 106 57 73 137 59 69 49
internal_count=1011 701 590 521 76 43 445 408 381 323 250 202 111 310 58 284 77 207 185 160 52 164 143 106 57 73 137 59 69 49
is_linear=0
shrinkage=0.05


Tree=49
num_leaves=31
num_cat=0
split_feature=4 13 13 7 8 2 12 6 4 7 7 9 1 2 6 9 9 5 10 9 9 0 2 2 4 13 9 6 5 0
split_gain=2.04892e+07 7.10459e+06 4.31117e+06 8.35408e+06 7.49718e+06 1.07847e+07 6.76298e+06 7.80979e+06 5.00682e+06 3.68809e+06 2.73384e+06 2.70412e+06 2.60391e+06 2.59139e+06 3.45178e+06 2.53888e+06 7.15869e+06 3.48441e+06 3.20486e+06 2.5299e+06 2.94976e+06 2.5257e+06 2.01959e+06 1.7168e+06 1.88866e+06 1.69323e+06 1.57103e+06 1.51779e+06 1.49325e+06 1.44974e+06
threshold=28572.000000000004 28.416666666666675 35.850000000000009 27.154761904761905 4.6833333333333345 26499.500000000004 26.950000000000006 26.683333333333337 28000.000000000004 25.535714285714288 25.954761904761909 2.5000000000000004 25803.000000000004 24293.500000000004 25.850000000000001 4.5000000000000009 5.5000000000000009 30266.683333333338 4.5000000000000009 4.5000000000000009 5.5000000000000009 27714.500000000004 22851.000000000004 30327.500000000004 30055.500000000004 29.583333333333336 2.5000000000000004 31.016666666666669 23866.216666666671 23615.500000000004
decision_type=2 2 2 2 2 2 2 2 2 2 2 2 2 2 2 2 2 2 2 2 2 2 2 2 2 2 2 2 2 2
left_child=1 10 3 6 5 -5 7 8 9 19 11 -1 13 22 -15 17 -17 18 23 25 -21 -10 -11 24 -2 -3 -26 -4 -24 -13
right_child=15 2 27 4 -6 -7 -8 -9 21 12 -12 29 -14 14 -16 16 -18 -19 -20 20 -22 -23 28 -25 26 -27 -28 -29 -30 -31
leaf_value=-10.600366411453638 11.811375907436014 -2.5231658941091495 17.574830414454144 -8.7935455495660957 -1.5745809323859938 -58.887787373860682 19.212590010960898 -29.380789297598383 22.359847068786621 -3.1388782905809811 -1.0644629893095598 -20.480917796382201 -21.724409793362476 -15.456030406951905 9.8806474197201624 -10.443387060165406 18.439307384956177 32.821434543246312 -3.0957872807979587 -22.848845033645631 4.3070163917541509 1.6666734886169434 -29.534226684570314 0.75510987327212387 30.571245896816254 10.016238072183398 13.214299444718794 2.6156648831489759 -10.444356187184653 -37.771922024813563
leaf_weight=39 96 43 30 22 33 21 36 27 29 33 23 27 33 20 41 45 41 21 32 20 20 30 20 21 32 72 22 39 21 22
leaf_count=39 96 43 30 22 33 21 36 27 29 33 23 27 33 20 41 45 41 21 32 20 20 30 20 21 32 72 22 39 21 22
internal_value=0 -4.8082 -2.62488 -4.1803 -19.5008 -33.2582 -1.56376 -3.39249 -1.55562 -4.00211 -16.4132 -20.4248 -9.13404 -6.05639 1.57354 10.629 3.32627 13.4327 11.427 1.56024 -9.27091 11.8379 -12.3459 14.1447 16.0192 5.32759 23.4999 9.11965 -19.7565 -28.2442
internal_weight=0 701 590 521 76 43 445 409 382 323 111 88 168 135 61 310 86 224 203 155 40 59 74 171 150 115 54 69 41 49
internal_count=1011 701 590 521 76 43 445 409 382 323 111 88 168 135 61 310 86 224 203 155 40 59 74 171 150 115 54 69 41 49
is_linear=0
shrinkage=0.05


Tree=50
num_leaves=31
num_cat=0
split_feature=5 0 5 4 4 7 13 4 7 5 6 6 2 4 6 1 1 2 7 8 0 5 5 9 2 1 8 5 1 4
split_gain=1.99287e+07 5.66665e+06 6.98497e+06 4.09034e+06 3.58978e+06 3.34406e+06 3.56004e+06 6.91202e+06 2.87961e+06 4.90836e+06 4.37844e+06 4.22623e+06 2.79191e+06 5.2712e+06 2.48815e+06 2.40392e+06 3.5986e+06 2.5914e+06 1.9937e+06 3.68918e+06 3.29859e+06 2.38644e+06 4.51968e+06 4.30612e+06 2.61018e+06 1.69169e+06 1.64886e+06 1.54453e+06 1.47446e+06 1.43405e+06
threshold=26883.383333333335 25151.500000000004 26101.283333333336 29871.000000000004 23003.500000000004 24.335714285714289 32.983333333333341 28252.000000000004 29.359523809523811 27438.916666666668 28.116666666666671 27.216666666666672 25890.500000000004 24971.000000000004 25.750000000000004 29364.500000000004 29782.000000000004 29061.000000000004 24.830952380952386 1.7000000000000013 26025.500000000004 24842.833333333336 25543.750000000004 2.5000000000000004 24688.500000000004 27865.000000000004 4.1833333333333345 26488.050000000007 26472.500000000004 24551.500000000004
decision_type=2 2 2 2 2 2 2 2 2 2 2 2 2 2 2 2 2 2 2 2 2 2 2 2 2 2 2 2 2 2
left_child=1 2 4 5 -1 -2 7 -7 10 25 11 -8 13 29 -15 26 -17 -18 28 20 -20 24 -23 -24 -21 -10 -5 -25 -3 -6
right_child=3 18 -4 15 12 6 8 -9 9 -11 -12 -13 -14 14 -16 16 17 -19 19 21 -22 22 23 27 -26 -27 -28 -29 -30 -31
leaf_value=-26.765186602493813 12.41024246061003 12.157748758091646 -40.924348068237308 13.30659183588895 -5.8961293685130585 9.2346476821899426 14.692859197344101 -25.853851778805257 13.882634092021632 -15.470260140834711 31.307007179260257 -13.679600243341355 8.0455188433329266 -10.896317131817341 -27.357290270111775 -8.7149981975555431 -1.0205381306734951 18.757497221320424 -2.8441139766148158 -4.23302732814442 -29.724387102127078 -24.452741750081383 15.541740450365792 -0.10584676732187687 19.610327331225079 -4.1663220012187958 32.453237135513966 -18.636871043118564 -1.3381296467781068 7.294920194149018
leaf_weight=29 77 34 20 22 78 25 35 32 37 39 20 21 24 48 44 22 22 67 21 22 25 24 29 23 24 20 23 22 50 28
leaf_count=29 77 34 20 22 78 25 35 32 37 39 20 21 24 48 44 22 22 67 21 22 25 24 29 23 24 20 23 22 50 28
internal_value=0 -7.36042 -12.487 6.75537 -10.221 3.39621 0.365294 -10.4642 3.95412 -1.80218 11.2252 4.05319 -8.05987 -10.012 -18.769 13.3445 9.39253 13.8685 -2.29 -5.12587 -17.453 -1.18805 -5.59797 0.517092 8.20698 7.54967 23.0927 -9.16546 4.12449 -2.4117
internal_weight=0 545 271 462 251 306 229 57 172 96 76 56 222 198 92 156 111 89 274 190 46 144 98 74 46 57 45 45 84 106
internal_count=1007 545 271 462 251 306 229 57 172 96 76 56 222 198 92 156 111 89 274 190 46 144 98 74 46 57 45 45 84 106
is_linear=0
shrinkage=0.05


Tree=51
num_leaves=31
num_cat=0
split_feature=5 3 5 9 9 1 8 4 7 8 5 0 1 7 3 0 3 2 7 10 8 2 6 5 0 2 8 3 7 8
split_gain=1.80205e+07 5.42001e+06 5.1511e+06 4.84787e+06 8.02973e+06 5.48126e+06 3.93581e+06 2.80298e+06 6.16028e+06 7.95481e+06 3.34779e+06 3.66282e+06 2.60515e+06 2.39884e+06 7.87761e+06 3.73868e+06 2.69492e+06 2.6078e+06 2.10416e+06 2.099e+06 3.48413e+06 2.08528e+06 1.86495e+06 1.75741e+06 2.41872e+06 1.67393e+06 2.15707e+06 2.06517e+06 1.63807e+06 1.79181e+06
threshold=26827.950000000004 25254.571428571431 24656.050000000007 5.5000000000000009 4.5000000000000009 25462.500000000004 8.4166666666666696 28677.000000000004 27.154761904761905 4.6833333333333345 27242.750000000004 27565.500000000004 24396.000000000004 26.335714285714293 26637.000000000004 26297.500000000004 26886.714285714286 26018.000000000004 30.55714285714286 4.5000000000000009 6.8166666666666673 27570.500000000004 25.283333333333339 25068.783333333336 22433.500000000004 24062.500000000004 1.5166666666666659 24094.642857142859 30.840476190476195 3.9833333333333347
decision_type=2 2 2 2 2 2 2 2 2 2 2 2 2 2 2 2 2 2 2 2 2 2 2 2 2 2 2 2 2 2
left_child=1 3 -3 4 5 23 7 8 10 -10 -2 -12 -6 15 -15 22 17 -17 -11 21 -21 -9 -4 24 -1 26 -26 -27 29 -23
right_child=6 2 13 -5 12 -7 -8 19 9 18 11 -13 -14 14 -16 16 -18 -19 -20 20 -22 28 -24 -25 25 27 -28 -29 -30 -31
leaf_value=-17.933585494756699 16.927194464856928 22.264827364966983 2.5562129096984862 3.789334839040583 -44.50136982599895 -33.722621926394375 22.844498475392662 -4.1640555000305177 -32.170548559118203 12.503194502125616 11.708287783672937 -10.245059909318623 -20.68102811683308 -36.847435124715169 -0.56325473418602579 -11.820337422688802 -18.283182979452199 10.13308094047731 -7.3235678344964983 -15.84309339977446 11.782816584587097 10.579147170649634 22.767928227072673 -17.68620277853573 16.808801196870348 -20.608093207223078 -2.9803395247459417 -1.684815023256385 0.52967058575671655 22.099855673582191
leaf_weight=30 55 21 25 44 24 22 33 20 27 23 38 38 22 21 52 24 29 31 32 21 25 90 21 34 21 21 40 46 23 54
leaf_count=30 55 21 25 44 24 22 33 20 27 23 38 38 22 21 52 24 29 31 32 21 25 90 21 34 21 21 40 46 23 54
internal_value=0 -7.21077 -1.30923 -11.5593 -14.1567 -10.0829 6.18239 4.94954 0.803816 -9.94373 7.53129 0.731614 -33.109 -3.74792 -11.0012 0.325053 -5.9497 0.553407 0.967624 8.73941 -0.829012 11.0931 11.7833 -7.37416 -5.15511 -2.16016 3.83232 -7.61599 12.9203 14.8994
internal_weight=0 528 224 304 260 214 479 446 213 82 131 76 46 203 73 130 84 55 55 233 46 187 46 192 158 128 61 67 167 144
internal_count=1007 528 224 304 260 214 479 446 213 82 131 76 46 203 73 130 84 55 55 233 46 187 46 192 158 128 61 67 167 144
is_linear=0
shrinkage=0.05


Tree=52
num_leaves=31
num_cat=0
split_feature=5 0 5 13 9 9 4 7 8 7 5 5 0 1 1 2 0 7 6 2 7 0 13 8 5 7 10 4 9 8
split_gain=1.62635e+07 4.60705e+06 5.61988e+06 3.66965e+06 3.16526e+06 1.07318e+07 3.03043e+06 3.79278e+06 9.2255e+06 5.7195e+06 3.33954e+06 2.69244e+06 2.65749e+06 2.61512e+06 3.50403e+06 2.55409e+06 2.50368e+06 2.17647e+06 2.28241e+06 1.90954e+06 1.90001e+06 3.13013e+06 2.46176e+06 1.82811e+06 1.82591e+06 2.88732e+06 4.69442e+06 5.31579e+06 1.51757e+06 1.38762e+06
threshold=26827.950000000004 25492.500000000004 26041.533333333336 38.816666666666677 5.5000000000000009 4.5000000000000009 29871.000000000004 27.154761904761905 3.9666666666666672 29.359523809523811 27438.916666666668 27242.750000000004 27496.000000000004 29364.500000000004 29782.000000000004 27609.500000000004 25767.500000000004 25.535714285714288 25.350000000000001 29061.000000000004 25.690476190476193 24809.500000000004 29.050000000000001 2.4833333333333347 24804.233333333337 24.830952380952386 8.5000000000000018 27936.500000000004 2.5000000000000004 4.1833333333333345
decision_type=2 2 2 2 2 2 2 2 2 2 2 2 2 2 2 2 2 2 2 2 2 2 2 2 2 2 2 2 2 2
left_child=1 2 4 6 5 17 7 11 -9 -10 -11 -2 -13 29 -15 -14 -3 18 -1 -16 -19 22 -22 -24 -18 -26 28 -28 -27 -8
right_child=3 16 -4 -5 -6 -7 13 8 9 10 -12 12 15 14 19 -17 24 20 -20 -21 21 -23 23 -25 25 26 27 -29 -30 -31
leaf_value=-7.5298637092113498 16.08083477193659 12.445403757265638 -36.578475494384769 26.838799012005332 3.1647450035268609 -34.673034798226709 12.23240601799705 -34.684380594889326 24.953636314755396 4.2090168695823822 -15.522873261168199 13.770467533209384 -16.663962667638607 -12.235884486734868 -1.438028534975919 2.9354578123373147 7.8932049481074023 -22.458650623321535 12.209636156647294 15.82191055103884 -14.659245659754829 -21.513353678158353 12.255366888046266 -6.4809785303862206 2.4821446315101956 7.8401227235794071 -41.42081509544736 -5.8446378662472682 -8.1398709272726997 29.990999880704017
leaf_weight=32 55 28 20 20 44 41 22 21 21 51 37 39 22 20 22 68 30 25 27 59 26 28 30 23 69 24 21 21 39 22
leaf_count=32 55 28 20 20 44 41 22 21 21 51 37 39 22 20 22 68 30 25 27 59 26 28 30 23 69 24 21 21 39 22
internal_value=0 -6.85023 -10.9851 5.87327 -9.13052 -11.4624 4.95974 2.19894 -4.33871 1.50771 -4.08735 6.81792 2.86862 10.9383 6.50632 -1.85551 -1.5747 -6.47999 1.50347 11.134 -10.0483 -7.14875 -2.05749 4.1245 -3.49903 -5.46321 -10.6844 -23.6327 -2.05225 21.1117
internal_weight=0 528 296 479 276 232 459 314 130 109 88 184 129 145 101 90 232 191 59 81 132 107 79 53 204 174 105 42 63 44
internal_count=1007 528 296 479 276 232 459 314 130 109 88 184 129 145 101 90 232 191 59 81 132 107 79 53 204 174 105 42 63 44
is_linear=0
shrinkage=0.05


Tree=53
num_leaves=31
num_cat=0
split_feature=5 3 4 5 9 9 1 13 2 9 1 1 1 13 12 13 4 0 0 1 3 1 7 12 1 7 0 0 12 6
split_gain=1.4754e+07 4.89715e+06 5.61902e+06 4.60117e+06 3.36211e+06 6.66986e+06 3.59527e+06 3.23916e+06 2.76059e+06 4.08975e+06 2.20349e+06 2.20123e+06 2.19542e+06 3.92618e+06 2.89426e+06 4.05749e+06 2.23984e+06 2.40717e+06 2.04627e+06 2.33098e+06 2.3724e+06 2.28189e+06 2.25315e+06 8.82626e+06 3.39954e+06 3.38383e+06 2.58649e+06 3.99215e+06 1.72795e+06 1.56207e+06
threshold=26883.383333333335 25394.071428571431 26530.500000000004 24804.233333333337 5.5000000000000009 4.5000000000000009 25568.000000000004 38.816666666666677 26976.500000000004 4.5000000000000009 24971.000000000004 24396.000000000004 25845.000000000004 29.050000000000001 26.583333333333336 36.616666666666674 28088.000000000004 27011.500000000004 30515.000000000004 26384.000000000004 27190.142857142859 27631.000000000004 26.642857142857149 27.950000000000006 28294.500000000004 29.590476190476192 29332.500000000004 28678.500000000004 30.81666666666667 25.350000000000001
decision_type=2 2 2 2 2 2 2 2 2 2 2 2 2 2 2 2 2 2 2 2 2 2 2 2 2 2 2 2 2 2
left_child=1 2 4 -3 5 6 10 8 9 -2 29 -7 -5 -14 16 -16 17 -15 19 -10 -21 -22 26 -24 -25 -26 27 -23 -27 -1
right_child=7 3 -4 12 -6 11 -8 -9 18 -11 -12 -13 13 14 15 -17 -18 -19 -20 20 21 22 23 24 25 28 -28 -29 -30 -31
leaf_value=-15.618053957223893 7.019728911263603 20.993171458894558 -36.002760868072514 9.2010385249891584 4.3068994122882227 -39.088194606615154 -27.211207408905029 25.496859807968139 18.566204515580207 -18.13850830078125 8.909079216003418 -16.965737647427755 -23.580237884521484 6.2543077095695168 -22.819451475143435 4.7127654282943068 17.973891024589541 -12.139696098607162 19.093496464888258 -10.912690043449402 14.616053616783837 10.849219354849595 -31.681709923744201 -11.323767658380362 26.742056056431366 -6.9836822271347048 23.938199931924995 -14.226679284232004 10.153282677499872 -4.2548488752976539
leaf_weight=40 35 22 20 31 43 23 20 20 31 30 25 22 25 46 32 23 20 29 30 24 55 65 20 26 21 24 22 21 38 124
leaf_count=40 35 22 20 31 43 23 20 20 31 30 25 22 25 46 32 23 20 29 30 24 55 65 20 26 21 24 22 21 38 124
internal_value=0 -6.33043 -10.35 -0.74179 -8.62255 -10.8114 -7.05177 5.81523 4.92466 -4.59177 -4.9185 -28.2728 -3.063 -5.23549 -2.17803 -11.306 3.10658 -0.85804 6.56542 5.4823 4.19875 5.44079 3.31151 -1.14925 4.45304 9.39518 8.63962 4.72603 3.51962 -7.02636
internal_weight=0 545 317 228 297 254 209 462 442 65 189 45 206 175 150 55 95 75 377 347 316 292 237 129 109 83 108 86 62 164
internal_count=1007 545 317 228 297 254 209 462 442 65 189 45 206 175 150 55 95 75 377 347 316 292 237 129 109 83 108 86 62 164
is_linear=0
shrinkage=0.05


Tree=54
num_leaves=31
num_cat=0
split_feature=5 3 5 4 8 4 7 3 0 7 0 3 4 7 8 5 0 5 1 7 10 8 3 6 6 8 8 9 10 7
split_gain=1.33155e+07 4.43774e+06 4.12675e+06 3.80219e+06 2.9339e+06 2.88222e+06 2.77717e+06 6.29287e+06 3.03956e+06 2.48127e+06 2.65354e+06 2.31145e+06 2.1787e+06 4.09261e+06 6.98654e+06 3.07683e+06 3.13881e+06 2.06988e+06 2.05545e+06 2.44986e+06 1.83654e+06 2.88015e+06 1.80762e+06 1.77945e+06 1.69151e+06 2.65222e+06 2.08178e+06 1.89599e+06 1.51675e+06 1.7047e+06
threshold=26883.383333333335 25254.571428571431 24656.050000000007 26343.000000000004 8.4166666666666696 23003.500000000004 26.335714285714293 26672.357142857149 26297.500000000004 25.547619047619055 23467.500000000004 23850.000000000004 28677.000000000004 27.154761904761905 4.6833333333333345 27242.750000000004 27565.500000000004 27433.183333333338 25568.000000000004 25.669047619047621 4.5000000000000009 6.8166666666666673 27062.714285714286 24.950000000000006 30.583333333333339 3.9833333333333347 1.7500000000000002 3.5000000000000004 9.5000000000000018 26.309523809523814
decision_type=2 2 2 2 2 2 2 2 2 2 2 2 2 2 2 2 2 2 2 2 2 2 2 2 2 2 2 2 2 2
left_child=1 3 -3 5 12 -1 8 -8 23 10 -7 -12 13 15 -15 -2 -17 -16 19 -11 24 -22 -10 -4 25 26 27 -14 29 -21
right_child=4 2 6 -5 -6 9 7 -9 22 18 11 -13 20 14 17 16 -18 -19 -20 28 21 -23 -24 -25 -26 -27 -28 -29 -30 -31
leaf_value=-23.352238136324388 16.806585593657061 20.245273581005279 2.50855383682251 -29.5639741482942 19.890701161008892 13.532411306875725 -30.601434825016902 -0.56950312200582254 0.14536741920139479 -23.398774493824352 -18.40916364760626 4.3053278625011444 20.200979526175395 -31.557113415261973 9.134697638858448 10.353595301979468 -9.9688235232704585 -11.250179052352905 -24.540832306089857 -2.8086234425053451 -14.913643287477038 10.203896381378174 -15.785343857606254 22.006130576133728 0.14987192749977113 21.092295996348064 -2.4822532190595354 2.4817062377929688 5.446683370150053 -15.347318880972654
leaf_weight=29 44 21 25 23 33 27 26 53 69 22 21 24 36 23 33 38 38 20 21 66 21 25 24 22 36 54 35 26 26 46
leaf_count=29 44 21 25 23 33 27 26 53 69 22 21 24 36 23 33 38 38 20 21 66 21 25 24 22 36 54 35 26 26 46
internal_value=0 -6.0139 -0.927664 -10.0162 5.52447 -8.42187 -2.95795 -10.4534 1.27165 -6.71048 1.14042 -6.29477 4.41937 0.534382 -8.54437 6.28426 0.192386 1.44229 -9.83349 -7.90316 7.68743 -1.26281 -3.96578 11.6351 9.88909 12.211 7.26681 12.7703 -5.43284 -7.95844
internal_weight=0 545 240 305 462 282 219 79 140 253 72 45 429 196 76 120 76 53 181 160 233 46 93 47 187 151 97 62 138 112
internal_count=1007 545 240 305 462 282 219 79 140 253 72 45 429 196 76 120 76 53 181 160 233 46 93 47 187 151 97 62 138 112
is_linear=0
shrinkage=0.05


Tree=55
num_leaves=31
num_cat=0
split_feature=0 0 4 4 7 9 4 10 9 2 2 5 5 8 8 7 10 5 2 9 9 8 2 0 3 7 2 9 8 7
split_gain=1.40641e+07 8.0408e+06 7.19769e+06 5.55381e+06 4.31512e+06 3.48694e+06 2.77223e+06 7.54619e+06 3.6595e+06 3.19416e+06 2.69618e+06 2.54944e+06 2.399e+06 3.99199e+06 2.88507e+06 4.6216e+06 2.19694e+06 2.18138e+06 1.97618e+06 1.95868e+06 3.53176e+06 1.88793e+06 1.63269e+06 1.62874e+06 1.97129e+06 1.54499e+06 1.38535e+06 1.37924e+06 1.34159e+06 5.53144e+06
threshold=23814.000000000004 28006.500000000004 26025.500000000004 24236.500000000004 25.278571428571432 1.5000000000000002 28304.500000000004 4.5000000000000009 5.5000000000000009 26836.000000000004 25495.500000000004 25762.116666666672 24842.833333333336 2.0166666666666662 3.3833333333333298 25.93095238095238 8.5000000000000018 27551.783333333336 27656.000000000004 5.5000000000000009 4.5000000000000009 0.95000000000000118 24459.500000000004 22079.000000000004 22696.928571428576 23.373809523809527 27588.500000000004 3.5000000000000004 5.7500000000000027 28.37857142857143
decision_type=2 2 2 2 2 2 2 2 2 2 2 2 2 2 2 2 2 2 2 2 2 2 2 2 2 2 2 2 2 2
left_child=2 4 3 23 18 10 8 -8 9 12 -6 -12 13 27 15 -14 -5 26 21 20 28 25 -15 -1 -25 -2 -13 -7 29 -3
right_child=1 19 -4 16 5 6 7 -9 -10 -11 11 17 14 22 -16 -17 -18 -19 -20 -21 -22 -23 -24 24 -26 -27 -28 -29 -30 -31
leaf_value=-29.393077216148381 5.9663375160910874 11.919468956674848 -36.075409412384033 -4.7115920384724941 17.618101114886148 -6.5300363605672658 6.2056226911998937 -32.873843065102896 8.1208622779846191 4.5234980841900443 -15.381645157223657 20.905285701751708 -8.1042231968470997 -2.8761007616917293 -4.7495173076103478 -40.547084824935254 16.090598175742411 -8.3291848750341497 17.416568619012832 19.486842830006669 -6.3554225651841421 15.757084686279297 16.467039279937747 -0.68628696259998145 -20.170282571456013 -6.6038822231983607 2.5180463132404149 -24.234925788099119 14.802458152960947 -14.250065886974335
leaf_weight=20 55 105 29 30 28 22 21 30 50 47 21 20 21 24 29 23 22 21 32 41 38 25 20 21 34 44 21 22 91 25
leaf_count=20 55 105 29 30 28 22 21 30 50 47 21 20 21 24 29 23 22 21 32 41 38 25 20 21 34 44 21 22 91 25
internal_value=0 2.69486 -13.6 -8.46786 -0.762279 -3.39978 -6.13033 -16.7823 -4.02471 -6.94432 4.20148 -0.324611 -10.2921 -4.73312 -16.9933 -25.063 4.08933 4.77535 6.33869 9.33257 7.72514 3.47988 5.91624 -17.1742 -12.7309 0.379573 11.4874 -15.3825 10.1462 6.88687
internal_weight=0 876 156 127 576 420 309 51 258 208 111 83 161 88 73 44 52 62 156 300 259 124 44 75 55 99 41 44 221 130
internal_count=1032 876 156 127 576 420 309 51 258 208 111 83 161 88 73 44 52 62 156 300 259 124 44 75 55 99 41 44 221 130
is_linear=0
shrinkage=0.05


Tree=56
num_leaves=31
num_cat=0
split_feature=0 0 4 4 7 9 4 10 9 2 2 5 5 8 8 7 10 5 5 9 9 1 6 2 4 2 5 7 2 2
split_gain=1.26928e+07 7.25682e+06 6.49591e+06 5.01231e+06 3.89439e+06 3.14697e+06 2.50193e+06 6.81043e+06 3.3027e+06 2.88273e+06 2.4333e+06 2.30087e+06 2.1651e+06 3.60277e+06 2.64867e+06 3.15776e+06 1.98274e+06 1.96869e+06 1.8473e+06 1.76771e+06 3.18741e+06 1.57219e+06 1.53301e+06 1.4735e+06 1.31387e+06 3.20807e+06 1.94022e+06 2.20766e+06 1.25672e+06 1.25028e+06
threshold=23814.000000000004 28006.500000000004 26025.500000000004 24236.500000000004 25.278571428571432 1.5000000000000002 28304.500000000004 4.5000000000000009 5.5000000000000009 26836.000000000004 25495.500000000004 25762.116666666672 24842.833333333336 2.0166666666666662 3.9833333333333347 25.916666666666671 8.5000000000000018 27551.783333333336 27319.866666666672 5.5000000000000009 4.5000000000000009 27585.500000000004 25.516666666666669 24459.500000000004 31562.000000000004 30515.000000000004 29390.783333333336 31.050000000000004 22400.000000000004 27588.500000000004
decision_type=2 2 2 2 2 2 2 2 2 2 2 2 2 2 2 2 2 2 2 2 2 2 2 2 2 2 2 2 2 2
left_child=2 4 3 22 18 10 8 -8 9 12 -6 -12 13 -7 15 -14 -5 29 21 20 24 -2 -1 -15 25 26 27 -3 -24 -13
right_child=1 19 -4 16 5 6 7 -9 -10 -11 11 17 14 23 -16 -17 -18 -19 -20 -21 -22 -23 28 -25 -26 -27 -28 -29 -30 -31
leaf_value=-27.064007900072184 6.0855911156587439 11.212314793292215 -34.271638623804883 -4.4760122553507484 16.737195784705026 -14.613357008587229 5.8953416188557952 -31.230150630871453 7.7148193435668944 4.297323042281131 -14.612562633696058 19.860021386146546 -6.9093019151687631 -2.7322954754034683 -1.6426390474492853 -32.392198598000313 15.286067719893024 -7.9127256563731612 19.449950762228536 18.512500853654814 -6.0376510805205292 -9.1131493568420421 -21.393428730964661 15.643687238693239 21.860673656016587 -10.07072834968567 25.263046702146532 -5.2359771529833479 -5.4162271887063982 2.39214384442284
leaf_weight=23 114 136 29 30 28 44 21 30 50 47 21 20 20 24 22 31 22 21 22 41 38 20 20 20 20 21 20 24 32 21
leaf_count=23 114 136 29 30 28 44 21 30 50 47 21 20 20 24 22 31 22 21 22 41 38 20 20 20 20 21 20 24 32 21
internal_value=0 2.56012 -12.92 -8.04446 -0.724165 -3.22979 -5.82381 -15.9432 -3.82347 -6.5971 3.9914 -0.308381 -9.77746 -4.49647 -16.1436 -22.3989 3.88487 4.53658 6.02175 8.86594 7.33888 3.81712 -16.3155 5.62042 9.63892 8.42282 10.5804 8.74507 -11.5613 10.9131
internal_weight=0 876 156 127 576 420 309 51 258 208 111 83 161 88 73 51 52 62 156 300 259 134 75 44 221 201 180 160 52 41
internal_count=1032 876 156 127 576 420 309 51 258 208 111 83 161 88 73 51 52 62 156 300 259 134 75 44 221 201 180 160 52 41
is_linear=0
shrinkage=0.05


Tree=57
num_leaves=31
num_cat=0
split_feature=0 0 4 4 9 1 9 9 7 5 5 0 10 4 6 8 5 9 9 0 3 8 7 9 1 1 5 5 7 5
split_gain=1.14553e+07 6.54928e+06 5.86256e+06 4.52361e+06 3.62653e+06 3.79003e+06 3.56564e+06 6.90134e+06 3.16468e+06 3.62707e+06 6.6404e+06 2.66312e+06 2.09342e+06 2.38326e+06 1.81913e+06 1.75704e+06 1.59847e+06 1.59536e+06 2.87664e+06 1.40091e+06 1.77172e+06 1.23055e+06 4.85423e+06 1.70294e+06 1.57265e+06 1.26375e+06 1.18724e+06 1.13291e+06 955760 854147
threshold=23814.000000000004 28006.500000000004 26025.500000000004 24236.500000000004 1.0000000180025095e-35 27758.500000000004 5.5000000000000009 4.5000000000000009 25.809523809523814 26009.500000000004 24804.233333333337 27585.500000000004 5.5000000000000009 27711.000000000004 25.550000000000004 2.2333333333333329 26758.666666666668 5.5000000000000009 4.5000000000000009 22079.000000000004 22696.928571428576 5.7500000000000027 28.37857142857143 1.5000000000000002 27656.000000000004 28422.000000000004 28481.133333333335 25780.966666666671 26.545238095238098 27713.566666666669
decision_type=2 2 2 2 2 2 2 2 2 2 2 2 2 2 2 2 2 2 2 2 2 2 2 2 2 2 2 2 2 2
left_child=2 4 3 19 16 6 7 8 -6 10 15 -7 13 -11 -5 -10 -2 18 21 -1 -21 22 24 -23 -3 -26 -27 -8 -9 -18
right_child=1 17 -4 14 5 11 27 28 9 12 -12 -13 -14 -15 -16 -17 29 -19 -20 20 -22 23 -24 -25 25 26 -28 -29 -30 -31
leaf_value=-26.831816310882569 1.377129023604923 -1.8650563526153565 -32.558056877399316 13.042524323096643 6.4471230898433793 -3.2951711131680401 2.9149562050314515 -13.662482817173004 -8.3681958167783677 -15.087785282135011 -27.025017333675081 -23.857844062149525 16.058541912078859 6.9144895136356359 -5.6612751300518331 8.7538897269758689 21.943172007799149 17.586875749215846 -5.7357687485845474 0.039752558929224809 -18.431632250898026 22.903876168851276 -13.765416471481323 8.5790359125298963 24.709024686813354 2.319664686697501 16.03232583748667 15.478250754506966 -27.049230260849001 7.9523908400535595
leaf_weight=20 36 20 29 26 127 31 34 40 31 20 37 32 25 32 26 29 24 41 38 21 34 32 25 59 20 27 38 38 20 20
leaf_count=20 36 20 29 26 127 31 34 40 31 20 37 32 25 32 26 29 24 41 38 21 34 32 25 59 20 27 38 38 20 20
internal_value=0 2.43211 -12.274 -7.64224 -0.687957 -2.2813 -0.61414 -2.64046 0.44611 -3.93394 -10.3657 -13.7397 4.16846 -1.54792 3.69062 -0.0925211 9.19076 8.42264 6.97194 -15.4997 -11.3789 9.15697 6.03541 13.6163 10.7499 13.7181 10.3363 9.54558 -18.1247 15.5837
internal_weight=0 876 156 127 576 496 433 361 301 174 97 63 77 52 52 60 80 300 259 75 55 221 130 91 105 85 65 72 60 44
internal_count=1032 876 156 127 576 496 433 361 301 174 97 63 77 52 52 60 80 300 259 75 55 221 130 91 105 85 65 72 60 44
is_linear=0
shrinkage=0.05


Tree=58
num_leaves=31
num_cat=0
split_feature=0 0 4 4 9 1 9 9 13 7 5 1 8 5 8 10 7 5 9 9 7 10 4 7 8 6 6 4 7 5
split_gain=1.03384e+07 5.91073e+06 5.29096e+06 4.08256e+06 3.27295e+06 3.4205e+06 3.21799e+06 6.22846e+06 2.9658e+06 2.85946e+06 2.90924e+06 3.20506e+06 5.60781e+06 2.52616e+06 1.88882e+06 1.73368e+06 1.45831e+06 1.44262e+06 1.43981e+06 2.59617e+06 1.3455e+06 1.35777e+06 1.16746e+06 1.32971e+06 3.27674e+06 1.97541e+06 1.53289e+06 1.12657e+06 862573 770867
threshold=23814.000000000004 28006.500000000004 26025.500000000004 24236.500000000004 1.0000000180025095e-35 27758.500000000004 5.5000000000000009 4.5000000000000009 30.183333333333337 25.778571428571436 26930.683333333338 25600.500000000004 2.399999999999999 27229.250000000004 2.4833333333333347 8.5000000000000018 28.969047619047625 26758.666666666668 5.5000000000000009 4.5000000000000009 25.842857142857145 7.5000000000000009 31562.000000000004 29.907142857142862 6.5666666666666655 27.283333333333339 23.683333333333337 30669.500000000004 26.545238095238098 27713.566666666669
decision_type=2 2 2 2 2 2 2 2 2 2 2 2 2 2 2 2 2 2 2 2 2 2 2 2 2 2 2 2 2 2
left_child=2 4 3 20 17 6 7 9 -8 -6 11 14 -13 -7 -11 -5 -12 -2 19 22 21 -1 23 25 -25 26 -3 -26 -9 -19
right_child=1 18 -4 15 5 13 8 28 -10 10 16 12 -14 -15 -16 -17 -18 29 -20 -21 -22 -23 -24 24 27 -27 -28 -29 -30 -31
leaf_value=-28.452289116900904 1.3082728253470528 15.368247806664669 -30.930154313712286 -4.3120511245727542 6.492749005189892 -2.5518234125773116 -1.659896469116211 -12.979358391761782 18.667221611424498 5.159733481884003 16.16923875394075 -37.592022993564605 -4.730472742544638 -22.598986817851213 -11.060175625767027 14.167199082808063 -1.2762155532836914 20.846013607581458 16.707532059528479 -5.4489801544892167 -5.5309777773343605 -11.77481157009472 20.219774610996247 -15.076905875205995 3.0000218373356446 20.553676274087696 1.911611304848881 18.038910741806031 -25.696768484115605 7.5547712290287024
leaf_weight=23 36 33 29 30 118 30 34 40 38 50 23 20 37 33 28 22 25 24 41 38 26 26 20 20 33 36 59 20 20 20
leaf_count=23 36 33 29 30 118 30 34 40 38 50 23 20 37 33 28 22 25 24 41 38 26 26 20 20 33 36 59 20 20 20
internal_value=0 2.31051 -11.6603 -7.26013 -0.653559 -2.16723 -0.583433 -2.50843 9.0683 0.423805 -3.4895 -7.24864 -16.2608 -13.0527 -0.662798 3.50609 7.08306 8.73122 8.00151 6.62334 -14.7247 -19.603 8.69912 7.55279 2.16768 10.624 6.73845 8.67507 -17.2185 14.8045
internal_weight=0 876 156 127 576 496 433 361 72 301 183 135 57 63 78 52 48 80 300 259 75 49 221 201 73 128 92 53 60 44
internal_count=1032 876 156 127 576 496 433 361 72 301 183 135 57 63 78 52 48 80 300 259 75 49 221 201 73 128 92 53 60 44
is_linear=0
shrinkage=0.05


Tree=59
num_leaves=31
num_cat=0
split_feature=0 0 4 4 7 9 2 4 2 12 6 6 7 13 1 7 12 0 5 7 5 12 7 9 9 6 12 1 12 7
split_gain=9.33041e+06 5.33443e+06 4.77509e+06 3.68451e+06 3.04214e+06 2.39409e+06 2.35211e+06 2.81693e+06 2.78913e+06 2.22702e+06 5.19252e+06 5.01469e+06 2.84052e+06 5.0322e+06 2.52573e+06 3.71435e+06 2.3759e+06 1.72009e+06 1.66063e+06 1.62083e+06 1.57706e+06 1.45328e+06 1.9778e+06 1.29943e+06 2.34304e+06 1.26519e+06 1.20081e+06 1.16111e+06 1.06538e+06 4.2524e+06
threshold=23814.000000000004 28006.500000000004 26025.500000000004 24236.500000000004 25.278571428571432 1.5000000000000002 25808.500000000004 27890.500000000004 27814.500000000004 27.31666666666667 27.750000000000004 26.950000000000006 26.240476190476198 30.550000000000001 25600.500000000004 25.902380952380955 28.683333333333337 26920.500000000004 27319.866666666672 25.521428571428576 24490.76666666667 24.950000000000006 23.373809523809527 5.5000000000000009 4.5000000000000009 25.516666666666669 23.450000000000006 26656.000000000004 29.750000000000004 28.37857142857143
decision_type=2 2 2 2 2 2 2 2 2 2 2 2 2 2 2 2 2 2 2 2 2 2 2 2 2 2 2 2 2 2
left_child=2 4 3 25 18 6 -6 -8 -9 11 -11 12 14 -14 20 -16 -12 -18 21 -5 -7 22 27 24 28 -1 -24 -2 29 -3
right_child=1 23 -4 19 5 9 7 8 -10 10 16 -13 13 -15 15 -17 17 -19 -20 -21 -22 -23 26 -25 -26 -27 -28 -29 -30 -31
leaf_value=-23.753102702679843 15.7790514013984 9.7721982085420986 -29.383646281012176 12.865564680099489 14.188343913214547 -10.001649856567383 -16.088789931587552 17.964748258176058 -5.1781385076045998 23.08891136986869 -19.281711905343194 -30.104420255578084 -7.7019959873623325 22.650916220925073 -6.3145462177693847 -32.335599835962057 -10.961498815363104 6.5235279942170168 18.073046584562825 -4.8418765749250143 5.1949421401946774 14.123742505073549 -16.335520632266999 15.872155296511767 -5.1765312488141815 -9.6695031285285964 -0.039401153417734001 1.5402303922467118 12.413493502369294 -13.173123481750489
leaf_weight=23 22 105 29 24 35 38 23 23 30 21 21 23 36 22 32 24 22 39 22 28 31 25 20 41 38 52 26 41 91 25
leaf_count=23 22 105 29 24 35 38 23 23 30 21 21 23 36 22 32 24 22 39 22 28 31 25 20 41 38 52 26 41 91 25
internal_value=0 2.19498 -11.0773 -6.89712 -0.620881 -2.83543 3.46302 -1.47628 4.865 -5.09798 0.905008 -8.09948 -5.33383 3.81118 -9.57711 -17.4664 -4.77624 0.217453 5.34137 3.33079 -3.1742 3.2511 0.757374 7.60144 6.29217 -13.9885 -7.12467 6.51252 8.26417 5.35964
internal_weight=0 876 156 127 576 420 111 76 53 309 103 206 183 58 125 56 82 61 156 52 69 134 109 300 259 75 46 63 221 130
internal_count=1032 876 156 127 576 420 111 76 53 309 103 206 183 58 125 56 82 61 156 52 69 134 109 300 259 75 46 63 221 130
is_linear=0
shrinkage=0.05


Tree=60
num_leaves=31
num_cat=0
split_feature=4 13 9 9 10 8 7 6 8 7 3 0 5 13 3 13 4 6 7 2 8 1 3 6 8 6 10 1 10 8
split_gain=1.13548e+07 3.44042e+06 2.90328e+06 5.08653e+06 2.62031e+06 3.2799e+06 1.57867e+07 5.24017e+06 3.024e+06 3.81201e+06 2.37909e+06 1.93633e+06 2.27386e+06 1.78841e+06 2.15363e+06 1.6898e+06 1.66084e+06 1.66055e+06 1.64398e+06 1.53197e+06 1.46282e+06 1.70837e+06 2.29719e+06 2.56994e+06 1.45676e+06 1.53851e+06 1.33308e+06 989602 1.61089e+06 1.31398e+06
threshold=26616.500000000004 37.783333333333346 5.5000000000000009 4.5000000000000009 2.5000000000000004 3.3166666666666669 26.990476190476198 27.683333333333337 4.650000000000003 29.671428571428574 25778.928571428576 28034.500000000004 27173.966666666671 31.583333333333336 26759.000000000004 37.083333333333336 27844.500000000004 31.983333333333338 25.669047619047621 23749.500000000004 3.3833333333333298 25600.500000000004 23850.000000000004 25.250000000000004 6.2166666666666659 31.016666666666669 7.5000000000000009 29493.000000000004 1.5000000000000002 0.88333333333332942
decision_type=2 2 2 2 2 2 2 2 2 2 2 2 2 2 2 2 2 2 2 2 2 2 2 2 2 2 2 2 2 2
left_child=2 4 3 20 27 6 10 -7 -9 -10 -6 12 13 14 16 24 -12 -3 -5 -4 21 22 23 -1 -11 -26 -25 28 -2 -30
right_child=1 17 19 18 5 7 -8 8 9 15 11 -13 -14 -15 -16 -17 -18 -19 -20 -21 -22 -23 -24 26 25 -27 -28 -29 29 -31
leaf_value=-26.310568780899047 16.28570389593801 22.993896634650952 13.75647472901778 -34.253632164001466 18.159688148498535 26.566962586916414 -38.986608455799249 -10.639283251081196 19.866615253024634 -5.2228156349875716 -3.8321920156478884 13.45408201010331 -15.570168436490574 12.074224332968395 -12.391113542829242 -7.2384874221606132 12.751927905013929 7.4660086022482979 -15.600689446484601 -2.9908722559611007 7.0078233337402338 -18.655775555542537 0.98222907619711808 -14.086435406737857 19.446879871686303 2.3328216667833002 -1.796444707167776 -0.36316508674621584 -4.5863965345465614 10.28089320063591
leaf_weight=20 62 33 22 21 20 26 27 35 36 22 36 23 26 27 35 39 26 36 27 36 20 28 81 36 24 29 57 25 23 42
leaf_count=20 62 33 22 21 20 26 27 35 36 22 36 23 26 27 35 39 26 36 27 36 20 28 81 36 24 29 57 25 23 42
internal_value=0 4.33488 -6.8504 -8.89279 3.08536 1.09471 -3.1769 5.54852 2.59458 5.68248 1.83274 -0.0547641 -2.12612 0.692793 -2.47523 1.20328 3.12244 14.8924 -23.7614 3.36157 -5.94366 -7.11046 -5.44412 -10.0506 5.593 10.0826 -6.55386 8.7299 10.5199 5.02016
internal_weight=0 652 348 290 583 431 220 211 185 150 193 173 150 124 97 114 62 69 48 58 242 222 194 113 75 53 93 152 127 65
internal_count=1000 652 348 290 583 431 220 211 185 150 193 173 150 124 97 114 62 69 48 58 242 222 194 113 75 53 93 152 127 65
is_linear=0
shrinkage=0.05


Tree=61
num_leaves=31
num_cat=0
split_feature=3 13 13 7 12 7 8 7 6 10 1 5 12 3 4 7 5 5 13 4 3 10 2 2 8 6 6 1 13 8
split_gain=1.03258e+07 3.4354e+06 2.82483e+06 2.3159e+06 2.12132e+06 3.38323e+06 5.00253e+06 1.24722e+07 5.6947e+06 4.48609e+06 3.29991e+06 2.62037e+06 2.52942e+06 2.05775e+06 2.35448e+06 1.99216e+06 1.90652e+06 1.63927e+06 1.62513e+06 2.02262e+06 4.10027e+06 2.99066e+06 2.31707e+06 1.57909e+06 1.55974e+06 1.73992e+06 1.49865e+06 1.47985e+06 1.4642e+06 1.4307e+06
threshold=24759.428571428576 37.783333333333346 28.183333333333337 22.604761904761911 23.450000000000006 25.669047619047621 3.3166666666666669 26.990476190476198 27.683333333333337 8.5000000000000018 26410.500000000004 28548.116666666672 22.850000000000001 25581.285714285717 27974.000000000004 29.907142857142862 27374.683333333338 29762.833333333336 30.416666666666675 24971.000000000004 24094.642857142859 7.5000000000000009 24197.500000000004 22728.500000000004 4.9833333333333352 31.31666666666667 31.983333333333338 23918.500000000004 29.016666666666669 1.3499999999999981
decision_type=2 2 2 2 2 2 2 2 2 2 2 2 2 2 2 2 2 2 2 2 2 2 2 2 2 2 2 2 2 2
left_child=18 2 -2 -4 12 -6 7 9 -8 13 -11 16 -5 -7 -15 -13 24 -17 19 21 -21 23 -22 -1 -10 -26 -3 -20 29 -23
right_child=1 26 3 4 5 6 8 -9 11 10 -12 15 -14 14 -16 17 -18 -19 27 20 22 28 -24 -25 25 -27 -28 -29 -30 -31
leaf_value=-25.579683903285439 -15.622440058844431 21.844201775753138 13.821806715364042 3.6945413589477543 10.092610834953481 19.260832028587661 25.612760920678415 -39.044841939707595 -11.080850143432619 -23.866017927946871 0.8542889559710467 16.087727003097537 -16.671382504124796 -11.660056713649205 8.6155541282229944 -7.1972300529479982 -15.123630834579467 10.237963031019483 -7.7343995208740246 -30.109992770225773 -18.742761262825557 5.1293568968772894 0.4350643634796143 -7.7029705810546876 12.148294589098763 -6.4373248028755192 7.0927080816692785 10.046215365149759 9.1626125033696493 -12.007056949878562
leaf_weight=21 21 33 46 30 133 24 31 24 20 27 27 45 31 21 45 26 25 28 25 31 28 21 36 30 34 20 36 22 30 29
leaf_count=21 21 33 46 30 133 24 31 24 20 27 27 45 31 21 45 26 25 28 25 31 28 21 36 30 34 20 36 22 30 29
internal_value=0 3.53376 2.42074 3.01557 2.17447 3.19073 0.878519 -5.67437 5.68588 -0.112625 -11.5059 2.56601 -6.65535 6.72332 2.16422 8.31801 -3.18598 1.84324 -7.87092 -9.63016 -15.1847 -5.60208 -7.95523 -15.064 0.847007 5.26473 14.1478 0.588441 0.429878 -4.80976
internal_weight=0 727 658 637 591 530 397 168 229 144 54 198 61 90 66 99 99 54 273 226 95 131 64 51 74 54 69 47 80 50
internal_count=1000 727 658 637 591 530 397 168 229 144 54 198 61 90 66 99 99 54 273 226 95 131 64 51 74 54 69 47 80 50
is_linear=0
shrinkage=0.05


Tree=62
num_leaves=31
num_cat=0
split_feature=3 13 13 9 9 10 8 6 6 8 6 5 13 0 10 10 4 6 5 3 2 4 6 0 3 10 2 8 6 2
split_gain=9.31901e+06 3.10067e+06 2.59781e+06 2.53629e+06 3.14479e+06 1.79212e+06 2.36484e+06 1.03085e+07 5.24345e+06 3.01515e+06 2.68567e+06 2.0872e+06 3.12377e+06 3.2237e+06 2.22e+06 5.23383e+06 1.76684e+06 1.69435e+06 1.98998e+06 1.62635e+06 1.57616e+06 1.54607e+06 1.93624e+06 2.4059e+06 3.20319e+06 1.74854e+06 1.32946e+06 1.2383e+06 1.0425e+06 1.0138e+06
threshold=24759.428571428576 38.150000000000006 28.183333333333337 5.5000000000000009 4.5000000000000009 2.5000000000000004 3.3166666666666669 26.983333333333338 27.683333333333337 4.650000000000003 30.633333333333336 27173.966666666671 31.150000000000006 26608.000000000004 8.5000000000000018 11.500000000000002 30191.500000000004 29.400000000000002 27433.183333333338 25581.285714285717 30586.000000000004 25828.500000000004 25.350000000000001 24704.500000000004 23617.500000000004 7.5000000000000009 23777.500000000004 0.25000000000000006 31.983333333333338 28392.000000000004
decision_type=2 2 2 2 2 2 2 2 2 2 2 2 2 2 2 2 2 2 2 2 2 2 2 2 2 2 2 2 2 2
left_child=3 2 -2 4 21 -4 7 11 -8 -10 16 12 14 -14 19 27 17 -11 -19 -7 29 22 -1 24 25 -24 -5 -16 -3 -12
right_child=1 28 5 26 -6 6 8 -9 9 10 20 -13 13 -15 15 -17 -18 18 -20 -21 -22 -23 23 -25 -26 -27 -28 -29 -30 -31
leaf_value=-15.104941130706244 -14.841317838146574 23.194941039707352 7.8237223350703715 12.306771846251054 -22.47663146287967 17.820237731933595 25.552688629286632 -30.329882887431552 -10.878547897338869 19.63175123214722 -0.37292065954208375 -9.3704703330993659 30.135306892395022 4.0418791904531677 -7.488786033712902 7.3384054018001939 24.666295680999756 13.02568520137242 -8.4925934661518436 0.12215645224959762 11.34786698477609 -16.242985437975989 -12.584641027450562 -16.707998054677791 15.544973162947031 3.2460040260005645 -5.5049745368957517 -22.920389817311214 8.7089647010520661 -13.464173364639283
leaf_weight=35 21 23 150 22 39 25 28 28 35 20 50 36 20 29 26 51 20 21 22 27 21 36 33 22 29 37 20 26 27 21
leaf_count=35 21 23 150 22 39 25 28 28 35 20 50 36 20 29 26 51 20 21 22 27 21 36 33 22 29 37 20 26 27 21
internal_value=0 3.35707 2.46966 -7.47737 -9.53235 3.02383 1.60093 -1.62026 5.22816 2.51822 5.19757 1.7292 3.68797 14.6923 0.209189 -4.04252 11.7188 7.60853 2.01633 8.63085 -0.685744 -6.90304 -4.74766 -1.75176 1.57185 -4.21701 3.82499 -15.2046 15.3725 -4.24498
internal_weight=0 727 677 273 231 656 506 268 238 210 175 240 204 49 155 103 83 63 43 52 92 192 156 121 99 70 42 52 50 71
internal_count=1000 727 677 273 231 656 506 268 238 210 175 240 204 49 155 103 83 63 43 52 92 192 156 121 99 70 42 52 50 71
is_linear=0
shrinkage=0.05


Tree=63
num_leaves=31
num_cat=0
split_feature=4 13 9 9 10 8 7 6 8 7 3 7 13 8 6 6 10 2 6 6 2 8 1 3 6 7 3 5 1 10
split_gain=8.44253e+06 2.56133e+06 2.29419e+06 4.13289e+06 1.95604e+06 2.3753e+06 1.21184e+07 3.82291e+06 2.26961e+06 3.08205e+06 2.07627e+06 1.46675e+06 1.3784e+06 1.34289e+06 1.30765e+06 3.44686e+06 2.93589e+06 1.89954e+06 1.28279e+06 1.2754e+06 1.26705e+06 1.24825e+06 1.51179e+06 1.92166e+06 2.13153e+06 1.08146e+06 1.14639e+06 1.28615e+06 906857 1.46728e+06
threshold=26616.500000000004 37.783333333333346 5.5000000000000009 4.5000000000000009 2.5000000000000004 3.3166666666666669 26.990476190476198 27.683333333333337 4.650000000000003 29.671428571428574 25819.428571428576 25.669047619047621 37.083333333333336 6.2166666666666659 26.150000000000006 25.583333333333336 11.500000000000002 26778.000000000004 31.016666666666669 31.983333333333338 23749.500000000004 3.3833333333333298 25600.500000000004 23850.000000000004 25.250000000000004 25.502380952380957 23344.285714285721 23365.783333333336 29493.000000000004 1.5000000000000002
decision_type=2 2 2 2 2 2 2 2 2 2 2 2 2 2 2 2 2 2 2 2 2 2 2 2 2 2 2 2 2 2
left_child=2 4 3 21 28 6 10 -7 -9 -10 -6 -5 13 -11 15 16 -12 -16 -15 -3 -4 22 23 24 -1 -26 27 -27 29 -2
right_child=1 19 20 11 5 7 -8 8 9 12 14 -13 -14 18 17 -17 -18 -19 -20 -21 -22 -23 -24 -25 25 26 -28 -29 -30 -31
leaf_value=-23.598020188808444 14.750760435288953 19.945143682306465 12.622172886133194 -31.037723291487922 15.790867017663045 22.680341815948488 -34.072024776317456 -9.2601440538678848 17.633895723025002 -5.5674785960804343 -13.479939898284707 -13.418884966108534 -6.7719966937334108 17.678322505950927 2.7522444725036621 16.258477480483776 4.6704788098910024 -18.025479879162528 2.0511002713236315 6.3366572962866892 -2.6084559705522326 6.897638821601868 -17.0049334696361 1.3010357468216509 4.0809143413196916 -4.882617698396956 -0.73319830213274273 -22.181942679665308 -1.1701723880767823 3.9991101972873397
leaf_weight=20 62 33 22 21 23 26 27 35 36 22 37 27 39 24 22 33 56 22 29 36 36 20 28 81 22 21 28 22 25 65
leaf_count=20 62 33 22 21 23 26 27 35 36 22 37 27 39 24 22 33 56 22 29 36 36 20 28 81 22 21 28 22 25 65
internal_value=0 3.73569 -5.9091 -7.72466 2.65757 0.937648 -2.69749 4.72784 2.20478 4.87993 1.6917 -21.1271 0.852362 4.81703 -0.215838 2.37555 -2.55066 -7.63662 9.12758 12.8451 3.16868 -5.06632 -6.14415 -4.57662 -8.7898 -5.60524 -8.60658 -13.7334 7.53444 9.24795
internal_weight=0 652 348 290 583 431 220 211 185 150 193 48 114 75 170 126 93 44 53 69 58 242 222 194 113 93 71 43 152 127
internal_count=1000 652 348 290 583 431 220 211 185 150 193 48 114 75 170 126 93 44 53 69 58 242 222 194 113 93 71 43 152 127
is_linear=0
shrinkage=0.05


Tree=64
num_leaves=31
num_cat=0
split_feature=3 8 7 6 3 9 7 9 9 7 12 12 7 6 10 1 5 7 4 6 0 3 10 4 0 4 7 5 1 2
split_gain=7.70655e+06 2.52507e+06 1.27353e+07 3.55563e+06 2.12424e+06 3.00421e+06 2.18496e+06 2.05996e+06 2.52473e+06 2.0482e+06 3.26091e+06 3.51525e+06 2.73078e+06 3.25657e+06 1.77474e+06 3.33509e+06 1.54479e+06 1.50288e+06 1.40061e+06 1.61543e+06 2.21141e+06 2.76334e+06 1.5368e+06 1.34508e+06 1.32888e+06 2.24286e+06 1.60477e+06 1.37153e+06 1.29919e+06 1.09929e+06
threshold=24759.428571428576 3.3166666666666669 26.990476190476198 27.483333333333338 26119.071428571431 1.5000000000000002 30.050000000000001 5.5000000000000009 4.5000000000000009 22.604761904761911 23.450000000000006 23.083333333333336 25.602380952380958 25.583333333333336 8.5000000000000018 26410.500000000004 26772.400000000005 26.335714285714293 25828.500000000004 25.350000000000001 24704.500000000004 23617.500000000004 7.5000000000000009 30669.500000000004 28307.500000000004 27844.500000000004 31.450000000000003 29051.433333333338 25886.500000000004 23749.500000000004
decision_type=2 2 2 2 2 2 2 2 2 2 2 2 2 2 2 2 2 2 2 2 2 2 2 2 2 2 2 2 2 2
left_child=7 2 9 -3 -5 6 -6 8 18 -2 11 16 -12 -14 17 -16 -11 28 19 -1 21 22 -21 -8 25 -7 27 -26 -15 -9
right_child=1 3 -4 4 5 24 23 29 -10 10 12 -13 13 14 15 -17 -18 -19 -20 20 -22 -23 -24 -25 26 -27 -28 -29 -30 -31
leaf_value=-13.70756399154663 12.592565441131592 26.947997093200684 -33.3224336037269 -10.16921004794893 26.319646057715786 12.7924884223938 2.6250659816405353 11.472504763376145 -20.252678609505679 -10.245352572486516 9.3556321721403837 -25.502435375395279 -15.061019488303893 21.626283220811324 -18.595740212564884 8.0485002994537354 8.7137742432680998 -0.91598898967107145 -15.188339969846936 -11.545598515597257 -15.849621061845259 14.654140196175412 3.2956066015604382 18.966390514373781 21.247186760280442 -6.3900511540472511 -2.2150874104350806 5.7775076602634634 5.8423028096556671 -4.7057130268641876
leaf_weight=35 47 20 26 21 26 20 34 21 39 21 124 21 31 22 23 24 22 36 36 33 22 29 37 20 23 64 32 38 32 21
leaf_count=35 47 20 26 21 26 20 34 21 39 21 124 21 31 22 23 24 22 36 36 33 22 29 37 20 23 64 32 38 32 21
internal_value=0 3.0501 0.594154 6.58568 5.12076 6.37014 14.4111 -6.80251 -8.6545 2.78232 1.48715 -8.73438 3.72748 -0.426627 2.88481 -4.99017 -0.545334 6.99729 -6.29861 -4.24714 -1.51065 1.67579 -3.70096 8.67741 2.73579 -1.82278 6.8532 11.6103 12.2728 3.3834
internal_weight=0 727 429 298 278 257 80 273 231 403 356 64 292 168 137 47 43 90 192 156 121 99 70 54 177 84 93 61 54 42
internal_count=1000 727 429 298 278 257 80 273 231 403 356 64 292 168 137 47 43 90 192 156 121 99 70 54 177 84 93 61 54 42
is_linear=0
shrinkage=0.05


Tree=65
num_leaves=31
num_cat=0
split_feature=5 7 9 9 8 13 8 7 13 1 3 4 5 13 7 6 7 4 5 6 5 0 4 9 5 1 13 6 7 10
split_gain=5.40923e+06 2.72686e+06 3.03179e+06 5.24696e+06 3.13281e+06 2.40288e+06 2.39498e+06 4.79256e+06 2.75997e+06 2.3686e+06 3.71613e+06 4.04023e+06 2.04473e+06 3.78201e+06 2.032e+06 1.90561e+06 5.38383e+06 1.84293e+06 1.78602e+06 2.26861e+06 1.6526e+06 2.67985e+06 2.05648e+06 1.43667e+06 2.25122e+06 1.8425e+06 1.30875e+06 1.23956e+06 1.12484e+06 3.33374e+06
threshold=26827.950000000004 22.604761904761911 4.5000000000000009 5.5000000000000009 2.5833333333333326 29.150000000000006 6.450000000000002 29.821428571428577 35.88333333333334 25820.500000000004 24718.142857142859 25440.500000000004 24725.483333333337 31.416666666666675 31.159523809523815 27.983333333333338 26.990476190476198 24340.000000000004 27713.566666666669 25.683333333333341 24490.76666666667 23814.000000000004 24105.500000000004 4.5000000000000009 26129.250000000004 26868.500000000004 32.983333333333341 30.216666666666672 25.809523809523814 6.5000000000000009
decision_type=2 2 2 2 2 2 2 2 2 2 2 2 2 2 2 2 2 2 2 2 2 2 2 2 2 2 2 2 2 2
left_child=5 -2 6 26 -5 9 7 15 -9 10 11 20 13 17 -8 16 18 -7 -3 -20 21 22 -1 25 -25 28 -4 -28 -14 -30
right_child=1 2 3 4 -6 12 14 8 -10 -11 -12 -13 23 -15 -16 -17 -18 -19 19 -21 -22 -23 -24 24 -26 -27 27 -29 29 -31
leaf_value=-7.9412543564426663 18.131970471324344 14.664824310399718 -24.114987349510194 -9.490409090518952 14.462502354244855 -13.216021885871889 21.734105722109476 -25.190392875671389 0.76269886732101444 -19.869275999069217 12.344370266107413 -26.910583786169692 1.4159303741021592 22.810970007854962 6.8853286469937309 16.685297078556484 -15.897568219048637 3.5808350584480202 9.5091563527177012 -10.393788012591276 7.631233837293542 -22.13396635470183 11.084580302238464 -2.9139210500215231 -23.312649454389302 7.4931016731262208 -0.33920662890781061 -17.322311950084707 1.0446434539907119 -23.007429824829103
leaf_weight=49 33 59 20 20 43 20 36 21 20 32 26 24 44 23 64 36 28 89 41 22 23 23 20 38 21 45 22 21 34 25
leaf_count=49 33 59 20 20 43 20 36 21 20 32 26 24 44 23 64 36 28 89 41 22 23 23 20 38 21 45 22 21 34 25
internal_value=0 4.2556 3.24474 -3.34485 6.8584 -3.02828 5.78385 2.94375 -12.5303 -7.41985 -5.00541 -8.2507 -0.476241 4.38656 12.2309 6.35471 3.87537 0.498843 8.41342 2.55892 -4.35646 -7.35338 -2.42652 -3.57716 -10.1745 -0.947144 -13.5481 -8.63328 -4.63463 -9.14691
internal_weight=0 486 453 126 63 536 327 227 41 197 165 139 339 132 100 186 150 109 122 63 115 92 69 207 59 148 63 43 103 59
internal_count=1022 486 453 126 63 536 327 227 41 197 165 139 339 132 100 186 150 109 122 63 115 92 69 207 59 148 63 43 103 59
is_linear=0
shrinkage=0.05


Tree=66
num_leaves=31
num_cat=0
split_feature=5 7 9 9 8 5 13 1 3 4 5 0 5 1 5 10 7 10 1 5 0 4 10 5 5 6 6 0 6 0
split_gain=4.88183e+06 2.48012e+06 2.76883e+06 4.68979e+06 2.73444e+06 2.23905e+06 2.1686e+06 2.13766e+06 3.3538e+06 3.64631e+06 2.10085e+06 3.53819e+06 1.92462e+06 2.27027e+06 1.52306e+06 2.53992e+06 2.63004e+06 1.58714e+06 1.73028e+06 1.49148e+06 2.41856e+06 1.85597e+06 1.35825e+06 1.68134e+06 2.8713e+06 1.20467e+06 1.14921e+06 1.14215e+06 2.5451e+06 1.08641e+06
threshold=26827.950000000004 22.404761904761909 4.5000000000000009 5.5000000000000009 2.5833333333333326 30266.683333333338 29.150000000000006 25820.500000000004 24718.142857142859 25440.500000000004 29212.116666666672 29901.000000000004 26710.933333333338 27618.000000000004 24725.483333333337 9.5000000000000018 26.297619047619055 8.5000000000000018 24327.000000000004 24490.76666666667 23814.000000000004 24105.500000000004 6.5000000000000009 28481.133333333335 27656.533333333336 26.083333333333336 30.216666666666672 25492.500000000004 26.650000000000006 26608.000000000004
decision_type=2 2 2 2 2 2 2 2 2 2 2 2 2 2 2 2 2 2 2 2 2 2 2 2 2 2 2 2 2 2
left_child=6 -2 5 25 -5 10 7 8 9 19 22 -12 13 14 15 17 -17 18 -8 20 21 -1 23 24 -3 -4 -27 28 -16 -29
right_child=1 2 3 4 -6 -7 12 -9 -10 -11 11 -13 -14 -15 27 16 -18 -19 -20 -21 -22 -23 -24 -25 -26 26 -28 29 -30 -31
leaf_value=-7.5441918832915169 19.066662178589748 5.9602130783987901 -22.799267530441284 -8.2721405792803999 13.739377352248793 19.402993324067861 -7.3169228712717702 -18.875812637805939 11.727151826711802 -25.56505486468474 -12.957827506083996 9.7574880727132172 -15.49849918603897 15.989075244556773 -0.011038053396976355 3.4178400220097722 25.922523918151853 -13.648868262249492 11.478424976348878 7.2496719940848982 -21.027267572154173 10.530351462364198 16.980936033385142 11.983196966350079 -11.23419397261835 -0.27828576927599696 -16.456196807679675 5.4438137564548228 -20.710495090484621 -4.8006250132047219
leaf_weight=49 26 112 20 21 43 27 24 32 26 24 40 30 20 22 33 37 20 23 25 23 23 20 28 64 31 23 21 43 27 65
leaf_count=49 26 112 20 21 43 27 24 32 26 24 40 30 20 22 33 37 20 23 25 23 23 20 28 64 31 23 21 43 27 65
internal_value=0 4.04282 3.19365 -3.05381 6.51685 5.60231 -2.87686 -7.04886 -4.75514 -7.83816 4.38061 -3.22269 -0.452429 0.490898 -0.657115 3.429 11.3142 -2.81347 2.27254 -4.13864 -6.98571 -2.30519 6.64542 5.24738 2.23275 -12.6245 -7.99956 -3.79467 -9.32579 -0.721821
internal_weight=0 486 460 128 64 332 536 197 165 139 305 70 339 319 297 129 57 72 49 115 92 69 235 207 143 64 44 168 60 108
internal_count=1022 486 460 128 64 332 536 197 165 139 305 70 339 319 297 129 57 72 49 115 92 69 235 207 143 64 44 168 60 108
is_linear=0
shrinkage=0.05


Tree=67
num_leaves=31
num_cat=0
split_feature=5 7 13 13 1 3 4 5 1 0 5 1 3 2 2 5 10 7 0 5 5 0 10 9 9 2 5 5 0 5
split_gain=4.40585e+06 2.25835e+06 2.78968e+06 1.95716e+06 1.92924e+06 3.02681e+06 3.29374e+06 1.73697e+06 2.04892e+06 1.68761e+06 2.23087e+06 4.86044e+06 1.94937e+06 3.3177e+06 1.85403e+06 1.37457e+06 2.29228e+06 2.37361e+06 1.5209e+06 2.75988e+06 1.22324e+06 2.10948e+06 1.58721e+06 1.17392e+06 1.43567e+06 2.15692e+06 3.06561e+06 1.68957e+06 1.94788e+06 1.14483e+06
threshold=26827.950000000004 22.604761904761911 29.983333333333338 29.150000000000006 25820.500000000004 24718.142857142859 25582.000000000004 26710.933333333338 27618.000000000004 26001.500000000004 28481.133333333335 28283.500000000004 27585.642857142859 27714.500000000004 26976.500000000004 24725.483333333337 9.5000000000000018 26.297619047619055 25031.500000000004 23345.833333333339 24490.76666666667 23814.000000000004 7.5000000000000009 5.5000000000000009 4.5000000000000009 29209.000000000004 30266.683333333338 29218.666666666672 29791.500000000004 25011.366666666672
decision_type=2 2 2 2 2 2 2 2 2 2 2 2 2 2 2 2 2 2 2 2 2 2 2 2 2 2 2 2 2 2
left_child=3 -2 -3 4 5 6 20 8 15 -4 11 12 13 14 -11 16 18 -18 19 -5 21 22 -1 24 25 -12 27 -27 -29 -17
right_child=1 2 9 7 -6 -7 -8 -9 -10 10 23 -13 -14 -15 -16 29 17 -19 -20 -21 -22 -23 -24 -25 -26 26 -28 28 -30 -31
leaf_value=-10.051272223336357 16.468841790430474 -10.639008274078371 15.691873201830635 6.2716686205430463 -17.932022202014924 11.140794308368976 -25.691033122653053 -14.723574398756028 15.18962150920521 -2.4879296152215256 17.608510012240025 -16.996289784199483 11.676737612485887 -14.92862912210925 13.583817372602576 -10.869269812979351 3.2469481854825406 24.626397833824157 9.0448738765716552 -17.043840065002442 5.6194315719604493 -19.975904522771422 5.0067734020096921 16.303885058632918 -5.8167174844741822 7.4403517908520174 18.432843523555331 -15.919945909358837 3.657176115115484 -1.2597556829452516
leaf_weight=35 33 35 29 22 32 26 21 20 22 38 37 37 47 29 34 41 37 20 20 30 25 23 35 28 25 36 27 27 24 127
leaf_count=35 33 35 29 22 32 26 21 20 22 38 37 37 47 29 34 41 37 20 20 30 25 23 35 28 25 36 27 27 24 127
internal_value=0 3.84068 2.92075 -2.73302 -6.69641 -4.51738 -7.44625 -0.429808 0.466353 4.05614 3.18869 -0.787448 3.26476 -0.649721 5.10151 -0.624259 3.25755 10.7485 -2.67279 -7.17959 -4.1993 -6.83874 -2.52225 6.7945 5.28165 7.11913 3.71468 -0.85303 -6.70718 -3.60493
internal_weight=0 486 453 536 197 165 139 339 319 418 389 185 148 101 72 297 129 57 72 52 118 93 70 204 176 151 114 87 51 168
internal_count=1022 486 453 536 197 165 139 339 319 418 389 185 148 101 72 297 129 57 72 52 118 93 70 204 176 151 114 87 51 168
is_linear=0
shrinkage=0.05


Tree=68
num_leaves=31
num_cat=0
split_feature=0 9 9 13 0 4 7 13 9 9 2 5 9 4 13 5 2 10 8 8 2 7 0 4 2 5 7 2 5 1
split_gain=4.03844e+06 2.42494e+06 2.94247e+06 2.14707e+06 2.83876e+06 2.69738e+06 2.49794e+06 3.90246e+06 2.5666e+06 3.27367e+06 2.61148e+06 2.60152e+06 2.42362e+06 2.77915e+06 2.11819e+06 2.30644e+06 1.68122e+06 1.51397e+06 2.31219e+06 1.44136e+06 1.76393e+06 1.65791e+06 1.39768e+06 1.33135e+06 2.18911e+06 2.09946e+06 1.87434e+06 1.70498e+06 1.62718e+06 1.43701e+06
threshold=27241.500000000004 4.5000000000000009 5.5000000000000009 37.51666666666668 27110.500000000004 28556.000000000004 27.111904761904768 29.683333333333341 5.5000000000000009 4.5000000000000009 26909.500000000004 25307.333333333339 1.0000000180025095e-35 25152.000000000004 33.250000000000007 27229.250000000004 27918.500000000004 5.5000000000000009 2.4833333333333347 1.966666666666667 24966.500000000004 25.521428571428576 25031.500000000004 31123.500000000004 29364.500000000004 27531.000000000004 26.471428571428579 27959.000000000004 29231.433333333338 27030.000000000004
decision_type=2 2 2 2 2 2 2 2 2 2 2 2 2 2 2 2 2 2 2 2 2 2 2 2 2 2 2 2 2 2
left_child=3 17 -3 4 5 6 7 8 9 10 11 19 -9 -14 -8 -16 -4 23 -19 20 21 -1 -15 24 25 29 -26 -27 -28 -2
right_child=1 2 16 -5 -6 -7 14 12 -10 -11 -12 -13 13 22 15 -17 -18 18 -20 -21 -22 -23 -24 -25 26 27 28 -29 -30 -31
leaf_value=3.2244713329351868 11.166729432060606 -10.345115855761938 -6.0107953643798835 13.809674992561341 -20.468856495076963 15.421817071097237 -21.555910911560062 17.19681453704834 5.6506497048317117 -20.38055804692782 -20.773216679150408 13.177100927933404 -14.568445604497738 14.779008003517433 5.4039218599979693 -16.874957888466973 11.898971893442305 3.9931064147215625 21.441511640355394 2.9035049804421362 -18.993943821942363 -10.934475189989264 1.8082792886098227 15.297474331140519 7.7022920781915847 24.836112174987793 -1.038407564163208 7.8291123488119672 -19.864045214111158 -4.5150017579396566
leaf_weight=39 21 56 20 20 22 21 30 31 47 39 22 23 22 27 26 21 38 39 37 43 27 44 90 25 22 20 24 56 22 48
leaf_count=39 21 56 20 20 22 21 30 31 47 39 22 23 22 27 26 21 38 39 37 43 27 44 90 25 22 20 24 56 22 48
internal_value=0 4.07611 -2.17001 -2.29459 -2.85571 -2.15374 -2.84882 -1.4365 -5.02305 -7.13978 -4.53175 -2.50156 4.55514 1.73577 -11.176 -4.55047 5.72319 6.34381 12.4877 -4.85849 -7.89272 -4.28148 4.80152 4.38189 3.10072 6.57196 -4.30118 12.3046 -10.042 0.257699
internal_weight=0 428 114 594 574 552 531 454 284 237 198 176 170 139 77 47 58 314 76 153 110 83 117 238 213 145 68 76 46 69
internal_count=1022 428 114 594 574 552 531 454 284 237 198 176 170 139 77 47 58 314 76 153 110 83 117 238 213 145 68 76 46 69
is_linear=0
shrinkage=0.05


Tree=69
num_leaves=31
num_cat=0
split_feature=0 9 9 13 0 4 7 13 9 9 2 9 4 13 13 8 10 8 1 6 6 4 2 6 7 6 8 0 6 4
split_gain=3.64469e+06 2.1885e+06 2.65558e+06 1.93773e+06 2.56198e+06 2.43438e+06 2.25439e+06 3.52197e+06 2.31636e+06 2.95449e+06 2.35686e+06 2.18732e+06 2.50818e+06 1.91166e+06 1.55464e+06 1.42192e+06 1.36635e+06 2.08675e+06 1.29759e+06 1.38831e+06 1.23658e+06 1.55817e+06 1.53214e+06 1.63827e+06 2.63485e+06 1.31723e+06 1.17104e+06 2.60861e+06 1.68311e+06 1.35089e+06
threshold=27241.500000000004 4.5000000000000009 5.5000000000000009 37.51666666666668 27110.500000000004 28556.000000000004 27.111904761904768 29.683333333333341 5.5000000000000009 4.5000000000000009 26909.500000000004 1.0000000180025095e-35 25152.000000000004 33.250000000000007 32.516666666666673 2.1500000000000026 5.5000000000000009 2.4833333333333347 24361.500000000004 26.250000000000004 23.683333333333337 31123.500000000004 29364.500000000004 27.750000000000004 29.671428571428574 26.483333333333338 1.5166666666666659 23002.500000000004 25.350000000000001 24971.000000000004
decision_type=2 2 2 2 2 2 2 2 2 2 2 2 2 2 2 2 2 2 2 2 2 2 2 2 2 2 2 2 2 2
left_child=3 16 -3 4 5 6 7 8 9 10 15 -9 -13 -8 -4 26 20 -18 -14 -20 -2 22 23 25 -25 -22 27 -1 -29 -28
right_child=1 2 14 -5 -6 -7 13 11 -10 -11 -12 12 18 -15 -16 -17 17 -19 19 -21 21 -23 -24 24 -26 -27 29 28 -30 -31
leaf_value=-15.309231810569765 13.838152747318663 -9.8278599764619567 -5.8465753555297857 13.119191484451296 -19.445412561026487 14.650725927807038 -20.478115235964459 16.336974113218247 5.3681173020220818 -19.361529983618322 -19.734555343877187 -13.84002367366444 13.733973087113482 -4.3229477750494132 11.375770733230993 7.955964781556812 3.7934509558555405 20.369436093923209 5.6055733778784358 -8.1592821854811444 3.9357663181849887 14.53260076904297 -5.1712702658868608 22.582959548950196 2.0812036105564662 -12.14966522872448 -3.2006117544390942 -1.2122739184986462 16.895142526853654 -16.960321321487427
leaf_weight=20 29 56 20 20 22 21 30 31 47 39 22 22 29 47 38 28 39 37 62 26 35 25 62 25 42 20 44 33 21 30
leaf_count=20 29 56 20 20 22 21 30 31 47 39 22 22 29 47 38 28 39 37 62 26 35 25 62 25 42 20 44 33 21 30
internal_value=0 3.87231 -2.06151 -2.17986 -2.71293 -2.04605 -2.70638 -1.36468 -4.7719 -6.78279 -4.30516 4.32738 1.64898 -10.6172 5.43703 -2.37648 6.02662 11.8633 4.56145 1.53868 4.1628 2.82028 1.22894 4.4815 9.73111 -1.91348 -4.33127 0.116329 5.8295 -8.77887
internal_weight=0 428 114 594 574 552 531 454 284 237 198 170 139 77 58 176 314 76 117 88 238 209 184 122 67 55 148 74 54 74
internal_count=1022 428 114 594 574 552 531 454 284 237 198 170 139 77 58 176 314 76 117 88 238 209 184 122 67 55 148 74 54 74
is_linear=0
shrinkage=0.05


Tree=70
num_leaves=31
num_cat=0
split_feature=4 13 7 4 9 9 8 7 6 13 8 6 8 7 13 3 10 0 10 7 10 13 1 13 5 5 0 5 13 0
split_gain=4.08778e+06 2.74905e+06 3.78483e+06 2.88713e+06 1.76622e+06 5.86539e+06 2.04281e+06 2.02289e+06 1.92824e+06 1.75497e+06 1.73622e+06 1.53731e+06 2.68826e+06 2.65273e+06 1.73217e+06 1.42469e+06 5.13192e+06 3.623e+06 1.97877e+06 2.77859e+06 1.42339e+06 3.08091e+06 2.79318e+06 2.16924e+06 1.64258e+06 1.38729e+06 1.29486e+06 1.25507e+06 1.13111e+06 1.08005e+06
threshold=30055.500000000004 27.916666666666675 22.604761904761911 25828.500000000004 5.5000000000000009 4.5000000000000009 1.7000000000000013 26.335714285714293 25.81666666666667 35.850000000000009 1.0499999999999992 30.583333333333339 5.450000000000002 26.359523809523814 38.150000000000006 27893.214285714286 2.5000000000000004 26618.000000000004 6.5000000000000009 25.916666666666671 4.5000000000000009 31.550000000000004 24971.000000000004 29.683333333333341 24407.783333333336 24115.933333333338 26887.000000000004 26883.383333333335 29.250000000000004 30179.500000000004
decision_type=2 2 2 2 2 2 2 2 2 2 2 2 2 2 2 2 2 2 2 2 2 2 2 2 2 2 2 2 2 2
left_child=1 3 -3 25 5 15 -6 -8 10 -9 -7 12 13 -2 29 17 -17 20 27 -20 -4 23 -23 28 -25 -1 -10 -19 -22 -13
right_child=11 2 4 -5 6 8 7 9 26 -11 -12 14 -14 -15 -16 16 -18 18 19 -21 21 22 -24 24 -26 -27 -28 -29 -30 -31
leaf_value=-12.524065823554993 16.817208513720285 14.216238738165963 9.8156335989634211 -26.479151000976561 -4.1062110137939456 -10.681333866119386 20.524397059849331 -5.1356927793759573 -14.280675645308063 14.298099899291993 -31.515331010818485 5.7617573642730715 26.711623548507692 -5.9209375796110741 13.31197807788849 4.5720306634902954 -20.606187692459894 -4.6190362081808205 4.9112678848206999 26.916929620045881 -1.2602588986548096 0.36590167522430422 -23.756965608596801 17.16719272931417 1.5328703948429654 6.0990778636932381 -0.37722090272342457 6.8923145988048651 -11.066388922202879 -9.8270764579772951
leaf_weight=20 29 45 24 20 40 20 28 26 33 21 20 20 25 23 26 50 34 34 32 26 104 20 30 24 56 20 34 78 41 25
leaf_count=20 29 45 24 20 40 20 28 26 33 21 20 20 25 23 26 50 34 34 32 26 104 20 30 24 56 20 34 78 41 25
internal_value=0 -0.636832 0.11911 -10.968 -0.699433 -1.6958 5.01884 9.88554 -12.4114 3.54749 -21.0983 8.34444 13.2378 6.75995 3.0376 0.377566 -5.61915 1.45161 7.27973 14.7759 -1.86204 -2.88119 -14.1078 -0.38638 6.22317 -3.21249 -7.22519 3.3978 -4.03303 -2.89871
internal_weight=0 880 820 60 775 660 115 75 107 47 40 148 77 52 71 553 84 469 170 58 299 275 50 225 80 40 67 112 145 45
internal_count=1028 880 820 60 775 660 115 75 107 47 40 148 77 52 71 553 84 469 170 58 299 275 50 225 80 40 67 112 145 45
is_linear=0
shrinkage=0.05


Tree=71
num_leaves=31
num_cat=0
split_feature=4 13 7 4 13 6 8 7 8 1 5 9 9 7 6 5 6 8 7 7 3 6 8 3 1 1 1 8 10 0
split_gain=3.68922e+06 2.48102e+06 3.41581e+06 2.60564e+06 1.72164e+06 1.38742e+06 2.42615e+06 2.39409e+06 1.57469e+06 1.98117e+06 1.25203e+06 1.20428e+06 5.33281e+06 1.86903e+06 2.7864e+06 2.09724e+06 1.47016e+06 1.56694e+06 1.31693e+06 3.4518e+06 2.58347e+06 2.13662e+06 4.72004e+06 1.92567e+06 1.30331e+06 1.90734e+06 1.70124e+06 1.5213e+06 1.2994e+06 1.29776e+06
threshold=30055.500000000004 27.916666666666675 22.604761904761911 25828.500000000004 37.816666666666677 30.583333333333339 5.450000000000002 26.359523809523814 8.8166666666666718 30100.000000000004 24115.933333333338 5.5000000000000009 4.5000000000000009 27.154761904761905 25.600000000000005 24612.033333333336 25.81666666666667 1.0499999999999992 28.130952380952383 27.273809523809529 26672.357142857149 26.616666666666674 3.1500000000000026 27548.000000000004 26410.500000000004 25767.500000000004 25290.500000000004 1.6000000000000016 9.5000000000000018 27397.500000000004
decision_type=2 2 2 2 2 2 2 2 2 2 2 2 2 2 2 2 2 2 2 2 2 2 2 2 2 2 2 2 2 2
left_child=1 3 -3 10 11 6 7 -2 9 -7 -1 12 18 14 -13 -16 17 -14 19 21 -20 24 -23 -22 25 26 28 -26 -4 -18
right_child=5 2 4 -5 -6 8 -8 -9 -10 -11 -12 13 16 -15 15 -17 29 -19 20 -21 23 22 -24 -25 27 -27 -28 -29 -30 -31
leaf_value=-11.897862422466279 15.976348054820093 13.50542675866021 -3.1226688579904538 -25.155193686485291 9.1805928275698712 10.001384194691976 25.376042263031007 -5.6248905181884767 14.776452512741088 -10.022398290634156 5.7941237831115728 -3.2913697516216951 -10.147267084121705 -7.2540310761024216 3.4123197722434995 24.948604950538051 -12.802599823184131 -29.93956429004669 -19.214895336151123 17.755732329138393 6.683351145340847 -20.573330231507622 6.0430042512955211 -11.093248641967774 1.9630599927902221 -11.323990246984694 13.676271597544352 14.109432716305191 7.7081782433721759 2.7328797912597658
leaf_weight=20 29 45 120 20 42 21 25 23 20 30 20 34 20 29 20 26 41 20 25 29 39 36 31 25 85 36 24 37 36 20
leaf_count=20 29 45 120 20 42 21 25 23 20 30 20 34 20 29 20 26 41 20 25 29 39 36 31 25 85 36 24 37 36 20
internal_value=0 -0.604991 0.113155 -10.4196 -0.664461 7.92722 12.5759 6.42195 2.88572 -1.77731 -3.05187 -1.22857 -2.07561 3.62052 7.56254 15.585 -12.5939 -20.0434 -0.0443466 1.09184 -5.58486 -0.101374 -8.25831 -0.260633 1.51553 -0.817866 1.28336 5.6468 -0.623243 -7.709
internal_weight=0 880 820 60 775 148 77 52 71 51 40 733 624 109 80 46 101 40 523 434 89 405 67 64 338 216 180 122 156 61
internal_count=1028 880 820 60 775 148 77 52 71 51 40 733 624 109 80 46 101 40 523 434 89 405 67 64 338 216 180 122 156 61
is_linear=0
shrinkage=0.05


Tree=72
num_leaves=31
num_cat=0
split_feature=4 13 7 4 13 0 5 9 9 7 7 13 2 2 4 0 0 2 3 8 13 8 0 9 13 8 10 3 8 8
split_gain=3.32952e+06 2.23912e+06 3.08276e+06 2.35159e+06 1.55378e+06 1.34118e+06 1.12995e+06 1.08686e+06 4.81286e+06 1.6868e+06 2.39506e+06 2.02604e+06 1.39949e+06 5.74654e+06 3.34011e+06 2.11406e+06 2.02074e+06 2.66023e+06 2.88138e+06 2.73931e+06 2.37743e+06 1.64649e+06 1.59732e+06 3.38092e+06 1.55992e+06 1.41614e+06 1.35091e+06 1.07879e+06 1.02647e+06 1.13935e+06
threshold=30055.500000000004 27.916666666666675 22.604761904761911 25828.500000000004 37.816666666666677 29612.000000000004 24115.933333333338 5.5000000000000009 4.5000000000000009 27.154761904761905 25.669047619047621 30.450000000000006 28010.500000000004 28260.500000000004 28000.000000000004 27883.000000000004 26618.000000000004 25174.500000000004 24759.428571428576 2.6000000000000019 29.783333333333339 4.3833333333333337 24396.000000000004 2.5000000000000004 29.683333333333341 1.7000000000000013 5.5000000000000009 22905.571428571431 2.7666666666666679 1.7500000000000002
decision_type=2 2 2 2 2 2 2 2 2 2 2 2 2 2 2 2 2 2 2 2 2 2 2 2 2 2 2 2 2 2
left_child=1 3 -3 6 7 -2 -1 8 12 10 -9 -12 14 -14 16 -16 17 18 22 20 -19 -15 24 -24 25 -4 -18 -27 29 -10
right_child=5 2 4 -5 -6 -7 -8 9 28 -11 11 -13 13 21 15 -17 26 19 -20 -21 -22 -23 23 -25 -26 27 -28 -29 -30 -31
leaf_value=-11.30296941280365 13.720178184509278 12.830155431959364 9.1007878076462525 -23.897433457374575 8.7215632018588831 3.8705121150580788 5.5044175624847416 -2.3799957199229134 -9.1912185351337712 -6.8913296041817507 5.215463553120693 26.763104427754879 -28.607129287719729 5.1992542525817607 19.010304528788517 2.5417936748266223 -0.059825447825498361 -12.758250368896284 16.314682780779325 -21.643881327106108 5.0475505983507318 -10.865329814499075 -24.862750403881076 2.7181553707122803 14.319286079406737 2.0315991932153703 12.879153818009716 -13.548100406646729 -4.7285246213277183 -22.140981633735425
leaf_weight=20 55 45 21 20 42 93 20 36 35 29 24 20 21 58 38 40 43 38 26 31 37 22 20 25 20 20 38 25 33 33
leaf_count=20 55 45 21 20 42 93 20 36 35 29 24 20 21 58 38 40 43 38 26 31 37 22 20 25 20 20 38 25 33 33
internal_value=0 -0.574741 0.107497 -9.89866 -0.631238 7.53086 -2.89928 -1.16714 -1.97183 3.43949 7.18442 15.0098 -0.0421293 -5.32901 1.22321 10.5649 -0.894961 -3.02168 1.11027 -9.14165 -3.97406 0.781494 -1.9074 -9.54002 2.08642 -1.62051 6.01031 -6.62379 -11.9642 -15.4757
internal_weight=0 880 820 60 775 148 40 733 624 109 80 44 523 101 422 78 344 263 157 106 75 80 131 45 86 66 81 45 101 68
internal_count=1028 880 820 60 775 148 40 733 624 109 80 44 523 101 422 78 344 263 157 106 75 80 131 45 86 66 81 45 101 68
is_linear=0
shrinkage=0.05


Tree=73
num_leaves=31
num_cat=0
split_feature=4 13 6 8 9 9 6 8 3 10 4 0 2 3 10 10 6 0 9 0 10 13 8 0 6 2 0 0 3 6
split_gain=3.00489e+06 2.0208e+06 2.29324e+06 2.29215e+06 1.46824e+06 4.17904e+06 1.77865e+06 1.61091e+06 1.37497e+06 4.18596e+06 3.0112e+06 3.03864e+06 2.35364e+06 2.66428e+06 2.26525e+06 2.21471e+06 5.5726e+06 1.56678e+06 2.87524e+06 1.46124e+06 1.41624e+06 1.40782e+06 1.27807e+06 1.21041e+06 1.0796e+06 2.33598e+06 1.00409e+06 986591 973605 929354
threshold=30055.500000000004 27.916666666666675 22.850000000000001 1.0499999999999992 5.5000000000000009 4.5000000000000009 25.81666666666667 1.7000000000000013 27893.214285714286 2.5000000000000004 28420.500000000004 26618.000000000004 25174.500000000004 24759.428571428576 6.5000000000000009 8.5000000000000018 25.750000000000004 24396.000000000004 2.5000000000000004 27631.000000000004 10.500000000000002 29.683333333333341 1.7000000000000013 29612.000000000004 30.583333333333339 30327.500000000004 28942.000000000004 26887.000000000004 22905.571428571431 27.850000000000001
decision_type=2 2 2 2 2 2 2 2 2 2 2 2 2 2 2 2 2 2 2 2 2 2 2 2 2 2 2 2 2 2
left_child=1 3 -3 -1 5 8 -7 -6 10 -10 11 12 13 17 -13 -14 -17 21 -19 -12 -16 22 -4 26 -25 -26 -2 -8 -24 -9
right_child=23 2 4 -5 7 6 27 29 9 -11 19 14 15 -15 20 16 -18 18 -20 -21 -22 -23 28 24 25 -27 -28 -29 -30 -31
leaf_value=-20.207892672220865 6.4001302191189353 8.8254729559456102 8.6457488377888989 -0.56395802931352101 -3.6034881125390528 -19.822914740774365 -12.20167736862645 13.240718320141667 4.0586728837754995 -19.186643674794365 22.636652946472168 0.90897573251512986 -2.2376703269341411 15.589145836463343 23.6259289275045 -0.66208698667328936 -32.540352689302885 -23.619612600803379 2.0495960285266239 4.7967320938905083 6.7418547215285134 13.603321866989138 1.9300189447402953 10.611893876620702 -10.202006745338441 9.8787017788205844 19.913913656164098 -0.065567340592251097 -12.870695529937747 1.8115854098879058
leaf_weight=27 28 69 21 33 40 36 33 46 45 34 22 79 68 26 23 29 26 20 24 24 27 20 20 35 30 28 27 34 25 29
leaf_count=27 28 69 21 33 40 36 33 46 45 34 22 79 68 26 23 29 26 20 24 24 27 20 20 35 30 28 27 34 25 29
internal_value=0 -0.546004 0.102122 -9.40373 -0.699358 -1.63944 -10.8593 4.49973 0.142256 -5.94564 1.2016 -0.165686 -3.09977 0.978051 6.18012 -8.27164 -15.7318 -1.94417 -9.61823 13.3289 14.5085 1.98209 -1.53949 7.15432 3.67699 -0.507872 13.0342 -6.04305 -6.2926 8.82145
internal_weight=0 880 820 60 751 636 103 115 533 79 454 408 279 156 129 123 55 130 44 46 50 86 66 148 93 58 55 67 45 75
internal_count=1028 880 820 60 751 636 103 115 533 79 454 408 279 156 129 123 55 130 44 46 50 86 66 148 93 58 55 67 45 75
is_linear=0
shrinkage=0.05


Tree=74
num_leaves=31
num_cat=0
split_feature=13 13 7 4 5 1 13 6 8 0 7 13 13 13 7 8 5 7 7 13 7 13 1 5 13 7 9 3 2 5
split_gain=2.96266e+06 2.10855e+06 2.81041e+06 2.09288e+06 1.87084e+06 2.65459e+06 3.59035e+06 1.90614e+06 1.82331e+06 1.76423e+06 2.0611e+06 5.3954e+06 4.07254e+06 2.40199e+06 2.22098e+06 1.98068e+06 1.79547e+06 1.91184e+06 1.91619e+06 1.30872e+06 2.60466e+06 1.65908e+06 1.28738e+06 3.72681e+06 1.67005e+06 1.28452e+06 1.27103e+06 1.15402e+06 1.1104e+06 1.02862e+06
threshold=38.850000000000009 27.916666666666675 22.604761904761911 25767.500000000004 28481.133333333335 28283.500000000004 32.616666666666674 30.583333333333339 5.8499999999999988 26887.000000000004 27.111904761904768 33.250000000000007 32.45000000000001 31.516666666666669 30.326190476190479 1.0499999999999992 26659.600000000002 26.335714285714293 25.954761904761909 34.750000000000007 26.897619047619052 35.850000000000009 23238.500000000004 23437.416666666668 28.350000000000001 28.37857142857143 2.5000000000000004 27048.21428571429 28997.500000000004 24232.050000000007
decision_type=2 2 2 2 2 2 2 2 2 2 2 2 2 2 2 2 2 2 2 2 2 2 2 2 2 2 2 2 2 2
left_child=1 3 -3 -1 5 9 -7 8 25 10 12 -12 13 16 -13 -11 17 18 22 20 27 -21 23 -4 -24 -6 -20 -17 -9 -26
right_child=-2 2 4 -5 7 6 -8 28 -10 15 11 14 -14 -15 -16 19 -18 -19 26 21 -22 -23 24 -25 29 -27 -28 -29 -30 -31
leaf_value=-1.8281880228142988 19.590367889404298 12.786911001931067 3.174792735038265 -21.20642679387873 8.5008952718032038 -0.41425294876098634 -27.979867503756566 -12.401309127807618 19.338386200092458 -3.9403264924150996 -26.071341915962599 12.170407842553182 21.471316070556639 -18.123354430425735 -9.1595300160921536 13.512757405281068 13.464477203005837 -10.923017860980744 15.559687956741877 -10.347361505925656 26.278431420099167 6.9603117089801358 -13.082088005542756 -22.234345648906853 -4.7264154911041265 -3.0751874215262278 1.2673141561235701 -1.0326865956746043 1.5385779212713242 5.6360623265490126
leaf_weight=38 20 46 31 22 76 27 21 20 27 61 30 23 20 21 26 25 21 47 28 20 21 45 20 27 34 35 35 30 50 81
leaf_count=38 20 46 31 22 76 27 21 20 27 61 30 23 20 21 26 25 21 47 28 20 21 45 20 27 34 35 35 30 50 81
internal_value=0 0.156379 0.731691 -8.93354 0.116901 -1.12973 -12.4742 4.27633 7.68531 -0.286794 -2.04924 -9.37176 -0.464362 -1.736 0.852482 3.58709 -0.673852 -1.65374 0.0480456 6.84363 11.2985 1.63487 -2.42346 -8.6536 0.253194 4.85078 7.61948 5.57888 -2.44425 2.57237
internal_weight=0 1008 948 60 902 694 48 208 138 646 444 79 365 345 49 202 324 303 256 141 76 65 193 58 135 111 63 55 70 115
internal_count=1028 1008 948 60 902 694 48 208 138 646 444 79 365 345 49 202 324 303 256 141 76 65 193 58 135 111 63 55 70 115
is_linear=0
shrinkage=0.05


Tree=75
num_leaves=31
num_cat=0
split_feature=0 7 1 8 8 7 13 5 6 13 1 9 0 8 1 7 6 6 10 7 8 4 5 10 0 6 7 1 0 1
split_gain=2.59118e+06 3.14854e+06 5.85781e+06 2.2788e+06 1.98555e+06 2.58804e+06 3.17153e+06 2.84228e+06 2.04469e+06 3.43816e+06 2.78505e+06 1.88149e+06 1.80609e+06 2.45802e+06 1.61729e+06 1.55516e+06 1.42245e+06 4.62904e+06 1.82602e+06 1.38452e+06 1.31337e+06 1.30641e+06 2.29993e+06 1.28451e+06 1.40816e+06 1.0778e+06 1.30435e+06 1.25692e+06 1.085e+06 1.01646e+06
threshold=28006.500000000004 25.278571428571432 28236.000000000004 2.4166666666666683 1.9500000000000013 27.611904761904768 35.850000000000009 23606.433333333338 26.183333333333341 30.850000000000001 25600.500000000004 1.0000000180025095e-35 22901.000000000004 1.5166666666666659 26838.000000000004 29.907142857142862 26.866666666666671 26.650000000000006 5.5000000000000009 25.826190476190479 1.7000000000000013 30740.500000000004 29051.433333333338 7.5000000000000009 24968.000000000004 24.950000000000006 23.373809523809527 26747.500000000004 26838.000000000004 28794.000000000004
decision_type=2 2 2 2 2 2 2 2 2 2 2 2 2 2 2 2 2 2 2 2 2 2 2 2 2 2 2 2 2 2
left_child=1 11 4 19 8 7 14 -6 9 10 12 -1 -3 -14 -7 -5 17 23 -18 29 -15 22 -17 -9 -25 26 28 -28 -13 -2
right_child=3 2 -4 15 5 6 -8 16 -10 -11 -12 25 13 20 -16 21 18 -19 -20 -21 -22 -23 -24 24 -26 -27 27 -29 -30 -31
leaf_value=14.861864824448862 5.8098192924544927 -13.602692832016363 -29.89876974877857 12.956751241968639 -10.177681914497825 -7.0997377208188972 2.8189777548496542 1.2516081407835538 -21.214200401306154 11.03736140898296 -22.928580768291766 13.260070202567361 8.6503757300345523 -17.362391246448862 -23.104402217158565 7.2294328299728612 1.888631616319929 -17.94173557108099 21.547219657897951 -14.25929340362549 -0.76324350501482308 9.8307331753813703 -11.400152066548666 20.744446394178603 4.0990894338116055 10.528271548335368 -12.274363084400402 2.6705223783850673 -0.56410422861576082 -5.4762564704606405
leaf_weight=31 42 41 21 67 34 38 52 44 22 28 26 22 38 22 27 37 21 22 27 20 26 46 30 27 24 26 34 24 40 38
leaf_count=31 42 41 21 67 34 38 52 44 22 28 26 22 38 22 27 37 21 22 27 20 26 46 30 27 24 26 34 24 40 38
internal_value=0 -2.11286 -4.0098 3.55903 -2.96227 -0.483532 -6.3848 2.98606 -6.8208 -5.07133 -8.01932 3.67443 -4.96703 -0.850031 -13.7478 6.92111 5.69859 2.72505 12.9466 -2.49271 -8.37119 3.34246 -1.11217 7.51104 12.9113 1.29902 -0.700654 -6.09027 4.34125 0.448933
internal_weight=0 717 540 280 519 316 117 199 203 181 153 177 127 86 65 180 165 117 48 100 48 113 67 95 51 146 120 58 62 80
internal_count=997 717 540 280 519 316 117 199 203 181 153 177 127 86 65 180 165 117 48 100 48 113 67 95 51 146 120 58 62 80
is_linear=0
shrinkage=0.05


Tree=76
num_leaves=31
num_cat=0
split_feature=4 7 8 7 9 1 3 7 8 6 6 6 13 13 2 2 0 7 8 6 9 8 5 8 9 2 2 7 1 6
split_gain=2.43153e+06 1.96454e+06 1.92833e+06 2.8612e+06 1.87038e+06 1.79251e+06 2.62578e+06 1.6575e+06 5.3451e+06 2.72047e+06 3.10891e+06 2.16787e+06 3.01814e+06 1.92223e+06 1.74951e+06 2.23596e+06 1.72003e+06 1.3818e+06 1.83173e+06 1.70372e+06 2.03712e+06 2.01124e+06 1.37306e+06 1.66572e+06 1.27842e+06 1.73593e+06 1.77684e+06 1.17991e+06 919782 754747
threshold=30055.500000000004 25.278571428571432 1.9500000000000013 26.430952380952387 1.0000000180025095e-35 29364.500000000004 29535.357142857149 27.154761904761905 3.3166666666666669 26.866666666666671 26.650000000000006 28.183333333333337 36.616666666666674 32.883333333333347 24376.500000000004 22884.500000000004 24836.500000000004 25.916666666666671 1.6000000000000016 25.750000000000004 3.5000000000000004 1.2666666666666677 26956.550000000007 5.583333333333333 5.5000000000000009 27427.500000000004 28260.500000000004 25.988095238095244 30240.000000000004 22.650000000000006
decision_type=2 2 2 2 2 2 2 2 2 2 2 2 2 2 2 2 2 2 2 2 2 2 2 2 2 2 2 2 2 2
left_child=1 4 3 17 -1 -2 -7 9 -9 10 14 -10 22 -11 15 -4 -16 19 -19 20 21 -3 -13 -24 25 29 -27 -18 -8 -6
right_child=5 2 7 -5 24 6 28 8 11 13 -12 12 -14 -15 16 -17 27 18 -20 -21 -22 -23 23 -25 -26 26 -28 -29 -30 -31
leaf_value=13.463737255154236 14.297521216113394 -9.4925543365478529 7.6006290767503835 -24.378506905691964 10.005161876148648 -10.269411296229208 14.193667909077234 -28.768186378479005 9.8490798613604387 24.805924301147463 -17.324523100753627 -20.990045555114747 2.8249907344182335 2.8843145418167118 15.798340725339949 -12.357187206215329 -7.1136450484395031 12.166436987618606 -6.9890450851275379 -17.409729847763526 -12.512457413143583 8.8655020636481208 3.5054373795335945 -15.54182586669922 10.672846589265047 -14.168531500529021 3.8711124465579076 7.5522353172302248 2.8336040384915413 0.32175485448369501
leaf_weight=33 41 25 23 21 27 31 28 20 34 20 24 25 75 20 32 36 24 24 26 33 45 37 22 24 27 39 21 32 49 79
leaf_count=33 41 25 23 21 27 31 28 20 34 20 24 25 75 20 32 36 24 24 26 33 45 37 22 24 27 39 21 32 49 79
internal_value=0 -1.52899 -2.97964 -6.86512 2.46349 5.39675 2.01776 -0.984898 -4.24628 2.10646 -0.639426 -1.52162 -4.1696 13.8451 2.08467 -4.57702 6.55103 -4.92943 2.20559 -7.47766 -4.41449 1.46306 -11.5582 -6.43227 0.582619 -1.05856 -7.85466 1.26686 6.96454 2.78828
internal_weight=0 848 622 211 226 149 108 411 200 211 171 180 146 40 147 59 88 190 50 140 107 62 71 46 193 166 60 56 77 106
internal_count=997 848 622 211 226 149 108 411 200 211 171 180 146 40 147 59 88 190 50 140 107 62 71 46 193 166 60 56 77 106
is_linear=0
shrinkage=0.05


Tree=77
num_leaves=31
num_cat=0
split_feature=0 7 1 8 8 5 8 5 0 7 5 13 1 7 6 6 10 7 8 3 5 7 10 12 9 6 2 10 2 8
split_gain=2.18288e+06 2.59529e+06 5.16645e+06 1.97117e+06 1.71935e+06 2.20835e+06 2.69965e+06 3.03475e+06 2.63838e+06 1.97056e+06 2.68946e+06 2.68068e+06 1.46786e+06 1.40963e+06 1.2742e+06 3.6517e+06 1.57979e+06 1.25547e+06 1.18238e+06 1.14046e+06 1.12541e+06 1.40337e+06 1.1132e+06 1.38639e+06 971514 1.74685e+06 1.33893e+06 951288 887344 789001
threshold=28006.500000000004 25.502380952380957 28236.000000000004 2.4166666666666683 1.9500000000000013 24762.466666666671 1.8166666666666667 23866.216666666671 25003.500000000004 27.611904761904768 23606.433333333338 35.850000000000009 26838.000000000004 29.907142857142862 26.866666666666671 26.650000000000006 5.5000000000000009 25.826190476190479 6.450000000000002 27692.428571428576 29762.833333333336 31.450000000000003 7.5000000000000009 26.216666666666672 4.5000000000000009 23.683333333333337 27446.500000000004 1.5000000000000002 27938.000000000004 2.399999999999999
decision_type=2 2 2 2 2 2 2 2 2 2 2 2 2 2 2 2 2 2 2 2 2 2 2 2 2 2 2 2 2 2
left_child=1 19 4 17 5 6 7 -3 -7 10 -6 12 -11 28 15 22 -16 27 -15 24 21 -20 29 -24 26 -26 -1 -2 -5 -12
right_child=3 2 -4 13 9 8 -8 -9 -10 11 14 -13 -14 18 16 -17 -18 -19 20 -21 -22 -23 23 -25 25 -27 -28 -29 -30 -31
leaf_value=5.7017281815963834 -5.1430422538366081 -9.1038183869542308 -28.247265311649869 20.106473765165912 -11.061457341717137 -29.55197972841561 -19.062798967361452 10.325001670555636 -7.215363619877742 -6.2580687271921258 -6.6673683357238778 2.6393641729194388 -21.505458040590639 -7.7107728756609424 1.5597906112670898 -16.15241404880177 19.844937811957465 -13.558621301651002 8.1121248183711891 13.03152498576952 12.335222419102987 -7.8099619002342227 21.742775411605834 4.7477433645725249 6.0869941147890962 -12.462313338915507 -5.7990385174751289 5.7649982603584853 7.9875747377222241 7.3772132396697998
leaf_weight=121 39 37 21 23 31 20 20 44 39 38 20 52 27 21 21 22 27 20 31 23 36 25 20 30 22 30 32 41 44 20
leaf_count=121 39 37 21 23 31 20 20 44 39 38 20 52 27 21 21 22 27 20 31 23 36 25 20 30 22 30 32 41 44 20
internal_value=0 -1.93128 -3.98536 3.27459 -2.89668 -7.10147 -2.61185 1.45011 -14.7871 -0.712376 2.41778 -5.82228 -12.5916 6.4015 5.02938 2.10832 11.8452 -2.35386 2.99441 2.47416 5.43799 1.00405 6.57205 11.5458 1.28968 -4.61453 3.29634 0.447329 12.1478 0.354922
internal_weight=0 717 489 280 468 160 101 81 59 308 191 117 65 180 160 112 48 100 113 228 92 56 90 50 205 52 153 80 67 40
internal_count=997 717 489 280 468 160 101 81 59 308 191 117 65 180 160 112 48 100 113 228 92 56 90 50 205 52 153 80 67 40
is_linear=0
shrinkage=0.05


Tree=78
num_leaves=31
num_cat=0
split_feature=4 6 1 3 5 13 5 12 6 6 1 0 2 12 7 5 7 2 4 10 7 5 13 4 2 13 12 7 10 13
split_gain=2.08471e+06 1.70658e+06 1.66278e+06 2.36724e+06 1.27183e+06 5.92564e+06 3.59498e+06 1.6948e+06 7.57014e+06 3.71902e+06 1.5752e+06 1.62754e+06 1.61753e+06 1.59717e+06 2.2204e+06 1.47115e+06 1.70892e+06 1.64169e+06 1.27414e+06 3.12889e+06 1.21487e+06 2.58481e+06 1.39508e+06 1.24973e+06 1.19992e+06 1.17102e+06 1.05598e+06 1.12291e+06 921173 833346
threshold=30055.500000000004 22.850000000000001 29364.500000000004 29535.357142857149 24725.483333333337 31.050000000000001 24886.683333333338 27.350000000000001 26.683333333333337 27.650000000000006 26410.500000000004 27471.000000000004 27747.000000000004 25.866666666666671 25.647619047619049 23866.216666666671 25.502380952380957 23367.500000000004 25203.000000000004 7.5000000000000009 29.821428571428577 27438.916666666668 36.38333333333334 28295.000000000004 27554.500000000004 29.583333333333336 21.966666666666672 22.535714285714288 3.5000000000000004 31.833333333333339
decision_type=2 2 2 2 2 2 2 2 2 2 2 2 2 2 2 2 2 2 2 2 2 2 2 2 2 2 2 2 2 2
left_child=1 26 -2 -4 5 15 -6 8 10 -9 13 12 -12 14 -8 16 -3 -17 19 -18 23 22 -22 -11 -13 -19 -1 -28 -5 -26
right_child=2 4 3 28 6 -7 7 9 -10 20 11 24 -14 -15 -16 17 18 25 -20 -21 21 -23 -24 -25 29 -27 27 -29 -30 -31
leaf_value=-3.3070991243634911 13.581282732544876 6.5355863117036366 -9.9123685959846739 14.830852624644406 -21.951572944641114 21.72744726339976 -2.7701516834172337 19.222789325714114 -25.371416669014174 -3.7503787727355959 1.9079646073135674 -10.326236561934154 18.128349109129474 2.6315608501434329 -19.513922826449075 13.03734576885517 -18.055990463495256 2.0120317782125166 -17.463145286806167 6.3500993202472564 -9.3922705628655176 -15.528017841445076 5.8634813024642618 11.386229241689048 -5.9729619598388677 -11.901853222846986 18.479233982346276 3.2615618167100133 2.8820296446482345 5.7811881755527708
leaf_weight=21 41 21 31 23 25 30 44 25 39 25 51 36 22 34 36 26 24 62 31 29 22 36 47 30 25 20 22 27 54 38
leaf_count=21 41 21 31 23 25 30 44 25 39 25 51 36 22 34 36 26 24 62 31 29 22 36 47 30 25 20 22 27 54 38
internal_value=0 -1.40418 5.00865 1.75422 -2.07699 0.922643 -3.43944 -2.53198 -4.70663 1.28834 -1.8887 1.13225 6.7963 -6.44662 -10.3048 -2.00761 -6.22192 2.08963 -9.41129 -4.70171 -1.51392 -4.66719 0.999329 4.50595 -3.04428 -1.3816 6.07366 10.094 6.45116 1.11684
internal_weight=0 848 149 108 778 243 535 510 325 185 286 172 73 114 80 213 105 108 84 53 160 105 69 55 99 82 70 49 77 63
internal_count=997 848 149 108 778 243 535 510 325 185 286 172 73 114 80 213 105 108 84 53 160 105 69 55 99 82 70 49 77 63
is_linear=0
shrinkage=0.05


Tree=79
num_leaves=31
num_cat=0
split_feature=0 7 1 8 6 10 3 1 0 13 0 5 3 0 1 2 7 6 5 13 5 0 13 5 1 5 2 13 0 1
split_gain=1.84457e+06 1.52375e+06 2.72241e+06 3.90982e+06 1.3916e+06 1.27418e+06 1.23856e+06 1.39334e+06 3.05337e+06 2.71709e+06 1.8298e+06 1.33667e+06 1.23406e+06 2.35674e+06 1.46731e+06 1.13429e+06 1.03391e+06 1.721e+06 1.80754e+06 1.00197e+06 990641 3.11426e+06 1.95854e+06 1.09834e+06 1.07125e+06 1.29696e+06 1.70968e+06 989708 943615 816302
threshold=27618.000000000004 25.278571428571432 27631.000000000004 3.3499999999999983 24.950000000000006 11.500000000000002 27222.928571428576 25767.500000000004 26001.500000000004 29.683333333333341 26608.000000000004 23866.216666666671 25344.000000000004 24968.000000000004 23918.500000000004 22884.500000000004 26.430952380952387 26.016666666666669 24743.800000000007 29.683333333333341 27374.683333333338 28006.500000000004 29.81666666666667 28323.466666666671 30100.000000000004 29462.500000000004 29612.000000000004 32.800000000000011 22400.000000000004 27070.500000000004
decision_type=2 2 2 2 2 2 2 2 2 2 2 2 2 2 2 2 2 2 2 2 2 2 2 2 2 2 2 2 2 2
left_child=1 4 6 -4 5 19 7 9 -9 11 -10 15 13 14 -11 28 17 18 -13 -1 -2 -22 -23 27 25 26 -25 -24 -3 -12
right_child=20 2 3 -5 -6 -7 -8 8 10 12 29 16 -14 -15 -16 -17 -18 -19 -20 -21 21 22 23 24 -26 -27 -28 -29 -30 -31
leaf_value=-11.404487539927166 7.0610475280068146 -11.697250482014248 -28.933372632662458 0.24832871393723921 11.584819857776166 5.8991177890814992 8.8513072748978932 -18.887744644360666 7.9257261792818712 7.0548533001461555 -14.039312538146973 2.4595028773598049 -5.4572490351540708 -5.1950605233510343 22.928959449132286 -15.912395536577378 -10.556614432127581 12.191278139444499 -15.545445051193239 0.62019156944460985 -13.957015690880437 -11.689141116823469 -11.045508823394776 10.719404638409614 0.9487402677536011 19.016908660888671 -4.630795090015118 4.6843034452199941 2.9622879442961323 -0.48690115451812749
leaf_weight=30 88 21 24 22 32 51 24 39 30 37 25 46 21 24 24 37 23 26 20 41 31 21 20 60 66 25 26 20 23 20
leaf_count=30 88 21 24 22 32 51 24 39 30 37 25 46 21 24 24 37 23 26 20 41 31 21 20 60 66 25 26 20 23 20
internal_value=0 -2.02975 -3.4031 -14.9769 2.3043 -0.129932 -2.19311 -2.83029 -7.5401 -1.05241 -1.63932 -4.54015 5.39661 8.07815 13.3004 -9.4601 -1.07479 1.29567 -2.99654 -4.46066 2.45606 0.94959 2.89121 4.30221 5.99324 8.99267 6.07865 -3.1806 -4.03431 -8.01602
internal_weight=0 640 486 46 154 122 440 416 114 302 75 196 106 85 61 81 115 92 66 71 357 269 238 217 177 111 86 40 44 45
internal_count=997 640 486 46 154 122 440 416 114 302 75 196 106 85 61 81 115 92 66 71 357 269 238 217 177 111 86 40 44 45
is_linear=0
shrinkage=0.05


Tree=80
num_leaves=31
num_cat=0
split_feature=4 4 3 9 9 0 4 0 0 10 5 7 7 0 5 5 4 7 13 13 0 5 13 2 2 2 2 8 0 5
split_gain=2.66074e+06 3.19118e+06 2.16435e+06 1.55644e+06 1.54311e+06 1.66372e+06 1.52332e+06 1.65431e+06 1.60811e+06 2.01542e+06 1.35922e+06 1.25001e+06 1.80472e+06 1.20653e+06 1.19844e+06 1.13254e+06 1.07823e+06 979147 4.95178e+06 1.28624e+06 1.47002e+06 1.4328e+06 1.03573e+06 1.41936e+06 2.48034e+06 1.0124e+06 1.09127e+06 840568 822584 1.15805e+06
threshold=26616.500000000004 26459.500000000004 25599.285714285717 5.5000000000000009 4.5000000000000009 23680.000000000004 31562.000000000004 25290.500000000004 26507.500000000004 8.5000000000000018 24261.133333333335 25.216666666666672 26.269047619047626 24522.500000000004 25405.26666666667 24699.850000000002 25703.500000000004 26.169047619047621 33.516666666666673 35.750000000000007 29279.500000000004 27551.783333333336 37.350000000000009 27570.500000000004 28895.000000000004 29575.500000000004 27656.000000000004 2.1500000000000026 29364.500000000004 27656.533333333336
decision_type=2 2 2 2 2 2 2 2 2 2 2 2 2 2 2 2 2 2 2 2 2 2 2 2 2 2 2 2 2 2
left_child=1 3 -2 4 11 -6 7 -4 9 -9 -5 -1 15 -14 -10 16 27 28 -19 20 21 -20 23 -21 -25 26 -24 -13 29 -16
right_child=2 -3 6 10 5 -7 -8 8 14 -11 -12 12 13 -15 17 -17 -18 18 19 22 -22 -23 25 24 -26 -27 -28 -29 -30 -31
leaf_value=-12.536151010513306 17.666249947320846 -22.936476502418518 12.748789649350304 -2.8161645629189231 -22.890345916748046 -4.2729283114274343 13.219141172445738 -1.5033745997830443 10.689718247763814 -19.623149272373745 14.38974459966024 -1.064569562394172 -2.0769150861378374 -17.604830906607887 4.4329687262282658 -7.5542433319091806 12.545061137758452 -17.072530895187743 2.1168855303809759 3.5011676817229302 -3.8219290960402716 19.39405074630465 -0.099513187408447279 -22.061184128471044 -0.23696120421091718 -6.4310181570053109 13.502500928681474 10.304423527490526 11.233247062138149 -4.4659368693828583
leaf_weight=25 21 20 28 22 20 30 26 57 32 21 24 72 29 22 136 25 29 42 21 33 21 28 30 23 30 20 29 21 28 50
leaf_count=25 21 20 28 22 20 30 26 57 32 21 24 72 29 22 136 25 29 42 21 33 21 28 30 23 30 20 29 21 28 50
internal_value=0 -3.56216 1.86573 -2.34747 -3.7811 -11.7199 1.35915 0.868914 0.315442 -6.38178 6.16083 -2.0011 -0.67092 -8.77523 1.31426 2.14078 4.12746 0.703235 -1.25931 1.56688 7.24611 11.9896 -0.84249 -4.63927 -9.70785 3.29072 6.58622 1.50262 3.24354 2.04079
internal_weight=0 339 676 319 273 50 655 629 601 78 46 223 198 51 523 147 122 491 277 235 70 49 165 86 53 79 59 93 214 186
internal_count=1015 339 676 319 273 50 655 629 601 78 46 223 198 51 523 147 122 491 277 235 70 49 165 86 53 79 59 93 214 186
is_linear=0
shrinkage=0.05


Tree=81
num_leaves=31
num_cat=0
split_feature=4 4 3 4 3 4 0 0 10 5 7 5 1 5 6 4 4 7 6 3 5 7 1 2 0 12 5 7 3 6
split_gain=2.40132e+06 2.88004e+06 1.95332e+06 1.4737e+06 2.32093e+06 1.3748e+06 1.49302e+06 1.45132e+06 1.81891e+06 1.08159e+06 1.02517e+06 1.41548e+06 1.87426e+06 1.43575e+06 1.68256e+06 1.20552e+06 1.06499e+06 883680 4.05626e+06 1.31377e+06 1.20008e+06 1.59465e+06 1.39756e+06 1.55361e+06 903380 817416 1.80688e+06 1.48782e+06 1.30668e+06 1.0795e+06
threshold=26616.500000000004 26459.500000000004 25599.285714285717 26045.000000000004 25311.071428571431 31562.000000000004 25290.500000000004 26507.500000000004 8.5000000000000018 25405.26666666667 25.216666666666672 23309.133333333335 23091.500000000004 24699.850000000002 25.983333333333338 22722.500000000004 25703.500000000004 26.169047619047621 27.216666666666672 27181.857142857149 27575.050000000003 30.580952380952386 30100.000000000004 29612.000000000004 27606.500000000004 23.450000000000006 28812.700000000001 22.961904761904766 27141.571428571431 24.050000000000001
decision_type=2 2 2 2 2 2 2 2 2 2 2 2 2 2 2 2 2 2 2 2 2 2 2 2 2 2 2 2 2 2
left_child=1 3 -2 10 -5 6 -4 8 -8 -9 -1 12 15 16 -15 -12 -13 25 -19 -20 21 -21 23 -22 -23 27 28 -11 -27 -30
right_child=2 -3 5 4 -6 -7 7 9 -10 17 11 13 -14 14 -16 -17 -18 18 19 20 22 24 -24 -25 -26 26 -28 -29 29 -31
leaf_value=-12.936248667151839 16.782937703813825 -21.78965308189392 12.111350018637522 14.819494323072764 -7.0066500073387523 12.558184287181268 -1.4282059089133616 10.155232058465481 -18.641991933186851 4.2487360694191674 -11.581021693944932 0.15560391520221648 -21.347227005731494 -17.172920421759287 0.86856785501752576 5.7792453193664555 11.649091819763186 -16.143180499321375 9.0532902110706672 -17.458694485255652 10.384322254536515 7.0897015666961671 -6.0649267248205234 -2.7959839211569895 -7.7584567387898762 11.349904904328287 18.654125781492755 -9.4484644860029228 8.8512448083786737 -4.5439626891657996
leaf_weight=27 21 20 28 29 21 26 57 32 21 55 20 104 21 24 28 20 25 39 44 21 59 20 37 36 21 32 22 31 21 53
leaf_count=27 21 20 28 29 21 26 57 32 21 55 20 104 21 24 28 20 25 39 44 21 59 20 37 36 21 32 22 31 21 53
internal_value=0 -3.38405 1.77245 -2.2301 5.65251 1.29119 0.825468 0.29967 -6.06269 1.24855 -3.69526 -2.66425 -9.25127 -0.44431 -7.45827 -2.90089 2.38302 0.668073 -1.19635 1.25292 -0.516231 -6.25429 2.17892 5.38968 -0.515453 3.08136 5.61433 -0.688627 2.90795 -0.74262
internal_weight=0 339 676 319 50 655 629 601 78 523 269 242 61 181 52 40 129 491 277 238 194 62 132 95 41 214 128 86 106 74
internal_count=1015 339 676 319 50 655 629 601 78 523 269 242 61 181 52 40 129 491 277 238 194 62 132 95 41 214 128 86 106 74
is_linear=0
shrinkage=0.05


Tree=82
num_leaves=31
num_cat=0
split_feature=3 13 13 3 4 13 3 3 10 13 8 12 7 13 7 8 0 3 7 0 7 4 4 5 5 12 1 5 0 0
split_gain=2.18408e+06 2.20913e+06 1.96203e+06 1.37116e+06 1.30808e+06 1.28547e+06 1.24724e+06 2.1741e+06 1.57442e+06 1.15425e+06 1.4175e+06 1.05206e+06 2.06797e+06 2.76065e+06 7.96402e+06 3.43148e+06 2.43171e+06 2.69284e+06 2.06161e+06 3.14466e+06 1.72886e+06 1.5367e+06 1.47394e+06 1.40062e+06 1.41619e+06 1.20802e+06 1.1022e+06 937363 895321 846954
threshold=24759.428571428576 28.050000000000001 29.250000000000004 24540.428571428576 31562.000000000004 29.050000000000001 23850.000000000004 23686.000000000004 7.5000000000000009 28.916666666666675 2.2666666666666679 23.450000000000006 25.740476190476194 33.250000000000007 27.611904761904768 2.8666666666666676 25767.500000000004 27760.71428571429 29.359523809523811 26887.000000000004 30.007142857142863 28074.500000000004 30669.500000000004 29077.050000000003 27025.850000000002 23.083333333333336 28097.500000000004 26710.933333333338 22597.000000000004 26252.000000000004
decision_type=2 2 2 2 2 2 2 2 2 2 2 2 2 2 2 2 2 2 2 2 2 2 2 2 2 2 2 2 2 2
left_child=3 -2 5 6 11 29 7 8 28 -8 -11 25 -13 14 15 16 -14 -18 19 -15 -20 -22 23 24 -23 27 -21 -4 -1 -3
right_child=1 2 4 -5 -6 -7 9 -9 -10 10 -12 12 13 18 -16 -17 17 -19 20 26 21 22 -24 -25 -26 -27 -28 -29 -30 -31
leaf_value=-15.892209157943725 -14.573437268393381 13.25976626195691 -7.8215474202519379 -15.274917276700339 11.930275135773879 19.447861159931531 -6.8947898228963211 -17.964745764221465 2.3204799741506577 12.661636554493624 -3.4102024410081948 6.5941192463818767 6.4648561477661133 25.252628547804697 -33.982073731855913 16.629791337793524 -18.941758783658347 3.2662000020345054 -13.668509956028153 -3.128502550125122 11.87800595547866 -12.192968715320935 7.3102480687593161 -15.731175667898995 2.5730400750713969 -14.760231015993202 8.8854731525693627 7.3033062648773202 -3.263705171761103 1.0458615040779113
leaf_weight=25 21 22 21 24 26 22 24 28 72 34 23 134 29 21 22 22 39 21 23 35 27 22 38 21 62 23 42 20 32 40
leaf_count=25 21 22 21 24 26 22 24 28 72 34 23 134 29 21 22 22 39 21 23 35 27 22 38 21 62 23 42 20 32 40
internal_value=0 1.41584 1.87455 -3.88433 0.942539 9.06431 -2.7357 -5.33555 -2.59434 2.30353 6.17651 0.483245 1.17966 -0.531514 -6.49931 -1.05227 -5.42312 -11.169 2.19603 8.10202 -0.802858 0.937789 -1.12785 -4.18163 -1.29425 -5.58862 3.42458 -0.44357 -8.80252 5.37983
internal_weight=0 753 732 262 648 84 238 157 129 81 57 622 558 424 133 111 89 60 291 98 193 170 143 105 84 64 77 41 57 62
internal_count=1015 753 732 262 648 84 238 157 129 81 57 622 558 424 133 111 89 60 291 98 193 170 143 105 84 64 77 41 57 62
is_linear=0
shrinkage=0.05


Tree=83
num_leaves=31
num_cat=0
split_feature=9 9 4 2 6 13 13 1 5 5 4 4 6 7 5 13 5 3 4 2 13 9 6 8 4 7 13 3 2 1
split_gain=2.13768e+06 5.2975e+06 2.23925e+06 3.33033e+06 2.71925e+06 1.99112e+06 2.46057e+06 1.53988e+06 1.39138e+06 3.78903e+06 1.29868e+06 1.48805e+06 1.10234e+06 1.09002e+06 1.36685e+06 1.4943e+06 1.41492e+06 2.00059e+06 1.01272e+06 1.27425e+06 3.25406e+06 1.41279e+06 1.16116e+06 2.08177e+06 1.23536e+06 1.53422e+06 1.26703e+06 983941 802742 532018
threshold=5.5000000000000009 4.5000000000000009 26616.500000000004 26090.000000000004 26.750000000000004 30.183333333333337 29.31666666666667 25981.500000000004 27399.933333333338 29136.916666666668 28289.000000000004 28916.500000000004 25.850000000000001 25.216666666666672 24699.850000000002 29.683333333333341 23866.216666666671 23344.285714285721 27508.500000000004 27446.500000000004 28.750000000000004 1.5000000000000002 25.600000000000005 2.6000000000000019 30720.500000000004 29.416666666666668 37.45000000000001 24354.642857142859 28260.500000000004 26573.000000000004
decision_type=2 2 2 2 2 2 2 2 2 2 2 2 2 2 2 2 2 2 2 2 2 2 2 2 2 2 2 2 2 2
left_child=1 2 4 29 13 6 27 12 -7 -10 -9 -12 -3 -1 15 16 17 -15 -5 21 -21 -20 28 -24 25 -25 -27 -2 -22 -4
right_child=5 7 3 18 -6 8 -8 10 9 -11 11 -13 -14 14 -16 -17 -18 -19 19 20 22 -23 23 24 -26 26 -28 -29 -30 -31
leaf_value=-10.566681600190126 -1.6861046218872069 -23.700222030969769 10.132787495000024 -6.2680205950370205 -16.880649449748379 16.883077568231627 -14.662291804226962 0.011690322592930527 -10.337544614618475 19.354975618634906 -22.042428417205812 -4.7584051652388144 -8.8401638348897293 0.90471988131360315 -8.482930988584247 11.5245092691694 5.9900716568742487 -18.384163603782653 16.427781476645634 -18.907415747642517 2.0463957537545099 3.1563899443699768 -12.318565537134807 6.08920871257782 9.7692960861401694 -12.883358015552645 0.99764106137411945 13.997809306383132 11.599815262195676 20.277744452158611
leaf_weight=26 20 26 28 39 31 43 22 49 22 21 20 33 24 41 35 35 49 20 29 20 45 65 30 50 39 31 35 20 43 24
leaf_count=26 20 26 28 39 31 43 22 49 22 21 20 33 24 41 35 35 49 20 29 20 45 65 30 50 39 31 35 20 43 24
internal_value=0 -0.902716 0.899326 2.86961 -3.07449 5.59908 -1.23123 -9.37943 10.5233 4.16345 -5.85591 -11.2807 -16.5674 -0.996868 0.385439 2.52608 -0.337057 -5.4195 1.41148 2.18538 0.56031 7.25076 1.98652 -0.26249 2.07094 -0.517295 -5.52222 6.15585 6.71454 14.8151
internal_weight=0 867 715 478 237 148 62 152 86 43 102 53 50 206 180 145 110 61 426 387 293 94 273 185 155 116 66 40 88 52
internal_count=1015 867 715 478 237 148 62 152 86 43 102 53 50 206 180 145 110 61 426 387 293 94 273 185 155 116 66 40 88 52
is_linear=0
shrinkage=0.05


Tree=84
num_leaves=31
num_cat=0
split_feature=3 13 3 2 7 4 3 5 5 5 4 0 3 1 3 3 13 13 3 4 6 7 3 7 8 13 7 1 0 2
split_gain=1.78278e+06 2.0231e+06 1.92316e+06 1.42643e+06 1.00234e+06 1.05214e+06 895851 1.78087e+06 1.26211e+06 4.47456e+06 1.9601e+06 1.53604e+06 2.15506e+06 877929 1.21602e+06 1.17119e+06 1.36031e+06 2.87963e+06 1.34789e+06 2.07718e+06 1.41753e+06 1.31667e+06 1.26855e+06 1.16636e+06 913804 854568 1.72622e+06 782493 1.01236e+06 879990
threshold=23850.000000000004 27.950000000000006 23686.000000000004 22400.000000000004 22.604761904761911 31562.000000000004 24120.500000000004 23777.383333333335 24699.850000000002 24886.683333333338 26146.500000000004 25718.500000000004 25967.285714285717 25767.500000000004 26349.785714285721 26771.357142857149 29.366666666666671 29.983333333333338 27566.357142857149 28304.500000000004 30.283333333333335 31.559523809523814 29812.214285714286 25.954761904761909 2.6000000000000019 36.38333333333334 26.335714285714293 27519.500000000004 28006.500000000004 28010.500000000004
decision_type=2 2 2 2 2 2 2 2 2 2 2 2 2 2 2 2 2 2 2 2 2 2 2 2 2 2 2 2 2 2
left_child=2 -2 3 -1 -3 6 -6 -8 10 -10 -9 12 -11 -13 24 23 -17 -18 19 25 -21 22 27 -16 -15 26 -19 -20 -29 -30
right_child=1 4 -4 -5 5 -7 7 8 9 11 -12 13 -14 14 15 16 17 18 21 20 -22 -23 -24 -25 -26 -27 -28 28 29 -31
leaf_value=-9.8446630841209792 -12.530129305521648 8.3906074136495601 -16.733654451370239 1.3756835586723239 10.549425049261615 10.836940325223484 -14.041122363862536 1.5369473819732669 -23.250668756961826 0.80209846496582038 19.44627264846455 8.0662898925042921 18.825346106070061 -0.83207878947258007 0.7314605413542058 10.642886513710023 -18.967048741470684 3.0624176397919656 11.251766033172608 -23.364464235305789 -4.5394365882873542 -7.339718293442445 14.083607389529547 16.792149517536163 -15.445494503560276 8.5326373963128965 -12.68379100390843 -6.1657523682713515 10.283111167723135 0.6524883983158829
leaf_weight=42 27 48 28 87 22 26 21 50 20 43 22 31 27 20 26 25 22 46 20 20 20 34 24 20 23 21 28 40 31 101
leaf_count=42 27 48 28 87 22 26 21 50 20 43 22 31 27 20 26 25 22 46 20 20 20 34 24 20 23 21 28 40 31 101
internal_value=0 0.939444 -4.85563 -2.27745 1.37708 0.947136 0.60746 0.309877 0.731965 0.0279718 7.00924 0.776481 7.75392 -0.108339 -0.594738 0.129769 -0.67785 -1.37323 -0.367866 -4.39383 -13.952 1.80616 3.24579 7.71437 -8.64856 -0.369364 -2.89561 1.89106 0.802603 2.91423
internal_weight=0 858 157 129 831 783 757 735 714 642 72 622 70 552 521 478 432 407 385 135 40 250 216 46 43 95 74 192 172 132
internal_count=1015 858 157 129 831 783 757 735 714 642 72 622 70 552 521 478 432 407 385 135 40 250 216 46 43 95 74 192 172 132
is_linear=0
shrinkage=0.05


Tree=85
num_leaves=31
num_cat=0
split_feature=13 7 6 7 2 13 9 7 6 9 9 2 3 5 1 1 1 0 3 5 3 9 2 6 1 1 1 5 10 3
split_gain=2.36753e+06 2.43734e+06 3.06274e+06 2.6663e+06 2.51622e+06 1.75062e+06 1.58674e+06 1.58325e+06 1.74108e+06 1.34942e+06 1.34011e+06 1.80034e+06 1.84667e+06 1.35023e+06 1.78499e+06 1.5139e+06 1.98282e+06 2.96072e+06 1.94483e+06 1.33055e+06 1.71324e+06 1.63014e+06 1.29067e+06 1.52732e+06 1.25032e+06 1.06514e+06 1.56259e+06 1.77381e+06 818735 1.56604e+06
threshold=30.416666666666675 26.335714285714293 26.016666666666669 22.995238095238097 24197.500000000004 29.183333333333337 5.5000000000000009 26.026190476190482 28.333333333333336 1.5000000000000002 4.5000000000000009 25174.500000000004 24374.571428571431 30266.683333333338 30100.000000000004 28037.500000000004 25290.500000000004 26062.000000000004 27911.785714285721 26301.566666666669 27322.785714285721 5.5000000000000009 28294.500000000004 26.116666666666674 28307.500000000004 23238.500000000004 23953.500000000004 24329.850000000002 5.5000000000000009 27062.714285714286
decision_type=2 2 2 2 2 2 2 2 2 2 2 2 2 2 2 2 2 2 2 2 2 2 2 2 2 2 2 2 2 2
left_child=1 2 3 9 -4 -3 10 -8 -9 -1 11 12 -2 14 15 16 -13 -18 28 21 -21 25 24 -24 -17 -5 -27 -28 -19 -30
right_child=6 5 4 19 -6 -7 7 8 -10 -11 -12 13 -14 -15 -16 22 17 18 -20 20 -22 -23 23 -25 -26 26 27 -29 29 -31
leaf_value=15.853395902542841 0.12862020492553713 -3.1901185635862679 0.86253921856751326 -11.126996840238572 21.396324008941651 -20.418018329143525 -3.4149653506278996 22.956918716430664 5.8762857488683755 1.061174169902144 -4.7528995653251549 12.453226309237273 20.174107113590949 12.46222078704834 -13.02709136631178 21.880792007446288 -18.723403299771824 -0.88695158406001762 -14.11039924621582 -23.772635105678017 -4.0196703599846888 6.6962388161690001 13.913530201911925 -2.0749444735252252 4.787100196532581 7.6011076980166967 -19.214844837188721 -2.0902674105859571 17.35255313146682 -1.9572214654513769
leaf_weight=21 20 29 37 60 25 30 20 25 37 58 77 23 27 25 23 20 26 82 22 21 23 31 20 59 23 27 20 62 21 21
leaf_count=21 20 29 37 60 25 30 20 25 37 58 77 23 27 25 23 20 26 82 22 21 23 31 20 59 23 27 20 62 21 21
internal_value=0 -2.4868 -1.03659 -2.99043 9.14229 -11.9501 2.3811 8.81764 12.7636 4.99328 1.30176 2.43333 11.6441 1.24729 0.422658 1.39851 -1.33457 -3.17829 -0.409978 -5.57532 -13.4472 -3.8435 5.76695 1.97277 12.7377 -5.77682 -2.83178 -6.26699 2.02074 7.69767
internal_weight=0 444 385 323 62 59 571 82 62 79 489 412 47 365 340 317 195 172 146 244 44 200 122 79 43 169 109 82 124 42
internal_count=1015 444 385 323 62 59 571 82 62 79 489 412 47 365 340 317 195 172 146 244 44 200 122 79 43 169 109 82 124 42
is_linear=0
shrinkage=0.05


Tree=86
num_leaves=31
num_cat=0
split_feature=13 7 6 7 3 0 8 13 9 13 7 2 6 2 9 9 0 8 4 1 4 1 2 9 6 2 1 8 4 4
split_gain=2.2719e+06 4.45819e+06 3.86433e+06 2.05544e+06 1.4039e+06 1.37532e+06 1.32942e+06 2.06812e+06 1.50502e+06 2.14916e+06 1.31546e+06 1.46917e+06 3.3002e+06 2.77252e+06 2.17879e+06 1.97462e+06 1.9927e+06 1.89437e+06 1.49304e+06 2.30738e+06 2.02114e+06 1.33268e+06 1.3308e+06 1.12995e+06 1.09047e+06 1.05712e+06 1.83436e+06 904722 981277 884108
threshold=33.516666666666673 28.05714285714286 27.31666666666667 29.359523809523811 28679.71428571429 29332.500000000004 6.1833333333333345 36.050000000000011 2.5000000000000004 37.583333333333343 22.995238095238097 27236.000000000004 26.116666666666674 27647.000000000004 5.5000000000000009 4.5000000000000009 25886.500000000004 0.28333333333333505 26616.500000000004 25886.500000000004 26025.500000000004 24971.000000000004 26594.000000000004 1.5000000000000002 25.250000000000004 23777.500000000004 25208.000000000004 2.2833333333333354 23890.000000000004 30658.000000000004
decision_type=2 2 2 2 2 2 2 2 2 2 2 2 2 2 2 2 2 2 2 2 2 2 2 2 2 2 2 2 2 2
left_child=1 2 5 4 -2 10 -5 -8 29 -10 23 14 13 -13 15 18 -17 -15 20 -20 21 24 -21 -1 -12 -16 -27 28 -26 -9
right_child=3 -3 -4 6 -6 -7 7 8 9 -11 11 12 -14 17 25 16 -18 -19 19 22 -22 -23 -24 -25 27 26 -28 -29 -30 -31
leaf_value=14.276110994248164 13.651330661082614 -21.670199386890118 19.132659514745079 -7.003446217945644 1.1125175808415269 8.9777525901794437 17.621160670689175 2.6086024628129119 -11.727603388995661 3.9364664432850294 -10.929617797174762 -17.590983106471874 -26.064841556549073 -8.6382479874293008 16.196984724564985 -15.498412096734141 2.8020769936697825 7.582310499880049 18.741615366935729 5.4615063047409063 -13.195909175872803 9.4826382539890428 -10.706561634540558 0.53411571245927081 -6.0568339347839357 -8.1557923603057869 13.258927023410799 -9.1935214498768687 5.3360809659201003 15.124697912307013
leaf_weight=21 69 26 24 42 33 31 21 43 41 47 31 27 20 30 22 51 21 45 22 35 40 27 20 52 27 20 20 23 63 21
leaf_count=21 69 26 24 42 33 31 21 43 41 47 31 27 20 30 22 51 21 45 22 35 40 27 20 52 27 20 20 23 63 21
internal_value=0 -1.35506 -0.56906 3.74929 9.59466 -1.29875 0.976141 2.91338 0.881386 -3.36157 -1.81508 -2.6608 -7.49342 -3.85196 -1.26369 -2.75465 -10.1608 1.09409 -0.90312 5.05633 -3.07789 -0.711107 -0.417791 4.48729 -2.62243 7.39349 2.55157 -0.343473 1.91821 6.71545
internal_weight=0 698 672 317 102 648 215 173 152 88 617 544 122 102 422 360 72 75 288 77 211 171 55 73 144 62 40 113 90 64
internal_count=1015 698 672 317 102 648 215 173 152 88 617 544 122 102 422 360 72 75 288 77 211 171 55 73 144 62 40 113 90 64
is_linear=0
shrinkage=0.05


Tree=87
num_leaves=31
num_cat=0
split_feature=13 7 6 7 6 12 4 4 13 10 2 4 9 9 0 0 0 0 12 2 5 5 3 4 2 0 4 0 3 7
split_gain=2.05039e+06 4.02352e+06 3.48755e+06 1.85503e+06 1.32879e+06 4.84736e+06 1.28463e+06 1.6219e+06 2.76436e+06 1.58136e+06 1.87984e+06 1.62441e+06 1.332e+06 2.49933e+06 1.7325e+06 1.32936e+06 1.38236e+06 2.0757e+06 1.28177e+06 1.27454e+06 1.25858e+06 1.9674e+06 1.89801e+06 1.24123e+06 1.21553e+06 1.14827e+06 946655 759251 797743 2.39304e+06
threshold=33.516666666666673 28.05714285714286 27.31666666666667 29.359523809523811 26.650000000000006 26.716666666666672 28000.000000000004 27752.500000000004 30.683333333333337 7.5000000000000009 27609.500000000004 28312.500000000004 5.5000000000000009 4.5000000000000009 25003.500000000004 24568.500000000004 23309.500000000004 24008.500000000004 29.583333333333336 22851.000000000004 29462.500000000004 29212.116666666672 30229.500000000004 29578.000000000004 23777.500000000004 25767.500000000004 28252.000000000004 29332.500000000004 28901.285714285721 23.769047619047623
decision_type=2 2 2 2 2 2 2 2 2 2 2 2 2 2 2 2 2 2 2 2 2 2 2 2 2 2 2 2 2 2
left_child=1 2 4 18 6 -6 7 12 -9 10 -8 -11 13 14 15 16 19 -18 23 -1 21 -5 -22 26 -14 -16 -2 28 29 -12
right_child=3 -3 -4 20 5 -7 9 8 -10 11 27 -13 24 -15 25 -17 17 -19 -20 -21 22 -23 -24 -25 -26 -27 -28 -29 -30 -31
leaf_value=3.0728898048400879 4.4630610965765447 -20.586689398838924 18.176026773452758 1.2068141377775383 -27.309274871576402 4.4691271828753605 -13.074667043271274 -20.559247562803073 3.2608572778247651 18.449716321911133 17.040308074951174 1.2611978460241247 16.052133007049559 -11.688142850524502 12.128534102439881 -14.830640788511799 12.471050987821638 -6.4190505697177009 20.46416357636452 -10.80090339159479 18.871630217812278 -13.761689303471492 -1.0829182258019081 -1.5434715055650281 0.60013292585100453 1.0273459772268931 18.089875991821291 9.7624551015240826 -7.8853608079931963 -5.0070434167981155
leaf_weight=25 26 26 24 141 21 28 23 29 21 28 20 27 20 57 36 22 33 26 20 49 22 26 26 31 35 66 25 28 22 32
leaf_count=25 26 26 24 141 21 28 23 29 21 28 20 27 20 57 36 22 33 26 20 49 22 26 26 31 35 66 25 28 22 32
internal_value=0 -1.28731 -0.540607 3.56183 -1.23382 -9.15019 -0.586232 -2.10389 -10.5548 2.94655 -0.162126 10.0117 -0.958785 -2.21605 -0.115232 -3.44546 -1.5622 4.1466 9.11492 -6.11381 0.927334 -1.12361 8.06292 6.34682 6.21904 4.94541 11.1429 2.74953 0.0959842 3.47271
internal_weight=0 698 672 317 648 49 599 419 50 180 125 55 369 314 257 155 133 59 102 74 215 167 48 82 55 102 51 102 74 52
internal_count=1015 698 672 317 648 49 599 419 50 180 125 55 369 314 257 155 133 59 102 74 215 167 48 82 55 102 51 102 74 52
is_linear=0
shrinkage=0.05


Tree=88
num_leaves=31
num_cat=0
split_feature=13 7 6 2 7 13 9 7 6 9 2 9 2 3 4 3 3 3 9 6 7 10 13 7 7 2 7 8 2 6
split_gain=1.86319e+06 2.13375e+06 2.70714e+06 2.17804e+06 2.10187e+06 1.50785e+06 1.42917e+06 1.41624e+06 1.49726e+06 1.27767e+06 2.17991e+06 1.11086e+06 881991 1.96234e+06 1.08838e+06 928181 1.05485e+06 864418 755946 981838 1.9768e+06 2.52508e+06 2.00189e+06 1.49795e+06 1.45242e+06 1.43019e+06 986867 739624 729140 665571
threshold=30.416666666666675 26.335714285714293 26.016666666666669 24197.500000000004 22.995238095238097 29.250000000000004 5.5000000000000009 26.026190476190482 28.333333333333336 1.0000000180025095e-35 27959.000000000004 1.5000000000000002 23234.000000000004 23850.000000000004 23003.500000000004 26697.428571428576 26349.785714285721 25002.642857142859 4.5000000000000009 25.850000000000001 26.388095238095243 6.5000000000000009 33.183333333333344 29.395238095238103 30.050000000000001 28075.500000000004 30.640476190476196 6.8166666666666673 24062.500000000004 31.716666666666672
decision_type=2 2 2 2 2 2 2 2 2 2 2 2 2 2 2 2 2 2 2 2 2 2 2 2 2 2 2 2 2 2
left_child=1 2 4 -4 11 -3 9 -8 -9 10 -2 -1 14 28 -6 16 17 -15 19 -11 -21 22 -22 25 -25 -24 -26 -28 -14 -29
right_child=6 5 3 -5 12 -7 7 8 -10 18 -12 -13 13 15 -16 -17 -18 -19 -20 20 21 -23 23 24 26 -27 27 29 -30 -31
leaf_value=14.248376142411004 14.898958349227906 -3.4712454776610095 1.0097780478967202 20.113935024261476 -9.1321846723556526 -19.47844400405884 -3.3560419237613681 21.398141532897952 5.5585686915629617 6.0265441036025686 -1.7244183041547474 0.82725868389524271 -9.5832123756408691 0.90419476962671053 4.4883410215377806 -10.471057927914156 8.5822329271407352 -9.713594727052584 -4.5061835821572833 -11.706602560071385 -15.613755483627319 16.557021486759187 16.792118446350099 -13.928982216971262 9.8907630985433403 0.47306800710743868 -10.397174229621889 7.1905157640576363 -22.922811816987537 -3.3922565148426935
leaf_weight=21 41 31 37 25 22 28 20 25 37 75 38 58 20 41 44 39 21 36 77 34 20 24 25 21 22 29 20 24 21 39
leaf_count=21 41 31 37 25 22 28 20 25 37 75 38 58 20 41 44 39 21 36 77 34 20 24 25 21 22 29 20 24 21 39
internal_value=0 -2.21357 -0.856673 8.71307 -2.69359 -11.0679 2.10482 8.21341 11.9455 1.08048 6.9029 4.3949 -4.98863 -6.81913 -0.0518342 -3.94717 -1.35092 -4.05997 -0.0414035 0.990993 -0.47283 1.2323 -0.606671 1.06078 -1.92525 8.02818 0.475502 -2.02011 -16.4157 0.639276
internal_weight=0 444 385 62 323 59 571 82 62 489 79 79 244 178 66 137 98 77 410 333 258 224 200 180 126 54 105 83 41 63
internal_count=1015 444 385 62 323 59 571 82 62 489 79 79 244 178 66 137 98 77 410 333 258 224 200 180 126 54 105 83 41 63
is_linear=0
shrinkage=0.05


Tree=89
num_leaves=31
num_cat=0
split_feature=13 7 6 7 6 8 0 5 7 4 5 10 8 4 13 0 1 9 9 1 7 0 8 4 8 6 4 6 13 1
split_gain=1.75257e+06 3.54424e+06 3.09614e+06 1.54523e+06 1.1894e+06 4.25651e+06 1.13878e+06 1.13545e+06 1.81691e+06 1.70684e+06 1.70196e+06 1.14332e+06 1.12377e+06 1.06754e+06 1.04198e+06 1.01643e+06 1.44491e+06 1.61857e+06 1.86843e+06 1.1122e+06 1.07267e+06 944040 937851 1.49592e+06 1.35951e+06 1.0295e+06 2.397e+06 1.14084e+06 1.47589e+06 2.44426e+06
threshold=33.516666666666673 28.05714285714286 27.31666666666667 29.359523809523811 26.650000000000006 2.7333333333333329 29332.500000000004 29462.500000000004 29.954761904761906 28074.500000000004 30384.083333333336 4.5000000000000009 5.583333333333333 29578.000000000004 36.483333333333341 28709.500000000004 27986.000000000004 5.5000000000000009 4.5000000000000009 25845.000000000004 25.669047619047621 28260.500000000004 1.9500000000000013 24879.500000000004 2.3833333333333298 25.750000000000004 26011.500000000004 25.416666666666675 29.216666666666672 23953.500000000004
decision_type=2 2 2 2 2 2 2 2 2 2 2 2 2 2 2 2 2 2 2 2 2 2 2 2 2 2 2 2 2 2
left_child=1 2 4 12 6 -6 15 8 -5 -10 -9 -11 13 -2 -13 16 17 18 22 -20 -19 -18 25 -24 -25 27 -27 28 29 -1
right_child=3 -3 -4 7 5 -7 -8 10 9 11 -12 14 -14 -15 -16 -17 21 20 19 -21 -22 -23 23 24 -26 26 -28 -29 -30 -31
leaf_value=1.9828953711191812 10.212199569215962 -19.308636492949265 17.140737978617349 -14.453593899986963 -25.653553269590653 4.1251705544335504 9.1304845481083312 18.336775870550248 12.852064189910889 2.5453366457576485 -0.64222745542173032 -15.461346734653819 18.982956447601321 -1.5531026040354083 -0.80237195933306671 -10.684485683074364 13.321185656970947 0.035043767392635344 -15.376712890078384 -2.5823398918941103 12.316899991035463 0.20037206044563882 -8.4133996620064693 11.6292677524242 -3.4307235761122272 1.525824466773442 -19.353886973416365 6.1122827139767741 1.1554095004941081 -17.222357570802842
leaf_weight=30 51 26 24 22 21 28 29 21 25 71 27 22 20 31 27 26 29 40 41 29 32 26 21 47 22 28 27 44 91 37
leaf_count=30 51 26 24 22 21 28 29 21 25 71 27 22 20 31 27 26 29 40 41 29 32 26 21 47 22 28 27 44 91 37
internal_value=0 -1.19515 -0.494334 3.288 -1.14748 -8.63714 -0.534809 0.883535 -1.0645 0.966944 7.66109 -1.50912 8.35623 5.76434 -7.38395 -1.02655 -0.564959 -1.42917 -2.62447 -10.0762 5.49365 7.11862 -1.12124 3.27131 6.82753 -2.65949 -8.72422 -1.00821 -2.99113 -8.62299
internal_weight=0 698 672 317 648 49 599 215 167 145 48 120 102 82 49 570 544 489 417 70 72 55 347 90 69 257 55 202 158 67
internal_count=1015 698 672 317 648 49 599 215 167 145 48 120 102 82 49 570 544 489 417 70 72 55 347 90 69 257 55 202 158 67
is_linear=0
shrinkage=0.05


Tree=90
num_leaves=31
num_cat=0
split_feature=2 2 0 9 10 5 2 3 2 3 1 10 5 10 8 8 6 4 7 8 5 0 4 5 0 2 10 6 2 9
split_gain=1.60495e+06 1.36505e+06 3.78766e+06 2.49988e+06 2.11596e+06 3.01685e+06 1.53473e+06 1.0744e+06 2.04035e+06 1.9648e+06 3.88822e+06 5.20966e+06 1.22938e+06 1.12827e+06 2.62346e+06 1.53897e+06 2.40857e+06 1.14897e+06 1.00871e+06 2.27246e+06 1.13976e+06 971263 1.66884e+06 2.18058e+06 1.05407e+06 880656 1.23473e+06 1.5572e+06 1.45675e+06 1.02918e+06
threshold=28331.500000000004 28010.500000000004 27273.500000000004 1.0000000180025095e-35 9.5000000000000018 25719.783333333336 27890.500000000004 23133.642857142859 24966.500000000004 25778.928571428576 24157.000000000004 8.5000000000000018 23437.416666666668 6.5000000000000009 1.9833333333333345 5.6166666666666716 26.916666666666675 28239.000000000004 26.190476190476193 3.3166666666666669 28226.800000000007 27656.000000000004 30740.500000000004 29212.116666666672 30728.500000000004 24776.000000000004 8.5000000000000018 27.216666666666672 23642.500000000004 2.5000000000000004
decision_type=2 2 2 2 2 2 2 2 2 2 2 2 2 2 2 2 2 2 2 2 2 2 2 2 2 2 2 2 2 2
left_child=1 3 -3 4 5 -1 7 12 25 10 -10 -12 -5 15 17 16 -11 -15 20 -20 -2 -21 23 -23 -24 26 27 28 -9 -28
right_child=18 2 -4 6 -6 -7 -8 8 9 13 11 -13 -14 14 -16 -17 -18 -19 19 21 -22 22 24 -25 -26 -27 29 -29 -30 -31
leaf_value=-8.2757789475577219 1.0274293347641275 -25.686635289873397 0.21942257881164551 -3.6465853352016873 18.660623154816804 12.201788031088341 11.159342488375579 0.34433271234685725 1.049796045148695 -2.2929884866873422 -3.5702875750405449 -38.789532559258596 -18.297656890324184 -7.0770401303276973 13.171046457688014 1.3302829197224451 -18.5132869517481 6.9520228242874147 -12.427001943588259 14.17219425201416 14.538334167325822 6.3070173803965259 17.561259623936245 -12.602460384368896 2.6252648565504288 11.973190238259056 14.534673566921899 9.1088998794555671 -14.879178490539392 2.2761933675452846
leaf_weight=35 27 21 43 45 27 37 22 33 37 60 21 21 21 54 36 68 37 20 25 20 37 30 21 31 27 22 23 20 30 67
leaf_count=35 27 21 43 45 27 37 22 33 37 60 21 21 21 54 36 68 37 20 25 20 37 30 21 31 27 22 23 20 30 67
internal_value=0 -1.27698 -8.281 -0.667935 6.72374 2.24742 -1.81672 -2.2809 -1.5563 -3.81861 -10.7685 -21.1799 -8.30829 -1.82209 2.10035 -4.43704 -8.48011 -3.2854 3.56253 1.36995 8.83842 4.04377 2.18535 -3.30272 9.15976 2.55066 1.35242 -3.0462 -6.90496 5.40892
internal_weight=0 800 64 736 99 72 637 615 549 354 79 42 66 275 110 165 97 74 218 154 64 129 109 61 48 195 173 83 63 90
internal_count=1018 800 64 736 99 72 637 615 549 354 79 42 66 275 110 165 97 74 218 154 64 129 109 61 48 195 173 83 63 90
is_linear=0
shrinkage=0.05


Tree=91
num_leaves=31
num_cat=0
split_feature=2 2 8 9 10 5 2 6 13 13 3 2 3 1 10 5 2 1 2 13 1 2 2 2 7 6 0 0 3 0
split_gain=1.45359e+06 2.25775e+06 3.61577e+06 2.25615e+06 1.90966e+06 2.72547e+06 1.3851e+06 1.30815e+06 2.27658e+06 1.2696e+06 969643 1.84141e+06 1.77323e+06 3.50912e+06 4.70172e+06 1.10952e+06 1.02318e+06 1.73681e+06 1.71204e+06 2.02802e+06 1.03838e+06 944321 830442 1.03153e+06 1.65212e+06 3.18185e+06 1.48919e+06 1.12887e+06 890954 813231
threshold=28236.000000000004 28010.500000000004 3.8499999999999983 1.0000000180025095e-35 9.5000000000000018 25801.133333333335 27890.500000000004 26.083333333333336 33.95000000000001 35.683333333333337 23133.642857142859 24966.500000000004 25778.928571428576 24157.000000000004 8.5000000000000018 23437.416666666668 27236.000000000004 27758.500000000004 26976.500000000004 29.416666666666675 27296.000000000004 26649.500000000004 22482.500000000004 24776.000000000004 25.826190476190479 26.81666666666667 24189.000000000004 25290.500000000004 24374.571428571431 27159.500000000004
decision_type=2 2 2 2 2 2 2 2 2 2 2 2 2 2 2 2 2 2 2 2 2 2 2 2 2 2 2 2 2 2
left_child=1 3 -3 4 5 -1 10 -2 -9 -10 15 22 13 -13 -15 -5 18 20 19 -14 -18 29 -12 24 26 28 -24 -28 -26 -21
right_child=7 2 -4 6 -6 -7 -8 8 9 -11 11 12 16 14 -16 -17 17 -19 -20 21 -22 -23 23 -25 25 -27 27 -29 -30 -31
leaf_value=-7.5929712990919755 8.6484155915578196 -27.223898869469053 2.1171566236586798 -3.4642559687296548 17.727592136241771 11.863059878349304 10.601374925266613 -10.84392606791328 12.158987179669467 0.82011705390652834 11.573081740466032 0.99730630694208922 11.240555026133855 -3.3917732216063001 -36.850056085132415 -17.382774380275183 -5.5875995336543944 -14.962121014034048 10.103816960953377 -7.4007365226745607 7.8216024442152552 -11.881443173957594 14.44466607835558 11.374530566822401 -22.090219113826752 6.268673865000407 -6.9959186465651904 8.460913494655065 -7.6606673572374433 2.5564420917759776
leaf_weight=36 75 21 21 45 27 36 22 34 33 98 22 37 24 21 21 21 42 34 37 37 22 33 27 22 20 33 27 21 23 46
leaf_count=36 75 21 21 45 27 36 22 34 33 98 22 37 24 21 21 21 42 34 37 37 22 33 27 22 20 33 27 21 23 46
internal_value=0 -1.27797 -12.5534 -0.634538 6.38756 2.13504 -1.72588 3.17315 0.684391 3.67647 -2.16686 -1.47849 -3.62768 -10.2301 -20.1209 -7.89288 -1.73098 -5.82976 0.538396 -1.98961 -0.978186 -4.72688 2.42312 1.25955 -0.21416 -5.40965 5.0506 -0.233555 -14.3721 -1.8823
internal_weight=0 778 42 736 99 72 637 240 165 131 615 549 354 79 42 66 275 98 177 140 64 116 195 173 151 76 75 48 43 83
internal_count=1018 778 42 736 99 72 637 240 165 131 615 549 354 79 42 66 275 98 177 140 64 116 195 173 151 76 75 48 43 83
is_linear=0
shrinkage=0.05


Tree=92
num_leaves=31
num_cat=0
split_feature=13 6 2 13 2 2 2 9 10 5 9 8 8 3 8 2 6 9 2 2 13 13 8 6 13 6 12 0 12 6
split_gain=1.37052e+06 1.29757e+06 1.20602e+06 1.21746e+06 1.21075e+06 2.53577e+06 1.55668e+06 1.29874e+06 1.75536e+06 1.64127e+06 1.28493e+06 1.19391e+06 2.18613e+06 2.90299e+06 2.39485e+06 2.16096e+06 2.5395e+06 1.96802e+06 1.82889e+06 2.07144e+06 1.61785e+06 1.40192e+06 1.42129e+06 1.2468e+06 1.17233e+06 1.99577e+06 1.14292e+06 1.10656e+06 1.00564e+06 869522
threshold=38.150000000000006 22.916666666666675 28497.500000000004 36.583333333333343 28010.500000000004 28116.500000000004 27890.500000000004 1.0000000180025095e-35 9.5000000000000018 25719.783333333336 2.5000000000000004 1.9500000000000013 2.6000000000000019 23686.000000000004 2.8666666666666676 24966.500000000004 24.983333333333338 4.5000000000000009 26594.000000000004 25824.000000000004 28.916666666666675 32.800000000000011 4.650000000000003 26.216666666666672 34.216666666666676 26.083333333333336 23.450000000000006 25031.500000000004 22.183333333333337 31.350000000000001
decision_type=2 2 2 2 2 2 2 2 2 2 2 2 2 2 2 2 2 2 2 2 2 2 2 2 2 2 2 2 2 2
left_child=1 28 4 24 6 -6 7 8 9 -3 -7 15 13 -13 -14 20 26 23 19 -18 -9 -16 -23 -15 25 -4 -17 -22 -1 -24
right_child=-2 2 3 -5 5 10 -8 11 -10 -11 -12 12 14 17 21 16 18 -19 -20 -21 27 22 29 -25 -26 -27 -28 -29 -30 -31
leaf_value=-2.3312602255079482 7.6901040994204015 -7.4823414857046942 7.8679574796494025 -4.9647327491870294 -22.361820602416994 4.7957838798391412 12.007545393989201 -5.0430765029995941 16.465622774759929 8.6024979180303127 -11.678027786016465 -9.3837218955711084 -19.423909169977364 9.3972743620191306 6.4037982977353609 -10.084557479858399 -21.107281307740646 -0.66531008904980071 -27.614469234148665 0.84698872566223149 15.366229811906814 -12.177699567079545 3.0735706641123848 25.04680842638016 11.595112803777059 -8.6387744712829591 4.2842892716969212 0.28116324947726345 9.5625369999271168 -8.6019271353016737
leaf_weight=27 52 35 47 39 22 29 21 86 21 29 20 27 22 35 39 25 22 31 24 21 20 40 52 20 45 30 31 31 52 23
leaf_count=27 52 35 47 39 22 29 21 86 21 29 20 27 22 35 39 25 22 31 24 21 20 40 52 20 45 30 31 31 52 23
internal_value=0 -0.642812 -1.1897 2.72538 -2.05792 -8.25976 -1.38566 -1.82928 3.92198 -0.193899 -1.92822 -2.71973 -0.508127 4.91908 -3.99264 -5.17802 -9.98879 9.40949 -16.557 -10.3854 -0.858861 -1.78817 -4.56632 15.088 5.1837 1.43676 -2.13037 6.19688 5.49757 -0.506915
internal_weight=0 966 887 161 726 71 655 634 85 64 49 549 289 113 176 260 123 86 67 43 137 154 115 55 122 77 56 51 79 75
internal_count=1018 966 887 161 726 71 655 634 85 64 49 549 289 113 176 260 123 86 67 43 137 154 115 55 122 77 56 51 79 75
is_linear=0
shrinkage=0.05


Tree=93
num_leaves=31
num_cat=0
split_feature=4 5 9 9 0 3 3 8 6 8 6 8 4 13 10 7 6 13 13 5 3 4 5 5 9 8 10 6 4 3
split_gain=1.2391e+06 1.51906e+06 1.18821e+06 1.50084e+06 1.44964e+06 1.02317e+06 2.34267e+06 1.24992e+06 1.82121e+06 2.35476e+06 2.46477e+06 2.94853e+06 1.55715e+06 1.30216e+06 1.80698e+06 1.5305e+06 1.09937e+06 1.09581e+06 979866 1.01955e+06 1.29603e+06 1.17947e+06 804910 917276 706593 989240 702638 1.27398e+06 956206 678562
threshold=28677.000000000004 27656.533333333336 5.5000000000000009 4.5000000000000009 27519.500000000004 27536.428571428576 27385.785714285717 6.2166666666666659 28.283333333333339 3.4833333333333347 26.683333333333337 2.7500000000000004 28088.000000000004 30.850000000000001 10.500000000000002 26.335714285714293 31.183333333333337 30.216666666666672 28.350000000000001 23365.783333333336 23766.21428571429 26011.500000000004 27452.150000000005 27242.750000000004 2.5000000000000004 1.2500000000000002 2.5000000000000004 30.016666666666669 30740.500000000004 25114.928571428576
decision_type=2 2 2 2 2 2 2 2 2 2 2 2 2 2 2 2 2 2 2 2 2 2 2 2 2 2 2 2 2 2
left_child=1 5 3 4 -2 6 7 8 9 10 12 -12 13 15 -15 17 -9 18 24 -20 -21 -22 23 -7 -1 -26 -6 -28 -29 -23
right_child=2 -3 -4 -5 26 22 -8 16 -10 -11 11 -13 -14 14 -16 -17 -18 -19 19 20 21 29 -24 -25 25 -27 27 28 -30 -31
leaf_value=0.36772005203607921 15.117575645446777 -11.122502961674252 11.763430503755808 -7.1969675494403376 5.879561910405755 7.3244828198637286 -14.761898757565408 15.283106736703353 -15.118870066559834 11.422143183527766 -26.995567038059235 -2.6657494776176685 9.378527540773959 -3.0424385962947724 14.171096572875976 -12.915168020129205 0.22580395451298468 -10.23377209827304 8.6909149952423874 -9.6973260180155449 8.181946412299542 -8.8024965246518452 13.219317922138032 -6.6954719448089612 -1.0252543325009553 -15.019934533323562 -8.7318230124080891 -2.1420469129085542 9.4539225190877918 1.0773091853611054
leaf_weight=37 23 37 32 41 64 28 31 22 23 37 20 33 37 31 30 32 27 32 39 30 47 24 21 20 23 28 34 40 32 63
leaf_count=37 23 37 32 41 64 28 31 22 23 37 20 33 37 31 30 32 27 32 39 30 47 24 21 20 23 28 34 40 32 63
internal_value=0 -1.24379 2.72674 1.49095 3.33657 -0.732583 -1.35074 -0.674731 -1.33796 -0.754237 -1.6446 -11.8468 -0.450968 -1.32523 5.42323 -2.48482 6.98623 -1.45147 -0.485723 1.42457 -0.303401 1.79972 5.05481 1.48284 -4.89242 -8.70861 1.74267 -0.755079 3.01172 -1.64815
internal_weight=0 752 266 234 193 715 646 615 566 543 506 53 453 416 61 355 49 323 291 203 164 134 69 48 88 51 170 106 72 87
internal_count=1018 752 266 234 193 715 646 615 566 543 506 53 453 416 61 355 49 323 291 203 164 134 69 48 88 51 170 106 72 87
is_linear=0
shrinkage=0.05


Tree=94
num_leaves=31
num_cat=0
split_feature=13 7 5 1 8 7 4 6 6 5 8 8 5 4 4 5 4 13 13 5 5 3 4 13 4 2 5 9 5 4
split_gain=1.18369e+06 1.30232e+06 1.20007e+06 1.29517e+06 811053 3.84838e+06 1.42203e+06 1.26108e+06 985338 1.94599e+06 994694 1.01232e+06 955792 957765 992202 1.46221e+06 1.23996e+06 1.54339e+06 1.14032e+06 951554 862062 2.17188e+06 1.01665e+06 814455 909386 810546 1.16984e+06 738230 1.26721e+06 1.07182e+06
threshold=38.150000000000006 23.711904761904766 27452.150000000005 26347.000000000004 3.3166666666666669 27.154761904761905 29832.000000000004 27.650000000000006 26.616666666666674 24842.833333333336 1.0499999999999992 1.2500000000000002 29611.700000000001 30245.000000000004 28420.500000000004 27362.26666666667 27277.000000000004 36.38333333333334 36.216666666666676 30558.566666666669 27656.533333333336 26577.642857142859 28064.000000000004 30.716666666666672 25845.500000000004 27471.000000000004 26772.400000000005 5.5000000000000009 24725.483333333337 25703.500000000004
decision_type=2 2 2 2 2 2 2 2 2 2 2 2 2 2 2 2 2 2 2 2 2 2 2 2 2 2 2 2 2 2
left_child=1 2 3 -1 5 6 8 -6 10 -10 23 -12 13 14 15 16 -9 -18 -16 -14 21 27 -23 24 -3 26 -5 28 29 -13
right_child=-2 4 -4 25 7 -7 -8 12 9 -11 11 20 19 -15 18 -17 17 -19 -20 -21 -22 22 -24 -25 -26 -27 -28 -29 -30 -31
leaf_value=11.918702966516669 7.1525589172656723 -2.5151680334950939 12.107416767232559 -4.9591293663814149 8.9656188662459222 -21.216125143032809 10.647583718921828 9.1515173890373926 3.5851634411584765 -15.773387906130623 10.914740343093873 -3.0380805381273821 14.233951122760772 -12.053988066173737 10.381302748006933 -16.085243668556213 -11.782271287020516 4.2299528563464133 -2.0033387207403415 -1.0049646797634306 -9.7947882543007552 1.7797508120536805 16.904078460693359 1.0202467284092565 -13.860693749001152 -9.2358719615936291 10.14068354394125 5.37510946393013 -9.0326586044440837 5.890523334259683
leaf_weight=22 52 33 34 29 41 26 23 22 21 34 20 118 20 21 34 20 34 27 41 21 24 20 25 32 38 25 23 32 59 47
leaf_count=22 52 33 34 29 41 26 23 22 21 34 20 118 20 21 34 20 34 27 41 21 24 20 25 32 38 25 23 32 59 47
internal_value=0 -0.591563 4.00292 1.21955 -1.32513 -2.43829 -1.51011 0.861562 -2.06603 -8.38194 -1.29063 -0.00331999 -0.522882 -1.95511 -0.763666 -3.94913 -1.02476 -4.69489 3.61103 6.42865 -0.675201 0.0519426 10.1822 -5.60251 -8.58742 -1.83735 1.71963 -1.72876 -2.7436 -0.494781
internal_weight=0 966 133 99 833 552 526 281 503 55 448 345 240 199 178 103 83 61 75 41 325 301 45 103 71 77 52 256 224 165
internal_count=1018 966 133 99 833 552 526 281 503 55 448 345 240 199 178 103 83 61 75 41 325 301 45 103 71 77 52 256 224 165
is_linear=0
shrinkage=0.05


Tree=95
num_leaves=31
num_cat=0
split_feature=13 10 2 3 3 9 2 13 4 2 4 13 6 13 4 13 2 2 8 5 6 0 9 9 3 4 8 0 13 7
split_gain=1.08291e+06 1.39943e+06 1.68901e+06 3.01598e+06 2.94356e+06 3.17524e+06 1.8394e+06 1.6395e+06 1.37377e+06 1.32614e+06 1.42885e+06 1.33715e+06 2.75356e+06 1.70136e+06 2.60096e+06 1.36966e+06 1.50544e+06 1.30141e+06 1.2188e+06 3.29393e+06 1.18444e+06 907614 1.57952e+06 1.565e+06 1.47641e+06 1.34598e+06 988171 899248 757449 755626
threshold=37.350000000000009 2.5000000000000004 28010.500000000004 27678.785714285717 27322.785714285721 4.5000000000000009 28168.000000000004 36.416666666666679 28005.000000000004 24907.500000000004 26045.000000000004 33.250000000000007 26.683333333333337 30.483333333333338 27642.500000000004 28.916666666666675 25890.500000000004 26877.500000000004 5.7333333333333334 29266.900000000005 31.983333333333338 24396.000000000004 2.5000000000000004 2.5000000000000004 22905.571428571431 24182.500000000004 1.966666666666667 23814.000000000004 28.916666666666675 28.021428571428576
decision_type=2 2 2 2 2 2 2 2 2 2 2 2 2 2 2 2 2 2 2 2 2 2 2 2 2 2 2 2 2 2
left_child=1 28 3 4 8 -6 -4 18 9 10 21 12 13 14 15 -11 -17 -13 19 29 -2 22 25 -23 -24 -3 -25 -26 -1 -8
right_child=20 2 6 -5 5 -7 7 -9 -10 11 -12 17 -14 -15 -16 16 -18 -19 -20 -21 -22 23 24 26 27 -27 -28 -29 -30 -31
leaf_value=-5.0124459873546252 9.0094037752775922 1.7747408176723281 -20.189025045576553 14.75194467113864 -1.6601851844787596 -28.388973062634467 10.470048016504874 -14.924125548645302 8.2352636185559369 4.8105459610621137 9.4374432584513794 -4.4409312038194564 -21.332030034065248 5.0944352584415018 -19.981090602168333 -15.938543962549282 0.21074707661905598 13.161876860119049 10.009413452148438 -20.007149748368697 -1.991934740766883 -16.7800265789032 -11.010749471187593 -6.2123854061652874 7.9795716345310215 16.375375034190991 8.0293325923738035 -4.5392127642264732 4.982341729724495 -2.175930690765381
leaf_weight=22 63 38 21 31 25 20 21 27 44 39 46 21 24 45 27 27 31 21 20 22 40 20 32 29 32 27 21 26 137 27
leaf_count=22 63 38 21 31 25 20 21 27 44 39 46 21 24 45 27 27 31 21 20 22 40 20 32 29 32 27 21 26 137 27
internal_value=0 -0.668269 -1.55644 -0.452636 -1.24481 -13.5396 -6.56354 -4.11794 -0.238867 -0.975748 1.40788 -3.72453 -5.48396 -3.23335 -6.25553 -2.43501 -7.30703 4.36047 -0.876091 -3.98623 4.73704 -0.233714 1.90037 -4.9592 -2.38908 7.83962 -0.230864 2.3677 3.59942 3.35668
internal_weight=0 923 764 626 595 45 138 117 550 506 271 235 193 169 124 97 58 42 90 70 103 225 155 70 90 65 50 58 159 48
internal_count=1026 923 764 626 595 45 138 117 550 506 271 235 193 169 124 97 58 42 90 70 103 225 155 70 90 65 50 58 159 48
is_linear=0
shrinkage=0.05


Tree=96
num_leaves=31
num_cat=0
split_feature=9 9 3 2 10 4 6 13 8 2 3 0 0 5 0 9 4 4 6 5 1 8 6 8 5 5 2 13 13 5
split_gain=1.02397e+06 2.12888e+06 1.48461e+06 4.32547e+06 1.23657e+06 1.2042e+06 1.78739e+06 1.19733e+06 1.16285e+06 709536 1.59425e+06 1.69001e+06 1.31185e+06 1.37174e+06 1.15326e+06 1.08321e+06 1.04324e+06 1.00984e+06 1.4889e+06 896709 742391 957875 2.58207e+06 5.09767e+06 1.1603e+06 1.10613e+06 1.12783e+06 1.97827e+06 944548 871430
threshold=5.5000000000000009 4.5000000000000009 27536.428571428576 27058.500000000004 3.5000000000000004 28307.500000000004 26.416666666666671 30.583333333333339 1.5499999999999992 24907.500000000004 24759.428571428576 24396.000000000004 24396.000000000004 24892.533333333336 24946.500000000004 2.5000000000000004 26616.500000000004 24551.500000000004 25.516666666666669 25285.500000000004 25845.000000000004 5.7500000000000027 26.850000000000001 3.3166666666666669 29196.016666666674 25907.400000000005 27471.000000000004 29.100000000000005 36.350000000000009 29121.633333333335
decision_type=2 2 2 2 2 2 2 2 2 2 2 2 2 2 2 2 2 2 2 2 2 2 2 2 2 2 2 2 2 2
left_child=1 9 3 7 -3 6 -6 8 -2 10 11 17 13 -11 -14 -13 -16 18 -1 -18 -21 22 25 -24 -25 -22 -27 -28 -23 -30
right_child=2 4 -4 -5 5 -7 -8 -9 -10 12 -12 15 14 -15 16 -17 19 -19 -20 20 21 28 23 24 -26 26 27 -29 29 -31
leaf_value=-9.5307373133572675 9.6986061790715112 1.7811921187809536 10.83941728144276 -17.807942018508911 -11.00555261143467 -18.652015457153322 5.0298270645141603 14.622190793355308 -5.7354083354656513 -15.67044890522957 13.138401222229005 -15.793030462265016 11.681974111284529 0.27867226600646972 -8.8670050360939729 -0.55765288557325099 9.9614168327787667 12.550883279527937 5.8598615438287913 8.358526841799419 -9.990935012272427 11.278833464475779 -31.851525154113769 2.9503725979063251 -11.624576924063945 8.532449080992718 -13.283742111921311 2.9309677033588808 4.4930557808232683 -4.5590630256611373
leaf_weight=22 23 35 49 25 57 25 25 27 26 28 32 20 21 26 33 28 23 28 55 24 21 26 20 36 22 49 24 87 63 46
leaf_count=22 23 35 49 25 57 25 25 27 26 28 32 20 21 26 33 28 23 28 55 24 21 26 20 36 22 49 24 87 63 46
internal_value=0 -0.772982 3.69786 0.233148 -6.37697 -9.04553 -6.11672 6.16772 1.50913 0.311168 2.98916 0.866444 -0.591252 -7.99124 0.21602 -6.90573 -0.291966 4.41944 1.46255 0.349704 -0.17917 -0.699233 -2.47912 -10.0841 -2.57806 0.798148 2.21421 -0.574915 2.71552 0.672896
internal_weight=0 876 150 101 142 107 82 76 49 734 185 153 549 54 495 48 474 105 77 441 418 394 259 78 58 181 160 111 135 109
internal_count=1026 876 150 101 142 107 82 76 49 734 185 153 549 54 495 48 474 105 77 441 418 394 259 78 58 181 160 111 135 109
is_linear=0
shrinkage=0.05


Tree=97
num_leaves=31
num_cat=0
split_feature=13 10 2 3 3 9 1 8 5 10 2 1 3 2 8 6 7 4 4 8 8 3 3 9 3 9 0 13 4 5
split_gain=948223 1.20972e+06 1.46609e+06 2.66859e+06 2.61351e+06 2.78796e+06 1.68064e+06 4.06962e+06 1.25765e+06 2.09033e+06 1.14591e+06 1.25644e+06 1.28964e+06 1.06356e+06 1.51892e+06 1.01366e+06 887020 753696 1.08814e+06 2.53752e+06 1.21961e+06 916739 1.40505e+06 1.49028e+06 1.15224e+06 1.04953e+06 752299 1.17814e+06 844418 728972
threshold=37.350000000000009 2.5000000000000004 28010.500000000004 27678.785714285717 27322.785714285721 4.5000000000000009 27519.500000000004 3.5833333333333326 26858.51666666667 5.5000000000000009 27373.500000000004 27519.500000000004 26771.357142857149 29901.000000000004 5.583333333333333 31.983333333333338 27.783333333333339 27626.500000000004 26530.500000000004 2.6500000000000026 1.8499999999999981 23850.000000000004 23686.000000000004 1.5000000000000002 22905.571428571431 3.5000000000000004 24809.500000000004 29.283333333333339 26136.500000000004 28148.000000000004
decision_type=2 2 2 2 2 2 2 2 2 2 2 2 2 2 2 2 2 2 2 2 2 2 2 2 2 2 2 2 2 2
left_child=1 29 3 4 8 -6 16 -8 10 -10 11 12 17 14 -9 -2 -4 18 21 20 -20 22 23 -3 -25 -26 27 -23 -28 -1
right_child=15 2 6 -5 5 -7 7 13 9 -11 -12 -13 -14 -15 -16 -17 -18 -19 19 -21 -22 26 -24 24 25 -27 28 -29 -30 -31
leaf_value=0.34424930208184751 8.3892154167568886 8.8452389352461864 9.1583545836535372 13.883597497017153 -1.6173166389465334 -26.663071770668029 -29.829580520614982 -0.043788696470714754 -1.1594621976216635 17.660603751659394 -12.781221923828125 9.9104302936130111 -11.788624067659732 2.2712324092785519 -18.843447839130057 -1.7881172354519368 -5.3907065773010254 8.4947468150745742 -6.2332917649405353 -20.243309661616451 9.0082895051865357 1.5345400578266866 -12.509378855569024 -9.44366813704025 -6.7602034444394326 7.1534077442053592 -2.6124497666078454 15.422894382476807 8.6570398720827964 7.1641780262334009
leaf_weight=89 63 34 22 31 25 20 20 21 36 25 20 27 27 33 22 40 20 22 35 23 21 37 28 43 23 33 68 26 22 70
leaf_count=89 63 34 22 31 25 20 20 21 36 25 20 27 27 33 22 40 20 22 35 23 21 37 28 43 23 33 68 26 22 70
internal_value=0 -0.621155 -1.44693 -0.418546 -1.1637 -12.7488 -6.11193 -9.76163 -0.215831 6.55368 -1.06029 -0.560463 -1.20009 -4.48059 -9.66222 4.43685 2.23023 -0.511195 -1.01534 -6.2606 -0.517699 0.304322 -2.32934 -0.186179 -3.28788 1.43889 3.0757 7.26624 0.142314 3.34673
internal_weight=0 923 764 626 595 45 138 96 550 61 489 469 442 76 43 103 42 415 393 79 56 314 161 133 99 56 153 63 90 159
internal_count=1026 923 764 626 595 45 138 96 550 61 489 469 442 76 43 103 42 415 393 79 56 314 161 133 99 56 153 63 90 159
is_linear=0
shrinkage=0.05


Tree=98
num_leaves=31
num_cat=0
split_feature=9 9 3 2 10 13 8 4 6 2 3 0 0 13 0 9 4 4 7 5 1 8 6 8 5 5 2 13 13 7
split_gain=926669 1.87408e+06 1.30005e+06 3.75383e+06 1.11156e+06 1.06764e+06 1.07735e+06 1.05532e+06 1.58026e+06 656840 1.41451e+06 1.48919e+06 1.19114e+06 1.21547e+06 1.03271e+06 948278 941500 887027 1.46732e+06 796704 640877 842367 2.2875e+06 4.43597e+06 1.02866e+06 963592 1.13594e+06 1.70548e+06 847901 841791
threshold=5.5000000000000009 4.5000000000000009 27536.428571428576 27058.500000000004 3.5000000000000004 30.583333333333339 1.5499999999999992 28307.500000000004 26.416666666666671 24907.500000000004 24759.428571428576 24396.000000000004 24396.000000000004 29.600000000000005 24946.500000000004 2.5000000000000004 26616.500000000004 24551.500000000004 25.63571428571429 25285.500000000004 25845.000000000004 5.7500000000000027 26.850000000000001 3.3166666666666669 29196.016666666674 26101.283333333336 27471.000000000004 29.100000000000005 36.350000000000009 30.840476190476195
decision_type=2 2 2 2 2 2 2 2 2 2 2 2 2 2 2 2 2 2 2 2 2 2 2 2 2 2 2 2 2 2
left_child=1 9 3 5 -3 6 -2 8 -6 10 11 17 13 -11 -14 -13 -16 18 -1 -18 -21 22 25 -24 -25 -22 -27 -28 -23 -30
right_child=2 4 -4 -5 7 -7 -8 -9 -10 12 -12 15 14 -15 16 -17 19 -19 -20 20 21 28 23 24 -26 26 27 -29 29 -31
leaf_value=-5.9371140533023414 9.293537521362305 1.7473684746878488 10.206547954800179 -16.525331382751467 -10.372610603299059 13.793406737292257 -5.5622753876906179 -17.510606964111329 4.7050569076538089 -14.341410267750422 12.424315869808197 -14.746335864067078 11.038833422887894 0.75495688517888393 -8.4382064378622808 -0.49142713546752931 9.3774358500605057 11.821041079929898 7.8964576849123338 7.7515577266613649 -8.5794885675112411 10.651470033022074 -29.796921043395997 2.7159998748037553 -11.007287875088778 8.7843769311904918 -12.360253687699636 2.6950577001462039 7.4187694350257516 -2.2298457328375285
leaf_weight=36 23 35 49 25 57 27 26 25 25 30 32 20 21 24 33 28 23 28 41 24 24 26 20 36 22 46 24 87 32 77
leaf_count=36 23 35 49 25 57 27 26 25 25 30 32 20 21 24 33 28 23 28 41 24 24 26 20 36 22 46 24 87 32 77
internal_value=0 -0.729515 3.52361 0.281395 -5.98746 5.80992 1.41086 -8.51755 -5.77576 0.28769 2.86432 0.864844 -0.580573 -7.63191 0.188664 -6.43097 -0.29204 4.20007 1.42881 0.317537 -0.180974 -0.664174 -2.3333 -9.49132 -2.48939 0.751368 2.17774 -0.560145 2.53808 0.602775
internal_weight=0 876 150 101 142 76 49 107 82 734 185 153 549 54 495 48 474 105 77 441 418 394 259 78 58 181 157 111 135 109
internal_count=1026 876 150 101 142 76 49 107 82 734 185 153 549 54 495 48 474 105 77 441 418 394 259 78 58 181 157 111 135 109
is_linear=0
shrinkage=0.05


Tree=99
num_leaves=31
num_cat=0
split_feature=13 10 3 4 4 4 4 8 4 6 5 5 5 7 2 5 13 2 8 5 7 1 2 4 4 3 3 13 7 8
split_gain=866059 883478 1.28255e+06 1.30211e+06 2.04051e+06 2.41547e+06 1.99145e+06 2.1084e+06 1.39151e+06 1.10756e+06 1.0516e+06 2.29582e+06 1.6758e+06 1.33029e+06 1.24622e+06 1.0124e+06 926629 1.28402e+06 921134 874869 1.12223e+06 815438 853955 1.36772e+06 810845 875505 2.08552e+06 1.05506e+06 897879 765505
threshold=38.850000000000009 2.5000000000000004 29962.000000000004 30055.500000000004 28307.500000000004 28406.000000000004 28519.000000000004 3.3166666666666669 28130.000000000004 30.016666666666669 26858.51666666667 27208.850000000002 26488.050000000007 27.021428571428576 26909.500000000004 29162.066666666669 32.016666666666673 26267.500000000004 2.8166666666666669 24762.466666666671 23.276190476190482 25948.500000000004 23816.500000000004 25963.500000000004 23003.500000000004 23452.857142857149 23850.000000000004 29.683333333333341 25.707142857142859 7.2166666666666659
decision_type=2 2 2 2 2 2 2 2 2 2 2 2 2 2 2 2 2 2 2 2 2 2 2 2 2 2 2 2 2 2
left_child=1 -1 3 4 8 -6 -7 -8 10 -5 12 -12 16 -13 -14 -9 19 -18 -10 24 -21 22 -22 -24 -3 -26 -27 28 -28 -11
right_child=-2 2 -4 9 5 6 7 15 18 29 11 13 14 -15 -16 -17 17 -19 -20 20 21 -23 23 -25 25 26 27 -29 -30 -31
leaf_value=3.1127344995174768 10.200445870161056 -7.3682999643786209 -10.052620351636733 -2.3677398757934571 -21.490891299040424 9.4105971502221148 -19.055342443172748 2.7867294507148941 15.902591588280419 17.713217072259813 18.503645185990766 7.0282595055443906 -2.9743557662963869 -8.5264882343786734 -19.496485328674318 -10.627550836042925 11.821146614985032 -3.7732833082025703 1.2624702453613281 4.7477648805688935 -11.245150628456704 -12.822348949644301 10.182055147886278 -6.208757650171008 6.2269799874109388 -11.920935714244843 5.12137545799387 8.2674372693325608 -6.5608471757487257 4.5094818612803591
leaf_weight=159 20 29 37 25 23 23 26 39 22 21 22 28 25 27 21 22 33 22 21 27 26 36 20 35 68 32 29 47 38 23
leaf_count=159 20 29 37 25 23 23 26 39 22 21 22 28 25 27 21 22 33 22 21 27 26 36 20 35 68 32 29 47 38 23
internal_value=0 -0.307154 -0.94914 -0.533302 -1.14504 -6.75496 -3.67381 -7.1329 0.0821261 6.03626 -0.577763 4.85268 -1.43462 -0.607708 -10.5171 -2.05121 -0.489383 5.58337 8.75276 -1.35244 -4.44065 -6.56106 -3.77826 -0.248462 0.477618 1.54085 -0.641731 2.52436 -1.50436 10.8113
internal_weight=0 1006 847 810 741 133 110 87 608 69 565 77 488 55 46 61 442 55 43 387 144 117 81 55 243 214 146 114 67 44
internal_count=1026 1006 847 810 741 133 110 87 608 69 565 77 488 55 46 61 442 55 43 387 144 117 81 55 243 214 146 114 67 44
is_linear=0
shrinkage=0.05


end of trees

feature_importances:
day_of_week=363
temperature_2m_max=298
temp_roll_7=292
demand_lag_1=289
demand_roll_7_max=264
demand_roll_30_mean=264
demand_lag_6=237
demand_roll_7_mean=233
cooling_degree_days=229
temp_lag_1=187
demand_lag_2=157
month=146
temperature_2m_mean=35
is_weekend=6

parameters:
[boosting: gbdt]
[objective: regression]
[metric: l1]
[tree_learner: serial]
[device_type: cpu]
[data_sample_strategy: bagging]
[data: ]
[valid: ]
[num_iterations: 100]
[learning_rate: 0.05]
[num_leaves: 31]
[num_threads: 0]
[seed: 42]
[deterministic: 0]
[force_col_wise: 0]
[force_row_wise: 0]
[histogram_pool_size: -1]
[max_depth: -1]
[min_data_in_leaf: 20]
[min_sum_hessian_in_leaf: 0.001]
[bagging_fraction: 0.8]
[pos_bagging_fraction: 1]
[neg_bagging_fraction: 1]
[bagging_freq: 5]
[bagging_seed: 400]
[feature_fraction: 0.9]
[feature_fraction_bynode: 1]
[feature_fraction_seed: 30056]
[extra_trees: 0]
[extra_seed: 12879]
[early_stopping_round: 0]
[early_stopping_min_delta: 0]
[first_metric_only: 0]
[max_delta_step: 0]
[lambda_l1: 0]
[lambda_l2: 0]
[linear_lambda: 0]
[min_gain_to_split: 0]
[drop_rate: 0.1]
[max_drop: 50]
[skip_drop: 0.5]
[xgboost_dart_mode: 0]
[uniform_drop: 0]
[drop_seed: 17869]
[top_rate: 0.2]
[other_rate: 0.1]
[min_data_per_group: 100]
[max_cat_threshold: 32]
[cat_l2: 10]
[cat_smooth: 10]
[max_cat_to_onehot: 4]
[top_k: 20]
[monotone_constraints: ]
[monotone_constraints_method: basic]
[monotone_penalty: 0]
[feature_contri: ]
[forcedsplits_filename: ]
[refit_decay_rate: 0.9]
[cegb_tradeoff: 1]
[cegb_penalty_split: 0]
[cegb_penalty_feature_lazy: ]
[cegb_penalty_feature_coupled: ]
[path_smooth: 0]
[interaction_constraints: ]
[verbosity: -1]
[saved_feature_importance_type: 0]
[use_quantized_grad: 0]
[num_grad_quant_bins: 4]
[quant_train_renew_leaf: 0]
[stochastic_rounding: 1]
[linear_tree: 0]
[max_bin: 255]
[max_bin_by_feature: ]
[min_data_in_bin: 3]
[bin_construct_sample_cnt: 200000]
[data_random_seed: 175]
[is_enable_sparse: 1]
[enable_bundle: 1]
[use_missing: 1]
[zero_as_missing: 0]
[feature_pre_filter: 1]
[pre_partition: 0]
[two_round: 0]
[header: 0]
[label_column: ]
[weight_column: ]
[group_column: ]
[ignore_column: ]
[categorical_feature: ]
[forcedbins_filename: ]
[precise_float_parser: 0]
[parser_config_file: ]
[objective_seed: 16083]
[num_class: 1]
[is_unbalance: 0]
[scale_pos_weight: 1]
[sigmoid: 1]
[boost_from_average: 1]
[reg_sqrt: 0]
[alpha: 0.9]
[fair_c: 1]
[poisson_max_delta_step: 0.7]
[tweedie_variance_power: 1.5]
[lambdarank_truncation_level: 30]
[lambdarank_norm: 1]
[label_gain: ]
[lambdarank_position_bias_regularization: 0]
[eval_at: ]
[multi_error_top_k: 1]
[auc_mu_weights: ]
[num_machines: 1]
[local_listen_port: 12400]
[time_out: 120]
[machine_list_filename: ]
[machines: ]
[gpu_platform_id: -1]
[gpu_device_id: -1]
[gpu_use_dp: 0]
[num_gpu: 1]

end of parameters

pandas_categorical:null
