tree
version=v4
num_class=1
num_tree_per_iteration=1
label_index=0
max_feature_idx=14
objective=regression
feature_names=pm2_5_lag_1 pm10_lag_1 temperature_lag_1 wind_speed_lag_1 precipitation_lag_1 pm2_5_roll_7 pm2_5_roll_30 pm10_roll_7 pm10_roll_30 day_of_week month is_weekend temperature_2m_mean wind_speed_10m_max precipitation_sum
feature_infos=[5.6791666666666663:106.20833333333333] [7.1374999999999993:170.16249999999999] [17.300000000000001:39.5] [6.2000000000000002:34.100000000000001] [0:95.400000000000006] [8.8904761904761909:82.61666666666666] [14.351666666666665:64.840138888888902] [12.207738095238096:133.96904761904761] [20.420694444444443:96.369722222222251] [0:6] [1:12] [0:1] [17.300000000000001:39.5] [6.2000000000000002:34.100000000000001] [0:95.400000000000006]
tree_sizes=2538 2611 2658 2654 2651 2650 2638 2672 2668 2652 2627 2643 2622 2659 2659 2688 2665 2684 2669 2688 2668 2654 2662 2656 2638 2665 2661 2636 2681 2653 2658 2662 2658 2687 2653 2662 2683 2684 2676 2679 2706 2685 2671 2689 2705 2691 2693 2682 2682 2682 2671 2697 2696 2674 2690 2711 2679 2702 2678 2710 2681 2688 2691 2708 2683 2673 2683 2710 2676 2671 2693 2711 2698 2712 2695 2696 2672 2668 2697 2686 2714 2683 2710 2714 2706 2709 2718 2718 2722 2722 2680 2713 2692 2722 2679 2714 2695 2700 2723 2702

Tree=0
num_leaves=31
num_cat=0
split_feature=0 5 4 0 13 13 0 13 7 13 7 2 1 13 14 13 13 14 6 1 4 8 0 12 2 6 3 6 12 8
split_gain=98758.8 20771.5 17758.2 9307.99 6713.56 6128.34 4588.3 3248.06 3066.8 2624.34 2012.04 1712.91 1408.57 1372.82 1248.55 1168.96 1076.61 1243.19 984.271 863.106 883.273 738.039 920.722 615.247 612.722 460.468 432.007 370.029 309.887 245.59
threshold=35.810416666666676 44.189583333333339 0.65000000000000002 61.375000000000007 10.050000000000002 10.250000000000002 23.172916666666669 9.2500000000000018 41.706845238095248 12.15 39.745833333333344 22.950000000000003 57.918750000000003 12.450000000000001 10.850000000000003 13.750000000000002 15.15 0.15000000000000005 50.670902777777805 63.83958333333333 1.0000000180025095e-35 58.220763888888889 29.064583333333335 27.150000000000002 29.050000000000004 28.582916666666669 16.350000000000005 33.301458333333336 26.450000000000003 37.021527777777784
decision_type=2 10 2 2 2 2 2 2 10 2 10 2 2 2 2 2 2 2 10 2 2 8 2 2 2 10 2 10 2 10
left_child=2 7 5 9 -5 10 15 -2 13 11 -1 -3 -13 -7 25 23 19 -18 -6 -9 -21 22 26 -4 -15 -8 -10 -24 -17 -26
right_child=1 3 6 4 18 8 14 16 21 -11 -12 12 -14 24 -16 28 17 -19 -20 20 -22 -23 27 -25 29 -27 -28 -29 -30 -31
leaf_value=34.592545562599454 35.36641416606394 35.128736031776135 33.761126913552552 36.498059840300243 35.81803461890852 34.433097152686969 34.179357275077649 34.660104815241219 34.131553877545208 34.874646532373205 35.256422123605361 35.947524210030188 35.402088523641268 33.871103462058294 33.862797135049455 33.520951295787448 34.269040984223288 34.773685282582392 35.321982547400495 35.219103089869087 34.765756230914945 34.707562210933013 34.742867966035355 34.09855927111596 34.273028968540594 34.47249596435406 34.440649233797544 34.463309801778955 33.685974042321504 34.057359773982462
leaf_weight=21 23 27 35 38 20 30 37 38 26 27 25 20 29 33 25 50 23 26 20 21 22 31 20 22 22 21 20 29 66 33
leaf_count=21 23 27 35 38 20 30 37 38 26 27 25 20 29 33 25 50 23 26 20 21 22 31 20 22 22 21 20 29 66 33
internal_value=34.5713 35.2476 34.1561 35.6101 36.0221 34.424 33.8526 34.8187 34.3242 35.2981 34.9533 35.4485 35.6247 34.141 34.1582 33.706 34.7218 34.5368 35.57 34.8337 34.9872 34.4957 34.4266 33.8914 34.0414 34.2855 34.2659 34.5774 33.6148 34.1436
internal_weight=0 334 546 181 78 290 256 153 244 103 46 76 49 118 83 173 130 49 40 81 43 126 95 57 88 58 46 49 116 55
internal_count=880 334 546 181 78 290 256 153 244 103 46 76 49 118 83 173 130 49 40 81 43 126 95 57 88 58 46 49 116 55
is_linear=0
shrinkage=1


Tree=1
num_leaves=31
num_cat=0
split_feature=0 5 4 0 13 13 0 13 7 13 7 2 13 1 13 13 1 13 3 12 8 0 14 14 2 3 6 14 13 7
split_gain=89129.8 18746.2 16026.8 8400.46 6058.99 5530.82 4147.94 2931.37 2767.79 2368.47 1815.86 1545.9 1325.28 1271.24 1250.95 986.161 1030.03 1005.45 936.347 731.724 666.08 830.951 655.189 513.114 460.637 389.886 333.952 294.357 183.99 160.33
threshold=35.810416666666676 44.189583333333339 0.65000000000000002 61.375000000000007 10.050000000000002 10.250000000000002 24.541666666666668 9.2500000000000018 41.706845238095248 12.15 39.745833333333344 22.950000000000003 13.750000000000002 57.918750000000003 12.65 16.250000000000004 63.83958333333333 11.65 9.9500000000000011 27.150000000000002 58.220763888888889 29.064583333333335 6.4000000000000012 0.65000000000000002 29.050000000000004 16.350000000000005 33.301458333333336 18.850000000000005 17.250000000000004 41.40178571428573
decision_type=2 10 2 2 2 2 2 2 10 2 10 2 2 2 2 2 2 2 2 2 8 2 2 2 2 2 10 2 2 10
left_child=2 7 5 9 -5 10 12 -2 14 11 -1 -3 19 -13 -7 16 17 -9 -6 -4 21 25 29 -18 -16 -10 -23 -14 -26 -8
right_child=1 3 6 4 18 8 22 15 20 -11 -12 13 27 -15 24 -17 23 -19 -20 -21 -22 26 -24 -25 28 -27 -28 -29 -30 -31
leaf_value=0.02015447389511835 0.75532964804898139 0.52953541632051826 -0.75550758351640013 1.8303930902167371 1.1906568822264672 -0.16310773115191196 -0.33124300062656409 0.29524477362632751 -0.41778762340545655 0.28815039749498722 0.65083721125125882 1.3073841667175294 -0.86325592623816605 0.78922031007964044 -0.66867613359805089 -0.10314103182285064 0.47415302546901839 -0.1894903356695305 0.70683179631829263 -0.40788921418910223 0.12942028776291878 0.16296075932681561 -0.53453824827747964 0.15828585535287859 -0.34482554038365687 -0.12414703764021398 -0.10261951156988228 -1.0464285324359763 -0.53779184420903525 -0.1334345243871212
leaf_weight=21 23 27 41 38 20 36 20 20 26 27 25 20 90 29 31 31 36 23 20 24 31 20 31 20 30 20 29 29 21 21
leaf_count=21 23 27 41 38 20 36 20 20 26 27 25 20 90 29 31 31 36 23 20 24 31 20 31 20 30 20 29 29 21 21
internal_value=0 0.642438 -0.394501 0.986836 1.37827 -0.139983 -0.682821 0.235013 -0.234793 0.690413 0.362917 0.833323 -0.808721 1.00072 -0.408807 0.142957 0.220019 0.0359679 0.948744 -0.627156 -0.0718265 -0.137497 -0.361079 0.361343 -0.516675 -0.290118 0.0057806 -0.907895 -0.424282 -0.229926
internal_weight=0 334 546 181 78 290 256 153 244 103 46 76 184 49 118 130 99 43 40 65 126 95 72 56 82 46 49 119 51 41
internal_count=880 334 546 181 78 290 256 153 244 103 46 76 184 49 118 130 99 43 40 65 126 95 72 56 82 46 49 119 51 41
is_linear=0
shrinkage=0.05


Tree=2
num_leaves=31
num_cat=0
split_feature=0 0 5 0 13 4 2 3 7 13 13 1 7 6 5 13 2 12 6 7 12 14 12 5 5 7 12 14 1 12
split_gain=80552.2 16255.1 15369.3 7085.09 5468.24 4923.94 4858.84 2588.65 3795.73 2136.5 1935.49 1404.92 2053.63 1363.43 1356.68 1196.06 912.647 1098.52 906.638 673.455 660.381 615.985 615.68 615.161 525.711 509.663 350.345 269.498 190.375 150.697
threshold=37.595833333333339 24.541666666666668 44.189583333333339 61.375000000000007 10.050000000000002 0.65000000000000002 26.050000000000004 11.050000000000002 63.235714285714302 11.050000000000002 11.350000000000003 63.962499999999999 64.654166666666669 28.582916666666669 34.10327380952382 13.750000000000002 25.750000000000004 29.550000000000004 50.670902777777805 39.635119047619057 27.150000000000002 1.5500000000000003 34.150000000000013 37.752083333333339 32.647916666666674 42.463690476190486 28.750000000000004 8.1500000000000004 22.535416666666674 27.350000000000005
decision_type=2 2 10 2 2 2 2 2 10 2 2 2 10 10 10 2 2 2 10 10 2 2 2 10 10 10 2 2 2 2
left_child=1 5 10 7 -5 16 9 8 -4 25 14 -12 -13 21 -2 20 -1 29 -6 -15 -7 26 -19 24 -21 -3 -8 -17 -29 -18
right_child=2 6 3 4 18 15 13 -9 -10 -11 11 12 -14 19 -16 27 17 22 -20 23 -22 -23 -24 -25 -26 -27 -28 28 -30 -31
leaf_value=-0.044232844710350043 0.16243611179292203 0.35470127075910574 1.3653669900881749 1.7388733918729582 1.1393510085344314 -0.71773221180206392 -0.053706399500370032 0.35504255814430041 0.55359080500072899 -0.080267629704692145 -0.21252022451506211 0.47579764197854435 -0.14417826797474514 -0.28348675825233971 0.69063589899770683 -0.78533406586482613 -0.71226884484291075 -0.11813783027231693 0.66326328337192542 -0.07765930839653673 -0.38749475476021567 -0.48019173114727709 -0.4541061252355576 -0.22837652997537095 0.21212519670234009 0.71165461350232373 -0.31344671861545459 -1.0227646012460032 -0.84608029166857401 -0.51817036151885987
leaf_weight=20 20 20 24 38 20 41 20 39 36 22 26 34 22 28 31 58 20 30 20 29 24 39 25 22 34 20 37 31 30 20
leaf_count=20 20 20 24 38 20 41 20 39 36 22 26 34 22 28 31 58 20 30 20 29 24 39 25 22 34 20 37 31 30 20
internal_value=0 -0.353674 0.647782 0.952962 1.30935 -0.607875 -0.0732092 0.672169 0.878301 0.315504 0.24164 0.0912155 0.232236 -0.188521 0.483499 -0.768285 -0.351219 -0.415848 0.901307 -0.0708122 -0.595798 -0.327074 -0.270851 -0.00075467 0.0787323 0.533178 -0.22231 -0.8625 -0.935871 -0.61522
internal_weight=0 570 310 177 78 299 271 99 60 62 133 82 56 209 51 184 115 95 40 113 65 96 55 85 63 40 57 119 61 40
internal_count=880 570 310 177 78 299 271 99 60 62 133 82 56 209 51 184 115 95 40 113 65 96 55 85 63 40 57 119 61 40
is_linear=0
shrinkage=0.05


Tree=3
num_leaves=31
num_cat=0
split_feature=5 0 0 13 2 4 3 7 2 14 13 7 13 13 13 9 3 14 8 2 12 12 13 13 12 2 8 8 14 13
split_gain=72869.4 22002.2 9587.51 5350.28 4209.96 4091.03 4064.2 2536.84 1653.15 1548.72 1845.85 1523.49 1342.65 1079.45 907.964 735.976 667.563 655.798 1407.96 730.933 966.474 595.994 584.859 566.047 491.961 366.581 359.941 301.465 247.168 158.498
threshold=42.592857142857149 24.541666666666668 61.375000000000007 10.050000000000002 24.450000000000003 0.65000000000000002 11.050000000000002 39.635119047619057 22.550000000000004 3.5500000000000003 11.450000000000001 62.199107142857152 11.050000000000002 13.750000000000002 11.350000000000003 4.5000000000000009 9.9500000000000011 1.0000000180025095e-35 49.772777777777797 30.450000000000003 33.850000000000001 27.150000000000002 12.65 11.850000000000003 30.650000000000002 27.150000000000002 61.288333333333334 36.050069444444453 18.850000000000005 18.650000000000002
decision_type=10 2 2 2 2 2 2 10 2 2 2 10 2 2 2 2 2 2 8 2 2 2 2 2 2 2 8 8 2 2
left_child=1 5 6 -4 12 15 8 22 -2 10 -9 -10 -3 21 -8 23 -5 19 -19 -12 -21 -7 25 -1 -25 -6 -16 -24 29 -15
right_child=2 4 3 16 7 13 14 9 11 -11 17 -13 -14 28 26 -17 -18 18 -20 20 -22 -23 27 24 -26 -27 -28 -29 -30 -31
leaf_value=-0.21910771402445706 0.47042927603636475 0.55969214635459996 1.6519297540187836 1.0231743595816873 -0.30608513504266743 -0.68184560394573324 0.48840607326963675 0.38902863457396225 1.2493193108102549 -0.28918376448963373 -0.36060524970293045 0.69554999007119078 0.061523800804501483 -0.72798334590175706 -0.05583973655477166 -0.15580054253073677 0.6240444159507752 -0.15146580705275903 0.3438910021679476 0.17998848482966423 -0.20861349860206246 -0.36812001348783574 -0.28192420588887257 -0.66541601547173101 -0.36337465179654271 -0.0069810326397418982 0.244135615285486 -0.52825987957142018 -0.94631976176952493 -0.86567543781164924
leaf_weight=22 28 38 38 22 21 41 23 37 23 35 20 27 21 57 20 35 20 26 32 32 32 24 23 28 26 20 20 27 29 33
leaf_count=22 28 38 38 22 21 41 23 37 23 35 20 27 21 57 20 35 20 26 32 32 32 24 23 28 26 20 20 27 29 33
internal_value=0 -0.264328 0.784839 1.22205 -0.00424027 -0.585251 0.536776 -0.0790287 0.778028 0.0150043 0.0744824 0.950284 0.382378 -0.72987 0.238083 -0.345521 0.833112 -0.00747679 0.121835 -0.0967632 -0.0143125 -0.566008 -0.300161 -0.432892 -0.519989 -0.160181 0.0941479 -0.414945 -0.819375 -0.77847
internal_weight=0 659 221 80 364 295 141 305 78 214 179 50 59 184 63 111 42 142 58 84 64 65 91 76 54 41 40 50 119 90
internal_count=880 659 221 80 364 295 141 305 78 214 179 50 59 184 63 111 42 142 58 84 64 65 91 76 54 41 40 50 119 90
is_linear=0
shrinkage=0.05


Tree=4
num_leaves=31
num_cat=0
split_feature=0 5 4 13 0 13 0 2 7 7 6 13 5 3 6 1 7 13 14 12 8 0 2 3 6 6 13 13 1 8
split_gain=66149.5 13777.5 11914.1 6425.34 4478.63 4304.27 2945.48 2591.41 2091.72 1402.01 1367.94 1338.56 1372.53 1291.39 1276.83 999.703 1102.7 981.857 926.383 762.6 565.489 618.407 444.501 361.813 349.395 338.459 332.37 203.216 194.861 192.723
threshold=35.810416666666676 42.592857142857149 0.65000000000000002 10.550000000000002 60.362500000000004 10.250000000000002 23.172916666666669 26.150000000000002 41.706845238095248 39.745833333333344 50.093055555555566 11.350000000000003 33.801488095238099 10.350000000000003 46.406736111111115 63.556249999999999 64.45178571428572 12.450000000000001 10.850000000000003 27.850000000000005 58.220763888888889 29.064583333333335 29.050000000000004 16.350000000000005 33.301458333333336 28.582916666666669 14.050000000000002 17.250000000000004 20.047916666666669 34.929375000000014
decision_type=2 10 2 2 2 2 2 2 10 10 10 2 10 2 10 2 10 2 2 2 8 2 2 2 10 10 2 2 2 8
left_child=2 11 5 4 14 9 19 13 17 -1 -6 12 -2 -5 -3 -13 -17 -7 25 26 21 23 -19 -10 -23 -8 -4 -24 -28 -30
right_child=1 3 6 7 10 8 18 -9 20 -11 -12 15 -14 -15 -16 16 -18 22 -20 -21 -22 24 27 -25 -26 -27 28 -29 29 -31
leaf_value=0.022053431116399312 0.064111364739281793 1.0247986073677358 -0.63922510825573131 0.90897641074326307 1.6662172372852053 -0.10830488519743085 -0.32491489431342568 0.17395845771055013 -0.37753738073202281 0.57622666895389563 1.139354105429216 -0.18817351378243546 0.59115434703417125 0.42934343507108486 0.53388400673866276 0.32953442407673911 -0.12914077669382096 -0.58461144638784013 -0.59801948213577272 -0.45049917262792588 0.12305089168010219 0.16148896113038064 -0.27695998144062128 -0.094665887542068963 -0.11016256428998093 -0.073595170898451689 -0.86497165980162449 -0.47478480928000955 -0.62231099061343986 -0.8248534142971039
leaf_weight=21 21 26 47 36 28 30 37 34 26 25 22 29 30 23 27 38 20 33 25 25 31 20 34 20 29 21 54 21 23 24
leaf_count=21 21 26 47 36 28 30 37 34 26 25 22 29 30 23 27 38 20 33 25 25 31 20 34 20 29 21 54 21 23 24
internal_value=0 0.55346 -0.339856 0.822919 1.09495 -0.120411 -0.588445 0.521641 -0.20405 0.323235 1.4344 0.170749 0.374137 0.722001 0.77471 0.0515225 0.171371 -0.355326 -0.343588 -0.70592 -0.0623782 -0.122887 -0.439537 -0.25455 0.000715609 -0.23392 -0.749065 -0.352493 -0.800179 -0.725737
internal_weight=0 334 546 196 103 290 256 93 244 46 50 138 51 59 53 87 58 118 83 173 126 95 88 46 49 58 148 55 101 47
internal_count=880 334 546 196 103 290 256 93 244 46 50 138 51 59 53 87 58 118 83 173 126 95 88 46 49 58 148 55 101 47
is_linear=0
shrinkage=0.05


Tree=5
num_leaves=31
num_cat=0
split_feature=0 0 13 0 13 14 4 13 2 8 13 5 7 1 13 7 13 3 9 13 3 12 12 3 12 4 5 8 13 14
split_gain=58915.2 15462.8 9340.02 5122.97 4918.64 4039 3688.17 2515.37 1814.22 1497.68 1365.14 1188.23 1402.11 1132.87 1278.93 903.575 860.447 826.003 672.011 553.312 538.575 532.047 439.043 433.858 613.877 428.588 356.446 353.187 224.472 395.74
threshold=42.145833333333343 24.281249999999996 12.050000000000002 61.375000000000007 10.850000000000003 1.0000000180025095e-35 0.95000000000000007 10.050000000000002 27.350000000000005 34.557361111111113 10.250000000000002 45.023214285714289 76.462202380952391 46.010416666666664 9.1500000000000004 39.635119047619057 13.750000000000002 15.050000000000002 4.5000000000000009 12.65 18.650000000000002 30.450000000000003 26.750000000000004 16.150000000000002 33.45000000000001 1.5500000000000003 39.109821428571429 39.84236111111111 17.350000000000005 6.6500000000000012
decision_type=2 2 2 2 2 2 2 2 2 10 2 10 10 2 2 10 2 2 2 2 2 2 2 2 2 2 10 10 2 2
left_child=1 6 3 11 5 13 10 -5 -4 -6 -1 -2 -13 14 -3 27 22 -10 21 -17 23 -12 -8 24 26 -7 -21 -11 -18 -30
right_child=2 4 8 7 9 25 16 -9 17 15 18 12 -14 -15 -16 19 28 -19 -20 20 -22 -23 -24 -25 -26 -27 -28 -29 29 -31
leaf_value=0.058925077170133594 0.44156681352266763 0.65420446097850804 0.52887094930196421 1.5420003255208334 -0.47308186627924442 0.021889258697628977 -0.65842397554467125 0.86338678219101661 -0.099413012661810574 -0.17058445354302726 -0.55903772872227886 1.0177988474859911 0.49020074915140865 0.78913283092635023 0.13070063910314017 0.12734024006252487 -0.6840510037438623 0.30687636252154005 -0.17802408449351789 0.11706414073705673 0.13986052468419075 -0.29733907195829573 -0.3618614649256835 -0.3463013346706118 -0.28763666582795294 -0.30152361222675872 -0.15367815610021354 -0.43101121438262258 -0.66518409200336626 -0.93536094029744477
leaf_weight=20 33 20 39 36 32 20 24 22 29 30 52 34 20 21 28 36 58 22 28 31 20 31 26 21 26 21 20 23 23 33
leaf_count=20 33 20 39 36 32 20 24 22 29 30 52 34 20 21 28 36 58 22 28 31 20 31 26 21 26 21 20 23 23 33
internal_value=0 -0.252651 0.672262 0.920603 -0.0273986 0.249284 -0.519137 1.2846 0.272159 -0.154742 -0.321326 0.677941 0.822392 0.482833 0.348827 -0.10553 -0.677144 0.0758491 -0.389839 -0.0442467 -0.0965953 -0.461295 -0.504211 -0.144852 -0.0899108 -0.143761 0.0108907 -0.2836 -0.752992 -0.824395
internal_weight=0 644 235 145 349 110 295 58 90 239 131 87 54 69 48 207 164 51 111 154 118 83 50 98 77 41 51 53 114 56
internal_count=879 644 235 145 349 110 295 58 90 239 131 87 54 69 48 207 164 51 111 154 118 83 50 98 77 41 51 53 114 56
is_linear=0
shrinkage=0.05


Tree=6
num_leaves=31
num_cat=0
split_feature=0 0 13 6 0 4 6 14 13 2 13 13 5 7 10 13 5 3 2 13 11 7 12 12 12 3 12 13 14 8
split_gain=53171 13955.2 8429.37 5672.56 4623.48 3328.57 2478.53 1768.79 1659.52 1641.32 1232.04 1133.87 1072.38 1277.47 1068.96 1675.41 970.421 886.986 845.241 776.554 606.49 567.983 480.172 469.965 583.615 518.802 396.236 202.586 357.155 183.575
threshold=42.145833333333343 24.281249999999996 12.050000000000002 41.261597222222228 61.375000000000007 0.95000000000000007 53.809236111111126 10.850000000000003 11.050000000000002 27.650000000000002 10.250000000000002 13.350000000000003 45.023214285714289 63.235714285714302 9.5000000000000018 9.9500000000000011 42.103571428571435 14.65 27.250000000000004 13.750000000000002 1.0000000180025095e-35 61.37916666666667 30.450000000000003 33.45000000000001 32.350000000000001 12.15 26.750000000000004 17.350000000000005 6.6500000000000012 49.772777777777797
decision_type=2 2 2 10 2 2 10 2 2 2 2 2 10 10 2 2 10 2 2 2 2 10 2 2 2 2 2 2 2 10
left_child=1 5 4 7 12 10 -6 14 16 11 -1 -4 -2 -14 18 -16 -5 -11 -3 26 22 23 29 24 25 -20 -7 -21 -29 -12
right_child=2 3 9 8 6 19 -8 -9 -10 17 20 -13 13 -15 15 -17 -18 -19 21 27 -22 -23 -24 -25 -26 -27 -28 28 -30 -31
leaf_value=0.055978820472955708 0.41948847696185115 -0.3808335428290508 0.19882765829563143 0.74574161339551215 1.4666075261863503 -0.62550278287380934 0.78651034434636435 -0.57902378070922134 0.059638780886025144 -0.16049035638570786 -0.60535618141293535 0.70857750813787179 1.0531692293162147 0.56375519593556722 0.4596034549176693 -0.12737200635094797 0.30483894015734014 0.27904143638231538 0.040638755829561328 -0.64984844470846248 -0.1691228815487453 0.089783674695839491 -0.28247210385518207 -0.28448516696014187 0.13199459780817446 -0.26373469059998617 -0.34376838837678614 -0.63192488006923508 -0.88859289631699068 -0.41225329190492632
leaf_weight=20 33 34 20 24 37 24 21 21 33 24 32 24 24 30 20 31 26 22 21 58 28 30 31 44 23 42 26 23 33 20
leaf_count=20 33 34 20 24 37 24 21 21 33 24 32 24 24 30 20 31 26 22 21 58 28 30 31 44 23 42 26 23 33 20
internal_value=0 -0.240019 0.638649 -0.0260287 0.874573 -0.49318 1.22037 -0.13863 0.33484 0.258551 -0.305259 0.476873 0.644044 0.781273 -0.100882 0.102814 0.516472 0.0497205 -0.154432 -0.643287 -0.370347 -0.106321 -0.43823 -0.151576 -0.0835764 -0.162277 -0.479001 -0.715343 -0.783176 -0.531086
internal_weight=0 644 235 349 145 295 58 266 83 90 131 44 87 54 245 51 50 46 194 164 111 160 83 130 86 63 50 114 56 52
internal_count=879 644 235 349 145 295 58 266 83 90 131 44 87 54 245 51 50 46 194 164 111 160 83 130 86 63 50 114 56 52
is_linear=0
shrinkage=0.05


Tree=7
num_leaves=31
num_cat=0
split_feature=0 0 13 6 0 4 6 13 14 2 1 13 5 13 10 13 12 13 3 9 6 6 6 14 12 5 12 13 14 8
split_gain=47986.8 12594.6 7607.51 5121.34 4172.69 3004.04 2251.93 1776.77 1543.3 1496.33 1234.81 1111.92 967.82 1167.96 828.458 1125.68 835.81 700.84 677.709 547.357 529.545 464.198 604.577 501.24 433.356 373.59 357.603 182.834 322.333 165.677
threshold=42.145833333333343 24.281249999999996 12.050000000000002 39.517847222222237 61.375000000000007 0.95000000000000007 52.82500000000001 11.050000000000002 10.850000000000003 27.350000000000005 40.568750000000001 10.250000000000002 45.023214285714289 9.3500000000000032 9.5000000000000018 10.850000000000003 28.250000000000004 13.750000000000002 15.050000000000002 4.5000000000000009 22.90465277777778 29.760625000000001 36.572638888888896 1.0000000180025095e-35 30.450000000000003 28.002976190476193 26.750000000000004 17.350000000000005 6.6500000000000012 49.772777777777797
decision_type=2 2 2 10 2 2 10 2 2 2 2 2 10 2 2 2 2 2 2 2 10 10 10 2 2 10 2 2 2 10
left_child=1 5 4 8 12 11 -6 10 14 -4 -5 -1 -2 -14 16 -16 20 26 -11 24 -3 25 23 -23 29 -18 -7 -19 -29 -13
right_child=2 3 9 7 6 17 -8 -9 -10 18 -12 19 13 -15 15 -17 21 27 -20 -21 -22 22 -24 -25 -26 -27 -28 28 -30 -31
leaf_value=0.053179873228073118 0.39851404762629311 -0.17846423816680909 0.47876198116021285 0.29634690148865478 1.4119064848763603 -0.59422764517366888 0.77501781919728163 0.033462265521091848 -0.55007258937472392 -0.091411467924200254 0.79146822452545162 -0.57508837357163434 0.45071139509479208 0.92770733797188965 0.31389971424639229 -0.18936717569828035 -0.31960599335531392 -0.61735603110543613 0.27660425501790914 -0.16066673621535302 -0.51904553660147246 -0.042824851370909633 -0.21182026800054771 0.25939779477598879 -0.26834850383381686 -0.07400627713650465 -0.32657997287236729 -0.60032864031584365 -0.84416324297587075 -0.39164062857627874
leaf_weight=20 33 25 39 34 35 24 23 38 21 29 20 32 21 33 25 20 30 58 22 28 21 34 26 23 31 32 26 23 33 20
leaf_count=20 33 25 39 34 35 24 23 38 21 29 20 32 21 33 25 20 30 58 22 28 21 34 26 23 31 32 26 23 33 20
internal_value=0 -0.228018 0.606717 -0.0247273 0.830844 -0.468521 1.15935 0.295399 -0.139325 0.245623 0.479725 -0.289996 0.611842 0.742209 -0.102775 0.0902255 -0.148247 -0.611123 0.0673404 -0.35183 -0.333947 -0.0893352 -0.0120147 0.0791246 -0.416319 -0.192845 -0.455051 -0.679575 -0.744017 -0.504532
internal_weight=0 644 235 349 145 295 58 92 257 90 54 131 87 54 236 45 191 164 51 111 46 145 83 57 83 62 50 114 56 52
internal_count=879 644 235 349 145 295 58 92 257 90 54 131 87 54 236 45 191 164 51 111 46 145 83 57 83 62 50 114 56 52
is_linear=0
shrinkage=0.05


Tree=8
num_leaves=31
num_cat=0
split_feature=0 0 13 6 0 14 13 14 2 13 13 13 7 13 5 7 5 2 13 0 6 7 13 5 13 2 2 14 1 8
split_gain=43308.1 11366.6 6865.77 4647.18 3765.85 2506.79 2164.36 1438.55 1357.78 1349.35 1157.21 1023.09 951.271 1626.61 873.457 1168.43 848.154 760.755 598.543 489.921 447.19 430.448 1106.89 431.196 547.428 387.209 374.274 267.193 148.735 134.038
threshold=42.145833333333343 24.281249999999996 12.050000000000002 41.261597222222228 61.375000000000007 0.8500000000000002 10.050000000000002 10.850000000000003 27.650000000000002 11.050000000000002 11.750000000000002 13.350000000000003 35.301190476190484 9.9500000000000011 45.023214285714289 76.462202380952391 42.103571428571435 31.950000000000003 16.950000000000003 19.570833333333336 37.873125000000009 49.473809523809535 13.550000000000002 37.064285714285724 14.350000000000003 27.350000000000005 32.150000000000013 8.9000000000000021 47.322916666666664 33.982500000000009
decision_type=2 2 2 10 2 2 2 2 2 2 2 2 10 2 10 10 10 2 2 2 10 10 2 10 2 2 2 2 2 10
left_child=1 5 4 7 14 10 -6 12 11 16 -1 -4 25 -14 -2 -16 -5 -10 19 -7 21 22 -15 24 -23 -3 29 -20 -24 -12
right_child=2 3 8 9 6 18 -8 -9 17 -11 26 -13 13 20 15 -17 -18 -19 27 -21 -22 23 28 -25 -26 -27 -28 -29 -30 -31
leaf_value=-0.044381860784582193 0.37858834375034678 -0.40183351245419741 0.16779904782772065 0.68125914943714938 1.3401506616009606 -0.55843283580172631 0.7106638642874632 -0.52256895786239987 -0.16897248215973379 0.054983729846549756 -0.54376252970912242 0.65200742174250381 0.35489186433994258 0.11799880120282372 0.88347992073087134 0.40184999808669092 0.26906671366439416 0.23808375584582486 -0.58223915696144102 -0.29337840080261229 -0.30921170728591585 -0.076850233836607496 -0.21220080744136466 -0.12998010891099129 0.25914910700586108 -0.13032946685949962 -0.22962724745273588 -0.79656043558409717 -0.39605786177245056 -0.39077690134688126
leaf_weight=37 33 29 20 24 36 84 22 21 22 33 22 24 23 24 34 20 26 24 26 22 21 22 22 31 27 24 30 33 22 41
leaf_count=37 33 29 20 24 36 84 22 21 22 33 22 24 23 24 34 20 26 24 26 22 21 22 22 31 27 24 30 33 22 41
internal_value=0 -0.216617 0.576381 -0.0234909 0.789302 -0.445095 1.10138 -0.125409 0.233342 0.303138 -0.280889 0.431913 -0.0913665 -0.0396027 0.58125 0.705098 0.466919 0.0434047 -0.574469 -0.503422 -0.0932913 -0.0626539 -0.155143 0.0159617 0.108292 -0.278888 -0.374983 -0.702114 -0.304129 -0.4442
internal_weight=0 644 235 349 145 295 58 266 90 83 130 44 245 192 87 54 50 46 165 106 169 148 68 80 49 53 93 59 44 63
internal_count=879 644 235 349 145 295 58 266 90 83 130 44 245 192 87 54 50 46 165 106 169 148 68 80 49 53 93 59 44 63
is_linear=0
shrinkage=0.05


Tree=9
num_leaves=31
num_cat=0
split_feature=0 0 13 0 2 4 13 13 14 2 2 12 5 5 7 0 13 13 3 8 3 13 12 12 12 8 10 8 4 1
split_gain=39085.5 10258.4 6196.36 3398.68 3377.75 2469.79 1953.34 1727.61 1814.81 1234.05 1130.25 1014.99 960.168 788.295 1063.28 612.748 589.744 469.564 425.526 519.092 411.085 394.677 379.552 337.322 319.016 299.948 273.851 225.378 174.804 163.759
threshold=42.145833333333343 24.281249999999996 12.050000000000002 61.375000000000007 22.950000000000003 0.95000000000000007 10.050000000000002 11.15 1.0000000180025095e-35 27.350000000000005 29.650000000000002 24.950000000000003 39.109821428571429 45.023214285714289 63.235714285714302 48.827083333333341 13.750000000000002 12.250000000000002 14.350000000000003 34.557361111111113 15.850000000000003 9.8500000000000032 29.850000000000005 33.45000000000001 26.750000000000004 52.901527777777773 7.5000000000000009 49.5213888888889 1.5500000000000003 20.047916666666669
decision_type=2 2 2 2 2 2 2 2 2 2 2 2 10 10 10 2 2 2 2 10 2 2 2 2 2 10 2 10 2 2
left_child=1 5 3 13 12 11 -5 8 21 -4 18 -1 -3 -2 -15 -11 24 -13 19 -9 23 -6 -19 27 -7 -22 -21 -12 -10 -18
right_child=2 4 9 6 7 16 -8 10 28 15 20 17 -14 14 -16 -17 29 22 -20 26 25 -23 -24 -25 -26 -27 -28 -29 -30 -31
leaf_value=0.066910167336463933 0.35965893078934064 0.56642561933169 0.43339755978339761 1.273143157031801 0.50572214841842655 -0.54042654857039452 0.67513068426739098 -0.44258384466171263 -0.014363157781569855 0.22971451420050404 0.057431531697511674 -0.14711621218714221 0.13244338901340963 0.91790133789569761 0.47139732142289481 -0.11697385108470917 -0.67486111281210925 -0.48364740221999414 -0.47214574527740477 -0.27656186975538732 -0.055205750438783854 0.19160565897822379 -0.26824709956462567 -0.2703466441610764 -0.28763110076005644 0.1983185535669327 -0.030465767568407149 -0.16912593227766812 -0.20930144268533457 -0.55500790936905042
leaf_weight=20 33 26 39 36 20 24 22 20 23 26 23 29 25 24 30 25 57 43 25 20 28 20 39 29 26 20 26 21 23 57
leaf_count=20 33 26 39 36 20 24 22 20 23 26 23 29 25 24 30 25 57 43 25 20 28 20 39 29 26 20 26 21 23 57
internal_value=0 -0.205786 0.547562 0.749837 -0.0223164 -0.42284 1.04631 -0.0866663 0.102352 0.221675 -0.163344 -0.260967 0.353689 0.552187 0.669844 0.0597692 -0.552141 -0.320044 -0.296469 -0.229925 -0.0632245 0.348664 -0.381201 -0.137956 -0.408973 0.0504294 -0.137464 -0.0506982 -0.111832 -0.614935
internal_weight=0 644 235 145 349 295 58 298 86 90 212 131 51 87 54 51 164 111 91 66 121 40 82 73 50 48 46 44 46 114
internal_count=879 644 235 145 349 295 58 298 86 90 212 131 51 87 54 51 164 111 91 66 121 40 82 73 50 48 46 44 46 114
is_linear=0
shrinkage=0.05


Tree=10
num_leaves=31
num_cat=0
split_feature=0 0 13 13 14 8 1 8 8 7 7 2 13 0 3 1 8 12 3 1 8 7 12 4 13 13 0 1 8 1
split_gain=34505.8 8981.13 7914.13 2738.14 2428.13 2175.01 1973.29 2221.33 1292.76 1651 1212.87 1174.36 1054.27 1009.21 983.47 753.745 758.919 606.415 590.848 583.311 920.994 491.277 391.127 333.014 326.912 207.053 194.178 180.523 150.834 146.758
threshold=42.945833333333347 24.541666666666668 12.15 10.750000000000002 0.75000000000000011 51.139375000000008 100.90000000000002 51.952361111111124 58.676944444444445 78.222321428571448 41.706845238095248 26.350000000000005 11.750000000000002 57.500000000000007 10.65 66.885416666666686 60.47652777777779 31.950000000000003 11.850000000000003 41.377083333333339 53.438541666666673 38.13511904761905 29.050000000000004 3.3500000000000001 13.950000000000001 14.15 13.289583333333338 40.568750000000001 37.021527777777784 23.620833333333337
decision_type=2 2 2 2 2 10 2 10 10 10 10 2 2 2 2 2 10 2 2 2 10 10 2 2 2 2 2 2 8 2
left_child=1 4 6 5 12 14 7 13 -9 -10 22 -4 -1 -2 21 16 19 -13 -6 -12 24 -3 27 25 -21 -20 -25 -5 -14 -28
right_child=2 3 11 10 18 -7 -8 8 9 -11 15 17 28 -15 -16 -17 -18 -19 23 20 -22 -23 -24 26 -26 -27 29 -29 -30 -31
leaf_value=0.0015614466447579235 0.73371648013591773 0.022574347257614136 0.40532674056788287 -0.4668152580545708 -0.28696111440658573 0.53944347121498804 1.1622812665027122 0.21620534261067711 0.87090105558745567 0.31552584197210232 0.21564487646455352 -0.15325514872092755 -0.20681608475067398 1.1856500580197289 -0.18946391426854664 0.26176801264286043 -0.29981528529897333 0.19253142319974448 -0.32606443989844552 0.0021261277574080007 0.2398637303709984 0.36067522059787405 -0.14502446482310424 -0.68901376008987425 -0.2116262154196793 -0.53375648558139799 -0.44033752839480134 -0.25925954073667529 -0.36057484627797687 -0.60942114501288447
leaf_weight=38 30 21 24 22 25 33 23 27 32 23 23 32 22 21 27 20 28 21 21 27 20 22 37 40 53 28 21 20 58 33
leaf_count=38 30 21 24 22 25 33 23 27 32 23 23 32 22 21 27 20 28 21 21 27 20 22 37 40 53 28 21 20 58 33
internal_value=0 -0.18087 0.529927 -0.0121449 -0.389123 0.204806 0.734654 0.660704 0.499555 0.638653 -0.101529 0.115154 -0.215288 0.919807 0.0470484 -0.0266734 -0.0648775 -0.0162454 -0.511221 -0.0113957 -0.0636151 0.195556 -0.263557 -0.550427 -0.139485 -0.444746 -0.605516 -0.367979 -0.318291 -0.543666
internal_weight=0 639 233 353 286 103 156 133 82 55 250 77 118 51 70 171 151 53 168 123 100 43 79 143 80 49 94 42 80 54
internal_count=872 639 233 353 286 103 156 133 82 55 250 77 118 51 70 171 151 53 168 123 100 43 79 143 80 49 94 42 80 54
is_linear=0
shrinkage=0.05


Tree=11
num_leaves=31
num_cat=0
split_feature=0 0 13 13 14 14 1 8 2 12 7 7 13 1 8 8 8 1 8 3 0 3 1 12 6 13 0 1 1 13
split_gain=31142 8641.07 6091.02 3055.15 2191.39 2052 1704.36 2246.8 1322.66 1776.56 1194.91 1166.93 951.478 852.003 757.761 1676.22 647.496 548.226 780.646 535.473 599.27 518.668 417.743 306.619 244.17 237.07 160.546 262.319 147.12 141.399
threshold=44.418750000000003 24.541666666666668 12.15 10.750000000000002 0.75000000000000011 1.0000000180025095e-35 100.90000000000002 44.999583333333341 22.550000000000004 24.350000000000005 41.706845238095248 37.38154761904763 11.750000000000002 67.258333333333354 61.688958333333339 50.826458333333342 60.47652777777779 41.377083333333339 53.438541666666673 13.750000000000002 19.570833333333336 10.65 44.529166666666669 28.650000000000002 18.752013888888893 13.950000000000001 13.289583333333338 24.239583333333339 42.237500000000004 14.450000000000001
decision_type=2 2 2 2 2 2 2 10 2 2 10 10 2 2 10 10 10 2 10 2 2 2 2 2 10 2 2 2 2 2
left_child=1 4 6 5 12 11 7 -2 -9 -10 23 -3 -1 16 15 -4 17 -12 25 20 -6 -7 -13 -5 -21 -19 -26 -28 -25 -14
right_child=2 3 14 10 19 21 -8 8 9 -11 13 22 29 -15 -16 -17 -18 18 -20 24 -22 -23 -24 28 26 -27 27 -29 -30 -31
leaf_value=0.0014833797749720123 1.1215349525213243 0.074740314185619355 0.33238036195204285 -0.37176418383331861 -0.49098990471924053 0.11680789797202401 1.1041671949884166 0.26912974061504491 0.90986898491779966 0.41971445295371512 0.2048626344812953 0.40006692845087788 -0.21655964024364949 0.2737508813540141 0.39912406846880916 -0.25262180149555208 -0.27430891623099646 -0.021185038238763811 0.18580002523958683 -0.66811530167056676 -0.15608257021416316 -0.22688273241122567 0.70401671171188362 -0.095324841829446658 -0.60265870094299323 -0.20104490390293442 -0.30964818406850103 -0.53785434172433966 -0.27570293664932255 -0.35386681249737739
leaf_weight=38 20 20 24 34 34 23 23 31 36 38 23 26 30 21 20 25 30 28 24 31 22 21 20 26 27 53 20 34 20 50
leaf_count=38 20 20 24 34 34 23 23 31 36 38 23 26 30 21 20 25 30 28 24 31 22 21 20 26 27 53 20 34 20 50
internal_value=0 -0.163383 0.527733 -0.00350022 -0.369666 0.217263 0.708608 0.635825 0.543309 0.658168 -0.0972606 0.393589 -0.204523 -0.0254638 0.139769 0.0339099 -0.0652328 -0.0162306 -0.0646606 -0.48566 -0.359419 -0.0472263 0.532219 -0.257906 -0.54878 -0.138871 -0.503109 -0.453334 -0.17375 -0.302377
internal_weight=0 655 217 369 286 110 148 125 105 74 259 66 118 179 69 49 158 128 105 168 56 44 46 80 112 81 81 54 46 80
internal_count=872 655 217 369 286 110 148 125 105 74 259 66 118 179 69 49 158 128 105 168 56 44 46 80 112 81 81 54 46 80
is_linear=0
shrinkage=0.05


Tree=12
num_leaves=31
num_cat=0
split_feature=0 0 13 13 14 4 3 0 6 7 7 1 13 1 8 8 8 6 3 1 8 1 13 4 8 8 13 0 6 2
split_gain=28105.7 7798.57 5497.14 2757.27 1977.73 1855.79 1606.67 1273.97 1513.4 1173.81 1078.4 897.103 858.709 768.932 683.879 1512.79 584.365 501.249 495.048 459.813 520.288 453.676 376.329 290.866 234.09 212.991 175.123 160.438 178.318 137.702
threshold=44.418750000000003 24.541666666666668 12.15 10.750000000000002 0.75000000000000011 0.15000000000000005 11.15 61.375000000000007 50.670902777777805 37.38154761904763 41.706845238095248 60.26874999999999 11.750000000000002 67.258333333333354 61.688958333333339 50.826458333333342 60.47652777777779 23.222430555555558 11.850000000000003 41.377083333333339 53.438541666666673 44.91875000000001 13.950000000000001 3.3500000000000001 36.178750000000001 42.490763888888885 14.15 13.289583333333338 21.037152777777781 27.350000000000005
decision_type=2 2 2 2 2 2 2 2 10 10 8 2 2 2 10 10 10 10 2 2 10 2 2 2 8 10 2 2 10 2
left_child=1 4 6 5 12 9 7 11 -9 -3 24 -2 -1 16 15 -4 17 -12 -6 -19 22 -11 -21 26 -5 -26 -20 -25 -29 -14
right_child=2 3 14 10 18 -7 -8 8 -10 21 13 -13 29 -15 -16 -17 -18 19 23 20 -22 -23 -24 27 25 -27 -28 28 -30 -31
leaf_value=0.0014092087745666505 0.83943488553718293 0.051245947588573808 0.31576133858179678 -0.14293834736965824 -0.25610134029388426 -0.076291752175280933 0.39776517076370044 1.21223972219008 0.63838932275772098 0.36134841493491471 -0.2453455036878586 0.45584161179406302 -0.39376961886882783 0.26006333771206086 0.37916787110269068 -0.23999070763587951 -0.26059347520271942 0.24356877775862815 -0.289349270150775 0.077021347908746637 0.17651002518832684 0.66650239498842334 -0.18120460461738497 -0.6246467962861062 -0.42087689911325771 -0.20795005993998569 -0.48035701023680827 -0.58008340585178564 -0.3982396237552166 -0.24685675354417544
leaf_weight=38 27 22 24 33 25 38 39 27 20 29 20 35 22 21 20 25 30 20 21 21 24 21 43 40 24 23 28 28 26 58
leaf_count=38 27 22 24 33 25 38 39 27 20 29 20 35 22 21 20 25 30 20 21 21 24 21 43 40 24 23 28 28 26 58
internal_value=0 -0.155214 0.501346 -0.00332521 -0.351183 0.2064 0.673178 0.77172 0.968048 0.355598 -0.0923976 0.62289 -0.194297 -0.0241906 0.132781 0.0322144 -0.0619712 -0.0154191 -0.461377 0.0271599 -0.022024 0.489513 -0.0964742 -0.497264 -0.245011 -0.316679 -0.398497 -0.548749 -0.492529 -0.287258
internal_weight=0 655 217 369 286 110 148 109 47 72 259 62 118 179 69 49 158 128 168 108 88 50 64 143 80 47 49 94 54 80
internal_count=872 655 217 369 286 110 148 109 47 72 259 62 118 179 69 49 158 128 168 108 88 50 64 143 80 47 49 94 54 80
is_linear=0
shrinkage=0.05


Tree=13
num_leaves=31
num_cat=0
split_feature=0 0 13 13 0 2 14 14 6 7 7 13 8 1 8 3 6 8 8 1 8 7 3 0 13 13 1 12 2 13
split_gain=25365.4 7038.21 5038.88 2488.44 1926.51 1901.99 1788 1707.14 1615.09 973.258 959.496 908.481 895.852 693.962 527.39 460.985 452.378 440.552 435.928 414.981 469.56 409.122 394.916 453.452 388.384 339.637 289.581 282.356 231.23 199.486
threshold=44.418750000000003 24.541666666666668 10.550000000000002 10.750000000000002 67.583333333333357 24.450000000000003 2.0500000000000003 1.0000000180025095e-35 45.745902777777786 41.706845238095248 39.883928571428577 10.250000000000002 50.826458333333342 67.258333333333354 60.47652777777779 10.65 23.222430555555558 58.161180555555568 75.631805555555573 41.377083333333339 53.438541666666673 34.79136904761905 14.750000000000002 19.94166666666667 13.350000000000003 13.950000000000001 41.935416666666669 28.650000000000002 27.050000000000004 16.550000000000004
decision_type=2 2 2 2 2 2 2 2 10 10 10 2 10 2 10 2 10 10 10 2 10 10 2 2 2 2 2 2 2 2
left_child=1 6 4 7 8 18 11 10 -2 27 -3 -1 -7 14 16 -9 -11 -14 -4 -18 25 28 23 -8 -23 -21 -12 -5 -13 -26
right_child=2 3 5 9 -6 12 22 15 -10 13 26 21 17 -15 -16 -17 19 -19 -20 20 -22 24 -24 -25 29 -27 -28 -29 -30 -31
leaf_value=0.1018533718585968 0.83843628896607292 0.087298878214576034 0.35740633221964041 -0.34202065443729657 1.0853703513741493 0.32631138103455304 -0.45912848154703778 0.10948137848273568 0.37108700683242396 -0.23307823345065115 0.35747244925726029 -0.4715341891233738 -0.21423809045837042 0.24706016977628076 -0.24756379971901576 -0.21453456658692588 0.23139033496379852 0.099350143255045029 0.66934430315381011 0.073170276624815803 0.16768451717992625 -0.017946066583196321 -0.53947017796834318 -0.17299327462911607 -0.35773768364810032 -0.17214437202052324 0.61427987024350017 -0.15200254097580912 -0.26618752130146683 -0.15054291124854768
leaf_weight=20 36 22 24 34 28 25 45 23 38 20 21 26 21 21 30 21 20 24 21 21 24 24 75 20 26 43 23 46 29 21
leaf_count=20 36 22 24 34 28 25 45 23 38 20 21 26 21 21 30 21 20 24 21 21 24 24 75 20 26 43 23 46 29 21
internal_value=0 -0.147454 0.476279 -0.00315895 0.732112 0.249367 -0.333624 0.19608 0.598446 -0.0877777 0.356908 -0.211202 0.0863313 -0.0229811 -0.0588726 -0.0451626 -0.0146481 -0.046991 0.502977 0.0258019 -0.0209228 -0.260894 -0.461292 -0.371087 -0.181596 -0.0916505 0.491713 -0.23276 -0.36326 -0.265161
internal_weight=0 655 217 369 102 115 286 110 74 259 66 146 70 179 158 44 128 45 45 108 88 126 140 65 71 64 44 80 55 47
internal_count=872 655 217 369 102 115 286 110 74 259 66 146 70 179 158 44 128 45 45 108 88 126 140 65 71 64 44 80 55 47
is_linear=0
shrinkage=0.05


Tree=14
num_leaves=31
num_cat=0
split_feature=0 14 13 13 7 1 8 2 12 7 0 0 1 12 13 8 2 12 8 10 6 12 4 1 13 8 5 0 6 6
split_gain=22892.3 6431.5 4549.86 3485.78 1688.75 1354.72 1840.92 1221.35 1503.55 1116.02 1098.6 824.644 808.109 774.726 693.321 868.788 697.319 610.083 603.159 540.567 444.788 317.934 262.337 236.405 236.058 204.113 190.43 315.758 182.516 149.826
threshold=44.418750000000003 1.5500000000000003 12.15 10.750000000000002 41.706845238095248 100.90000000000002 44.999583333333341 22.550000000000004 24.350000000000005 39.021428571428579 19.685416666666672 29.747916666666672 66.885416666666686 28.250000000000004 13.850000000000003 49.950416666666662 29.550000000000004 27.650000000000002 26.909722222222225 9.5000000000000018 32.083263888888901 30.450000000000003 12.450000000000001 32.927083333333336 16.550000000000004 50.414999999999999 18.997321428571436 13.289583333333338 36.856875000000009 27.005000000000003
decision_type=2 2 2 2 10 2 10 2 2 10 2 2 2 2 2 10 2 2 8 2 10 2 2 2 2 10 8 2 10 10
left_child=1 3 5 9 21 6 -2 -8 -9 19 26 -11 14 18 15 -6 -16 -4 -12 -1 -18 23 -20 -5 -23 -13 27 -3 -22 -25
right_child=2 10 17 4 12 -7 7 8 -10 11 13 25 -14 -15 16 -17 20 -19 22 -21 28 24 -24 29 -26 -27 -28 -29 -30 -31
leaf_value=-0.16170892197152842 0.98355697587132451 -0.5351702923710282 0.27702545803040268 -0.39677866479245627 0.27528690598134337 0.96145118112149452 0.19668920117039834 0.80208529714081023 0.35116363438336473 0.07066884691065009 -0.10091434812003917 0.33284823878303821 0.28205823749303821 0.0044640511841229765 -0.39263137007753057 -0.10544794817124643 -0.23111878401703306 -0.021109739993069625 -0.31726152300834659 0.15607876284047961 0.098720464507738748 -0.083074972879242259 -0.53062320226430904 -0.14193867626397505 -0.29628177016973495 0.5392400507926941 -0.57550823420286179 -0.32567299459661758 -0.096277351528406149 -0.32905803821980956
leaf_weight=23 20 37 32 41 29 23 31 36 38 22 22 23 20 23 21 31 27 37 34 32 30 37 25 23 20 25 35 35 20 20
leaf_count=23 20 37 32 41 29 23 31 36 38 22 22 23 20 23 21 31 27 37 34 32 30 37 25 23 20 25 35 35 20 20
internal_value=0 -0.140081 0.452465 -0.0320731 -0.119771 0.608792 0.543902 0.460159 0.570531 0.191732 -0.367358 0.32416 -0.0173809 -0.251634 -0.0552846 0.0785739 -0.137239 0.117156 -0.324353 0.0231857 -0.0675862 -0.249029 -0.407669 -0.310877 -0.157884 0.440344 -0.479838 -0.433331 0.0207213 -0.228971
internal_weight=0 655 217 444 319 148 125 105 74 125 211 70 178 104 158 60 98 69 81 55 77 141 59 84 57 48 107 72 50 43
internal_count=872 655 217 444 319 148 125 105 74 125 211 70 178 104 158 60 98 69 81 55 77 141 59 84 57 48 107 72 50 43
is_linear=0
shrinkage=0.05


Tree=15
num_leaves=31
num_cat=0
split_feature=0 7 13 4 4 3 0 8 13 7 2 12 7 10 9 3 6 3 12 9 6 6 13 14 8 14 7 2 13 10
split_gain=19635.9 6269.44 4320.97 2918.54 2535.91 2241.29 1012.04 1275.2 926.59 880.385 880.006 753.057 704.863 770.421 687.957 565.278 543.979 695.349 513.405 486.206 476.517 692.033 378.251 325.443 266.144 328.208 286.19 219.148 150.002 139.913
threshold=29.747916666666672 103.30565476190479 12.050000000000002 0.55000000000000016 1.0000000180025095e-35 10.850000000000003 47.385416666666679 53.947986111111113 10.850000000000003 57.964880952380959 23.650000000000002 24.650000000000002 45.448214285714293 2.5000000000000004 2.5000000000000004 10.250000000000002 30.958333333333332 17.250000000000004 28.550000000000004 3.5000000000000004 39.062013888888892 36.117916666666666 15.750000000000002 24.200000000000006 37.021527777777784 0.25000000000000006 33.642857142857146 29.850000000000005 15.750000000000002 8.5000000000000018
decision_type=2 10 2 2 2 2 2 10 2 10 2 2 10 2 2 2 10 2 2 2 10 10 2 2 10 2 10 2 2 2
left_child=3 2 4 11 5 6 14 -8 -5 -7 -9 -1 19 -14 -2 -6 -15 22 23 -4 21 24 27 29 26 28 -13 -18 -26 -10
right_child=1 -3 12 8 15 9 7 10 18 -11 -12 20 13 16 -16 -17 17 -19 -20 -21 -22 -23 -24 -25 25 -27 -28 -29 -30 -31
leaf_value=0.12281280329515194 0.54214405816186362 1.0751593482494355 -0.34121696989644662 -0.12448098319582641 -0.17305553480982783 -0.054262228303685267 0.89244533859450259 0.22006083570420742 -0.4397375250182976 0.32335013272522978 0.66503428602218628 -0.19597486582669346 0.27466301148937594 0.17305730201981284 0.19943969631567598 0.15250493849317234 0.083913724943995474 0.17885538326657338 -0.20128711515665057 -0.012432633850561536 -0.38240416012704376 0.12290076850913466 -0.2620818367510131 -0.57994738842759819 -0.21866327673196795 -0.056090314579196277 0.065358818918466566 -0.14477070542899045 -0.38636969129244486 -0.32911284346228992
leaf_weight=29 27 20 22 32 24 29 29 20 107 33 25 22 31 33 32 30 20 23 25 23 20 24 33 35 30 20 20 22 24 39
leaf_count=29 27 20 22 32 24 29 29 20 107 33 25 22 31 33 32 30 20 23 25 23 20 24 33 35 30 20 20 22 24 39
internal_value=0 0.208699 0.170697 -0.258306 0.311031 0.394999 0.510736 0.633892 -0.374794 0.146725 0.467268 -0.111618 0.00188895 0.0505169 0.356271 0.00781139 -0.00252532 -0.0616501 -0.413678 -0.173172 -0.154108 -0.121494 -0.135405 -0.443014 -0.172059 -0.229116 -0.0715303 -0.0358734 -0.293199 -0.410187
internal_weight=0 476 456 427 249 195 133 74 238 62 45 189 207 162 59 54 131 98 206 45 160 140 75 181 116 74 42 42 54 146
internal_count=903 476 456 427 249 195 133 74 238 62 45 189 207 162 59 54 131 98 206 45 160 140 75 181 116 74 42 42 54 146
is_linear=0
shrinkage=0.05


Tree=16
num_leaves=31
num_cat=0
split_feature=0 7 13 4 4 3 1 1 13 7 7 12 13 5 7 0 7 3 0 9 5 6 6 12 10 6 1 1 14 4
split_gain=17721.4 5658.17 3899.67 2633.98 2288.65 2022.77 1280.42 1170.95 858.764 794.547 701.261 679.634 623.975 520.883 517.588 555.89 553.145 510.163 480.107 512.797 450.994 430.877 947.71 378.269 276.797 203.092 323.562 507.127 201.232 198.947
threshold=29.747916666666672 103.30565476190479 12.050000000000002 0.55000000000000016 1.0000000180025095e-35 10.850000000000003 61.564583333333331 41.935416666666669 13.750000000000002 57.964880952380959 65.210119047619074 24.650000000000002 15.050000000000002 43.787202380952387 80.765178571428592 61.375000000000007 52.604761904761908 10.250000000000002 35.341666666666676 3.5000000000000004 25.85267857142858 37.364097222222235 35.921597222222225 26.550000000000004 4.5000000000000009 31.515972222222224 32.927083333333336 44.529166666666669 1.4500000000000002 12.450000000000001
decision_type=2 10 2 2 2 2 2 2 2 10 10 2 2 10 10 2 10 2 2 2 10 10 10 2 2 10 2 2 2 2
left_child=3 2 4 11 5 7 18 -2 20 -7 12 -1 -8 -12 15 16 -9 -6 19 -4 29 22 25 -10 -20 26 -13 -28 -25 -5
right_child=1 -3 6 8 17 9 10 14 23 -11 13 21 -14 -15 -16 -17 -18 -19 24 -21 -22 -23 -24 28 -26 -27 27 -29 -30 -31
leaf_value=0.11667216039937119 0.20424812230570566 1.0214013841748237 -0.16506410907022656 -0.24240174180893012 -0.16440275708834332 -0.051549114685120259 0.45326744429767135 0.69358266396769164 -0.53058211531104715 0.3071826307159482 -0.16039956410725911 -0.24889563560485839 0.092719477911790221 0.18509871691465379 0.33494501797482373 0.82134345670541142 0.38978436291818658 0.1448796918988228 -0.11156206506490707 0.11380486090064926 -0.060028984913459198 -0.32455630756116344 0.19940289890482313 -0.23515059392560614 -0.349286290910095 -0.29565429029365381 0.081458709190289191 -0.23459283132952724 -0.40976353948512534 -0.42458669387775921
leaf_weight=29 29 20 32 43 24 29 24 29 58 33 24 35 24 20 20 24 31 30 25 34 26 28 21 22 24 24 30 22 66 23
leaf_count=29 29 20 32 43 24 29 24 29 58 33 24 35 24 20 20 24 31 30 25 34 26 28 21 22 24 24 30 22 66 23
internal_value=0 0.198264 0.162162 -0.245391 0.295479 0.37525 0.0017945 0.4852 -0.356055 0.139389 0.140827 -0.106037 0.272993 -0.00335489 0.563542 0.61797 0.53662 0.00742083 -0.109431 -0.0214043 -0.236408 -0.146403 -0.108613 -0.431448 -0.227998 -0.166886 -0.131364 -0.0522554 -0.36611 -0.30589
internal_weight=0 476 456 427 249 195 207 133 238 62 92 189 48 44 104 84 60 54 115 66 92 160 132 146 49 111 87 52 88 66
internal_count=903 476 456 427 249 195 207 133 238 62 92 189 48 44 104 84 60 54 115 66 92 160 132 146 49 111 87 52 88 66
is_linear=0
shrinkage=0.05


Tree=17
num_leaves=31
num_cat=0
split_feature=0 7 2 4 4 3 12 6 0 14 7 0 12 1 7 3 8 7 6 6 1 6 6 6 8 14 7 10 12 1
split_gain=15993.6 5106.5 3134.26 2377.17 2311.14 2210.97 1184.77 1876.42 824.804 665.738 651.309 854.899 613.37 601.315 665.753 572.022 565.762 534.183 395.456 585.98 394.871 359.886 334.618 330.359 232.517 296.071 253.186 205.092 178.899 165.48
threshold=29.747916666666672 103.30565476190479 27.050000000000004 0.55000000000000016 1.0000000180025095e-35 10.850000000000003 22.350000000000005 42.600416666666668 56.483333333333348 24.200000000000006 53.170238095238105 61.375000000000007 24.650000000000002 62.32500000000001 65.210119047619074 10.250000000000002 66.234722222222231 56.794047619047625 39.062013888888892 36.117916666666666 52.34791666666667 36.572638888888896 29.322500000000002 31.857083333333335 37.021527777777784 0.25000000000000006 33.642857142857146 8.5000000000000018 26.450000000000003 36.78541666666667
decision_type=2 10 2 2 2 2 2 10 2 2 10 2 2 2 10 2 10 10 10 10 2 10 10 10 10 2 10 2 2 2
left_child=3 2 4 12 5 6 7 -2 16 15 -8 -12 -1 21 17 -5 -7 -15 19 24 -6 22 -4 27 26 29 -14 28 -17 -26
right_child=1 -3 13 9 20 8 10 -9 -10 -11 11 -13 18 14 -16 23 -18 -19 -20 -21 -22 -23 -24 -25 25 -27 -28 -29 -30 -31
leaf_value=0.11083855968097162 0.59886055765328583 0.97033133059740073 -0.13463587535004462 -0.067224599749011835 -0.20969305589795112 -0.20374195670539683 0.78829625201225284 0.044087981922285899 0.31901399010214315 -0.53009946422749443 0.32421759257421778 0.72422749833627187 -0.1789869785308838 0.066544601072867721 -0.051992478470007576 -0.49891505703843875 0.15484162054278636 0.42760696321725844 -0.3470561380684376 0.11551823862828314 0.073517437651753434 -0.19926210462282867 0.083054036992352198 -0.15096855678341606 -0.16848110543644948 -0.044895363897085191 0.066816630363464358 -0.25882577792956279 -0.35551662912656523 -0.34548986866589515
leaf_weight=29 27 20 31 23 20 22 25 35 29 38 34 22 22 21 36 29 22 20 20 24 32 39 41 22 23 20 20 39 87 31
leaf_count=29 27 20 31 23 20 22 25 35 29 38 34 22 22 21 36 29 22 20 20 24 32 39 41 22 23 20 20 39 87 31
internal_value=0 0.188351 0.154054 -0.233121 0.263845 0.335888 0.450183 0.285682 0.111994 -0.338252 0.576096 0.481364 -0.100735 -0.00245677 0.104907 -0.301801 -0.0244502 0.242673 -0.139083 -0.109372 -0.0354097 -0.0769344 -0.0106736 -0.332282 -0.155901 -0.209232 -0.0619376 -0.358017 -0.391366 -0.270097
internal_weight=0 476 456 427 268 216 143 62 73 238 81 56 189 188 77 200 44 41 160 140 52 111 72 177 116 74 42 155 116 54
internal_count=903 476 456 427 268 216 143 62 73 238 81 56 189 188 77 200 44 41 160 140 52 111 72 177 116 74 42 155 116 54
is_linear=0
shrinkage=0.05


Tree=18
num_leaves=31
num_cat=0
split_feature=0 1 13 4 4 3 1 1 9 13 2 8 2 7 8 13 12 0 9 3 14 1 14 8 12 10 13 10 2 1
split_gain=14434.2 4614.71 3257.11 2145.39 1929.32 1719.38 1113.12 1065.47 896.906 739.661 673.893 663.075 772.263 578.889 1100.37 556.952 553.566 440.105 461.428 406.821 406.517 374.393 370.908 381.464 287.157 256.056 172.967 150.109 172.485 120.286
threshold=29.747916666666672 109.43124999999999 12.050000000000002 0.55000000000000016 1.0000000180025095e-35 10.850000000000003 48.670833333333341 61.564583333333331 2.5000000000000004 10.65 24.050000000000004 53.947986111111113 23.550000000000004 65.210119047619074 60.669583333333343 15.050000000000002 24.650000000000002 35.341666666666676 3.5000000000000004 10.250000000000002 24.200000000000006 27.266666666666669 1.0000000180025095e-35 47.057916666666678 28.550000000000004 4.5000000000000009 13.750000000000002 8.5000000000000018 26.650000000000002 18.020833333333339
decision_type=2 2 2 2 2 2 2 2 2 2 2 10 2 10 10 2 2 2 2 2 2 2 2 10 2 2 2 2 2 2
left_child=3 2 4 16 5 6 8 17 -2 -5 -7 -8 -13 15 -15 -9 -1 18 -4 -6 24 -18 23 26 27 -19 -23 29 -29 -11
right_child=1 -3 7 9 19 10 11 13 -10 20 -12 12 -14 14 -16 -17 21 25 -20 -21 -22 22 -24 -25 -26 -27 -28 28 -30 -31
leaf_value=0.10529662617321672 0.47711183797745477 0.92230550467967987 -0.15368708177702503 -0.084708029545586691 -0.14027766585350038 -0.033397084780153817 0.72180033168371993 0.41699484909574197 0.025155667183191885 -0.46301558666652254 0.29645983548214039 0.2032974639818782 0.59351419843733311 -0.25444593023170126 0.2456382843581113 0.0763605517645677 -0.29819485257778849 -0.10322387039661407 0.11084584024022609 0.13081332243257954 -0.50703827275170221 0.047387422977582271 0.042627888492175511 -0.25383575853788193 -0.16562755687534811 -0.33186800442636016 -0.13622016618991722 -0.36757425410406935 -0.16240468857809903 -0.34615143532619669
leaf_weight=29 21 20 32 29 25 32 34 24 23 31 30 21 32 22 22 24 28 25 34 31 36 23 35 45 25 24 29 21 20 76
leaf_count=29 21 20 32 29 25 32 34 24 23 31 30 21 32 22 22 24 28 25 34 31 36 23 35 45 25 24 29 21 20 76
internal_value=0 0.178934 0.14633 -0.221465 0.268169 0.34314 0.445808 -0.000231379 0.240862 -0.321339 0.126211 0.549459 0.4389 0.126595 -0.00440382 0.246678 -0.0956982 -0.101693 -0.0174125 0.00979056 -0.354173 -0.132129 -0.0969023 -0.147248 -0.322363 -0.215213 -0.0550091 -0.348839 -0.267492 -0.380009
internal_weight=0 476 456 427 249 193 131 207 44 238 62 87 53 92 44 48 189 115 66 56 209 160 132 97 173 49 52 148 41 107
internal_count=903 476 456 427 249 193 131 207 44 238 62 87 53 92 44 48 189 115 66 56 209 160 132 97 173 49 52 148 41 107
is_linear=0
shrinkage=0.05


Tree=19
num_leaves=31
num_cat=0
split_feature=0 7 13 4 7 4 3 1 9 13 7 8 0 7 10 13 2 0 9 8 5 6 6 7 14 10 8 14 7 14
split_gain=13026.9 4280.48 2921.53 1936.22 1787.04 1223.75 1364.82 961.586 698.842 695.161 522.448 993.084 512.839 608.794 583.817 502.649 479.06 397.194 416.439 368.849 362.742 353.142 535.558 352.206 251.636 231.091 203.006 243.777 227.508 162.111
threshold=29.747916666666672 103.30565476190479 12.050000000000002 0.55000000000000016 36.395238095238099 1.0000000180025095e-35 10.850000000000003 61.564583333333331 2.5000000000000004 13.750000000000002 65.210119047619074 60.669583333333343 61.375000000000007 52.604761904761908 10.500000000000002 15.050000000000002 22.550000000000004 35.341666666666676 3.5000000000000004 46.250416666666666 25.85267857142858 42.968611111111123 36.117916666666666 60.804464285714282 1.8500000000000003 4.5000000000000009 37.021527777777784 0.25000000000000006 33.642857142857146 7.6500000000000012
decision_type=2 10 2 2 10 2 2 2 2 2 10 10 2 10 2 2 2 2 2 10 10 10 10 10 2 2 10 2 10 2
left_child=3 2 4 16 -2 6 12 17 -8 20 15 -12 13 19 -15 -9 -1 18 -4 -6 29 22 26 -7 -11 -19 28 -28 -18 -5
right_child=1 -3 7 9 5 23 8 10 -10 24 11 -13 -14 14 -16 -17 21 25 -20 -21 -22 -23 -24 -25 -26 -27 27 -29 -30 -31
leaf_value=0.13424031649317061 -0.15615317914634944 0.88593248486518861 -0.14600272856187077 -0.18391667474609089 0.37616976536810398 0.19035975952477505 0.36937460951183154 0.39614511032899224 0.014581166021525861 -0.25396753694204727 -0.24172363281250001 0.23335636935450813 0.61810623244805774 0.077527885138988506 0.42451499225916689 0.072542520985007283 -0.16552152958783239 -0.098062674283981327 0.10530355279059972 0.67619779592468632 -0.039440801240002307 -0.31625713706016545 0.088681943388655787 -0.09374212652444841 -0.4092722770624927 -0.31527460782478256 -0.24742570727787638 -0.043077874928712845 0.067484021484851844 -0.34071214823052287
leaf_weight=21 24 20 32 34 20 24 23 24 35 34 22 22 33 22 27 24 22 25 34 21 26 20 32 20 112 24 54 20 20 32
leaf_count=21 24 20 32 34 20 24 23 24 35 34 22 22 33 22 27 24 22 25 34 21 26 20 32 20 112 24 54 20 20 32
internal_value=0 0.169987 0.138586 -0.210392 0.253978 0.297726 0.355218 -0.00021981 0.155275 -0.305272 0.120265 -0.00418363 0.449501 0.387679 0.268725 0.234344 -0.0909133 -0.096608 -0.0165419 0.529843 -0.197624 -0.119057 -0.0924089 0.0612225 -0.373105 -0.204452 -0.142365 -0.192197 -0.0545665 -0.259939
internal_weight=0 476 456 427 249 225 181 207 58 238 92 44 123 90 49 48 189 115 66 41 92 168 148 44 146 49 116 74 42 66
internal_count=903 476 456 427 249 225 181 207 58 238 92 44 123 90 49 48 189 115 66 41 92 168 148 44 146 49 116 74 42 66
is_linear=0
shrinkage=0.05


Tree=20
num_leaves=31
num_cat=0
split_feature=5 7 1 13 8 13 8 2 7 10 10 1 13 14 10 7 8 12 10 13 6 4 7 5 9 13 2 2 5 14
split_gain=17017.5 4083 2569.22 1643.54 1552.02 1297.8 1097.36 1058.58 981.769 955.829 590.207 574.774 694.747 938.388 1275.33 642.977 582.072 565.494 483.799 446.511 519.365 351.073 329.616 614.687 292.183 283.778 191.973 179.863 164.879 206.589
threshold=45.425000000000004 39.745833333333344 100.90000000000002 9.3500000000000032 53.541388888888896 10.850000000000003 70.763750000000016 24.050000000000004 78.222321428571448 2.5000000000000004 9.5000000000000018 30.239583333333339 12.65 1.0000000180025095e-35 4.5000000000000009 59.161011904761907 58.676944444444445 32.850000000000001 5.5000000000000009 11.250000000000002 41.768888888888888 0.8500000000000002 60.804464285714282 34.293154761904766 2.5000000000000004 17.450000000000003 32.650000000000013 29.850000000000005 23.510416666666671 29.500000000000004
decision_type=10 10 2 2 10 2 10 2 10 2 2 2 2 2 2 10 10 2 2 2 8 2 10 10 2 2 2 2 8 2
left_child=1 5 4 -3 7 10 9 -2 -8 -6 24 -5 15 16 -15 19 22 21 25 20 -13 -16 23 26 -1 27 -14 -7 29 -20
right_child=2 3 -4 11 6 18 8 -9 -10 -11 -12 12 13 14 17 -17 -18 -19 28 -21 -22 -23 -24 -25 -26 -27 -28 -29 -30 -31
leaf_value=-0.28587100745543192 0.71917550419058118 0.31413789928743713 0.86339658079323955 -0.28699012569018773 0.25462876943250501 -0.2255209484100342 0.62359557157227152 0.27656351707198401 0.19454820185899735 -0.16871265377849343 0.13130180974091804 0.25677280217409132 0.062058223145348694 0.39606584821428575 -0.017076556459069255 -0.12918967423231706 -0.36986028529130499 0.1604176265001297 -0.28416570943127106 0.3392986507656483 -0.099246731400489813 -0.31333341442048551 0.072294099699883235 -0.37093256234445354 -0.033843320996864983 -0.34164974931627512 -0.14703613357699438 -0.048853104649221199 -0.42310691509928022 -0.45134100615978245
leaf_weight=23 35 38 27 21 30 25 24 22 30 24 28 20 21 21 20 23 26 20 154 26 21 20 21 22 23 20 23 34 35 21
leaf_count=23 35 38 27 21 30 25 24 22 30 24 28 20 21 21 20 23 26 20 154 26 21 20 21 22 23 20 23 34 35 21
internal_value=0 -0.119639 0.411249 0.00405931 0.337261 -0.236522 0.225856 0.548343 0.385236 0.066477 -0.0496889 -0.0345734 -0.0159088 -0.0691741 0.0607103 0.0989075 -0.162277 -0.0566641 -0.284361 0.17721 0.0744213 -0.165205 -0.100241 -0.155138 -0.159857 -0.178886 -0.0472411 -0.123712 -0.32404 -0.304227
internal_weight=0 706 192 343 165 363 108 57 54 54 74 305 284 194 81 90 113 60 289 67 41 40 87 66 46 79 44 59 210 175
internal_count=898 706 192 343 165 363 108 57 54 54 74 305 284 194 81 90 113 60 289 67 41 40 87 66 46 79 44 59 210 175
is_linear=0
shrinkage=0.05


Tree=21
num_leaves=31
num_cat=0
split_feature=0 7 13 0 6 10 8 13 0 7 0 2 14 14 13 1 6 6 14 8 6 2 3 2 7 10 12 3 3 14
split_gain=12759.2 3830.04 3562.02 1795 2013 1375 1136.68 1021.31 749.833 695.852 606.269 571.653 555.474 454.142 655.696 669.512 457.771 412.649 389.781 365.195 354.728 276.221 270.435 244.347 342.293 218.818 217.867 123.181 170.91 170.869
threshold=42.945833333333347 39.745833333333344 12.050000000000002 61.175000000000004 47.983611111111109 2.5000000000000004 63.65750000000002 10.850000000000003 20.870833333333337 56.794047619047625 55.581250000000004 29.050000000000004 2.3500000000000001 1.0000000180025095e-35 13.15 46.977083333333333 29.689166666666669 34.879513888888901 7.6500000000000012 45.772083333333335 42.284583333333337 26.850000000000005 14.250000000000002 29.850000000000005 37.527380952380959 4.5000000000000009 23.550000000000004 19.550000000000004 14.750000000000002 15.200000000000001
decision_type=2 10 2 2 10 2 10 2 2 10 2 2 2 2 2 2 8 10 2 10 10 2 2 2 10 2 2 2 2 2
left_child=1 7 3 10 -5 9 11 19 -7 -3 20 -4 13 14 15 -10 -15 -18 23 21 -2 -1 -16 -9 -25 -24 -22 28 29 -20
right_child=2 5 6 4 -6 8 -8 18 12 -11 -12 -13 -14 16 22 -17 17 -19 27 -21 26 -23 25 24 -26 -27 -28 -29 -30 -31
leaf_value=-0.23909206374415329 0.53309521993192344 0.44076454058289533 0.066608547154934181 0.9781752762971101 0.41037081262046426 -0.30660067330236024 0.34220787909897893 -0.26578724892465055 -0.072563675705056938 0.050348430020468571 0.11165702566504479 -0.24808468537198172 -0.19147500157356265 -0.028374190573339109 -0.25827995613217353 0.28291909992694858 0.39867245316505434 0.077483718544244767 -0.41821418523788456 0.11354476128305709 0.17917283132672313 -0.0023403374986215074 -0.18294605951417575 -0.025069771411603898 -0.2901304927610216 0.017207111904604565 0.41255417495965957 -0.24680740052745459 -0.4629195852412118 -0.21400793444897448
leaf_weight=28 26 25 31 27 37 23 22 135 26 21 28 27 35 27 24 27 20 20 20 21 20 22 22 29 21 36 20 21 36 21
leaf_count=28 26 25 31 27 37 23 22 135 26 21 28 27 35 27 24 27 20 20 20 21 20 22 22 29 21 36 20 21 36 21
internal_value=0 -0.119002 0.308029 0.44567 0.649913 0.0105493 0.0361894 -0.230986 -0.0340321 0.262531 0.306611 -0.0798866 -0.00758026 0.0242827 -0.0285327 0.108531 0.130702 0.238078 -0.273525 -0.0614313 0.389318 -0.134921 -0.117123 -0.230816 -0.136395 -0.0587131 0.295864 -0.354148 -0.383423 -0.313621
internal_weight=0 660 238 158 64 306 80 354 260 46 94 58 237 202 135 53 67 40 283 71 66 50 82 185 50 58 40 98 77 41
internal_count=898 660 238 158 64 306 80 354 260 46 94 58 237 202 135 53 67 40 283 71 66 50 82 185 50 58 40 98 77 41
is_linear=0
shrinkage=0.05


Tree=22
num_leaves=31
num_cat=0
split_feature=0 7 13 0 6 10 8 13 0 7 8 2 14 7 10 14 13 1 6 6 14 10 2 12 9 2 0 6 13 1
split_gain=11515.2 3456.61 3214.73 1619.99 1816.73 1240.94 1025.86 921.73 676.724 628.006 574.685 515.917 501.315 455.581 590.824 409.863 591.766 604.235 413.138 372.416 351.777 333.733 256.342 428.688 239.709 222.163 228.481 117.786 235.335 95.4823
threshold=42.945833333333347 39.745833333333344 12.050000000000002 61.175000000000004 47.983611111111109 2.5000000000000004 63.65750000000002 10.850000000000003 20.870833333333337 56.794047619047625 48.551805555555568 29.050000000000004 2.3500000000000001 60.804464285714282 10.500000000000002 1.0000000180025095e-35 13.15 46.977083333333333 29.689166666666669 34.879513888888901 7.6500000000000012 9.5000000000000018 29.850000000000005 33.350000000000001 2.5000000000000004 28.850000000000005 27.575000000000006 22.16340277777778 17.450000000000003 27.664583333333344
decision_type=2 10 2 2 10 2 10 2 2 10 10 2 2 10 2 2 2 2 8 10 2 2 2 2 2 2 2 8 2 2
left_child=1 7 3 10 -5 9 11 21 -7 -3 -2 -4 15 -12 -15 16 17 -10 -17 -20 25 24 -18 -24 -1 29 -27 28 -22 -9
right_child=2 5 6 4 -6 8 -8 20 12 -11 13 -13 -14 14 -16 18 22 -19 19 -21 27 -23 23 -25 -26 26 -28 -29 -30 -31
leaf_value=-0.25875222547487781 0.4555119584588444 0.41872631567716606 0.063278123207630654 0.92926650930334032 0.38985227374611675 -0.2912706416586171 0.32509747526862404 -0.30075288469141181 -0.068935493247296961 0.047831012095723838 0.0033692514896392824 -0.2356804530101794 -0.18190125022615708 0.10347603321075441 0.48780148901045328 -0.026955479935363486 -0.2447541356086731 0.26877314398686092 0.37873882085084914 0.073609531223773964 -0.21218535041229591 0.084253508540300226 0.13378477111458778 -0.15353282420216383 -0.027895054869029837 -0.22408501242287457 -0.037859121989458802 -0.40244731090962893 -0.41975544636899775 -0.20966360509103421
leaf_weight=22 34 25 31 27 37 23 22 66 26 21 20 27 35 20 20 27 25 27 20 20 36 26 20 37 23 40 28 40 22 51
leaf_count=22 34 25 31 27 37 23 22 66 26 21 20 27 35 20 20 27 25 27 20 20 36 26 20 37 23 40 28 40 22 51
internal_value=0 -0.113052 0.292628 0.423387 0.617418 0.0100219 0.0343799 -0.219437 -0.0323305 0.249405 0.29128 -0.0758922 -0.00720125 0.198216 0.295639 0.0230686 -0.0271061 0.103105 0.124167 0.226174 -0.259849 -0.0583598 -0.111267 -0.0527196 -0.140759 -0.219276 -0.147404 -0.336441 -0.290919 -0.261047
internal_weight=0 660 238 158 64 306 80 354 260 46 94 58 237 60 40 202 135 53 67 40 283 71 82 57 45 185 68 98 58 117
internal_count=898 660 238 158 64 306 80 354 260 46 94 58 237 60 40 202 135 53 67 40 283 71 82 57 45 185 68 98 58 117
is_linear=0
shrinkage=0.05


Tree=23
num_leaves=31
num_cat=0
split_feature=5 7 1 13 8 8 13 2 6 7 0 5 11 12 3 8 2 14 14 7 13 7 8 13 3 10 8 4 5 6
split_gain=12728.7 2972.21 2011.45 1323.52 1258.59 1008.2 973.824 802.633 723.175 861.895 509.524 502.718 725.669 612.378 580.594 466.936 473.561 395.595 361.879 434.543 551.643 324.344 575.384 292.517 230.288 220.526 214.329 417.866 184.259 137.718
threshold=45.425000000000004 39.745833333333344 100.90000000000002 9.3500000000000032 53.541388888888896 58.069375000000015 11.65 23.650000000000002 58.766041666666673 76.462202380952391 20.470833333333335 37.064285714285724 1.0000000180025095e-35 33.050000000000004 10.15 45.772083333333335 26.850000000000005 8.9000000000000021 2.0500000000000003 49.473809523809535 14.250000000000002 63.613988095238099 51.839861111111119 15.450000000000001 12.750000000000002 5.5000000000000009 36.178750000000001 1.2500000000000002 18.012797619047621 35.247291666666676
decision_type=10 10 2 2 10 10 2 2 10 10 2 10 2 2 2 10 2 2 2 10 2 10 10 2 2 2 8 2 8 8
left_child=1 6 4 -3 7 -6 15 -2 9 -7 -5 12 18 -14 -13 16 -1 24 19 20 -12 22 -16 -21 25 -8 27 -26 -19 -28
right_child=2 3 -4 10 5 8 17 -9 -10 -11 11 14 13 -15 21 -17 -18 28 -20 23 -22 -23 -24 -25 26 -27 29 -29 -30 -31
leaf_value=-0.23930739895218897 0.64034351805845902 0.28037169591376654 0.75578628256917002 -0.25884278131567917 -0.030696989383016317 0.65138481929898262 0.0052593173015685309 0.2603263179461161 0.039525820063427093 0.23541372373248592 0.106415663510561 0.12076272691289586 0.35550733277840274 -0.0067409746628254649 -0.078854631880919138 0.11926023754477502 0.023394792090202201 -0.28081616239280116 -0.19884092571834724 0.0030489149261955866 -0.24004284971290166 -0.054759694236080826 -0.4328608577901667 0.24040231543779372 -0.0167937115970999 -0.21660696190471451 -0.35332087977452487 -0.27615096261951982 -0.43230673951261189 -0.2099068662294975
leaf_weight=42 33 38 27 23 35 20 21 24 20 33 20 24 28 20 24 25 29 49 24 27 27 41 22 25 25 24 47 41 34 26
leaf_count=42 33 38 27 23 35 20 21 24 20 33 20 24 28 20 24 25 29 49 24 27 27 41 22 25 25 24 47 41 34 26
internal_value=0 -0.103425 0.355718 0.00211425 0.290252 0.18993 -0.203149 0.480336 0.29571 0.392384 -0.0325539 -0.0140977 0.0396885 0.204571 -0.0969576 -0.0665725 -0.132007 -0.252256 -0.0246557 0.0175711 -0.0926137 -0.157018 -0.248162 0.117161 -0.211379 -0.113069 -0.243206 -0.17791 -0.342873 -0.302242
internal_weight=0 706 192 343 165 108 363 57 73 53 305 282 171 48 111 96 71 267 123 99 47 87 46 52 184 45 139 66 83 73
internal_count=898 706 192 343 165 108 363 57 73 53 305 282 171 48 111 96 71 267 123 99 47 87 46 52 184 45 139 66 83 73
is_linear=0
shrinkage=0.05


Tree=24
num_leaves=31
num_cat=0
split_feature=5 7 12 13 12 8 14 13 14 13 8 1 3 6 9 8 2 8 2 14 9 7 2 12 3 8 4 5 2 6
split_gain=11494.2 2873.3 1798.89 1897.62 969.972 1112.41 950.988 1040.62 998.922 878.876 837.876 749.788 673.719 539.592 480.947 421.409 427.389 404.353 384.688 357.024 325.798 299.885 221.306 315.089 207.835 193.432 377.124 166.294 155.464 124.291
threshold=46.36041666666668 39.745833333333344 23.250000000000004 9.6500000000000004 22.350000000000005 63.283888888888889 3.0500000000000003 12.65 1.0000000180025095e-35 11.65 49.87416666666666 37.922916666666673 10.65 43.237916666666663 2.5000000000000004 45.772083333333335 26.850000000000005 57.305833333333339 27.650000000000002 8.9000000000000021 3.5000000000000004 55.41458333333334 30.650000000000002 33.45000000000001 12.750000000000002 36.178750000000001 1.2500000000000002 18.012797619047621 27.650000000000002 35.247291666666676
decision_type=10 10 2 2 2 10 2 2 2 2 10 2 2 10 2 10 2 10 2 2 2 8 2 2 2 8 2 8 2 8
left_child=1 9 4 -4 5 -2 7 11 17 15 -10 -3 13 -13 -5 16 20 22 -8 24 -1 -14 -9 -24 28 26 -26 -21 -11 -27
right_child=2 6 3 14 -6 -7 18 8 10 19 -12 12 21 -15 -16 -17 -18 -19 -20 27 -22 -23 23 -25 25 29 -28 -29 -30 -31
leaf_value=-0.36011918403885584 0.161218665618166 -0.10378051418811084 0.50103091762678043 0.20662247410842349 0.82661656765710745 0.61419409441225459 -0.33218640935420995 -0.18151361155509949 -0.079584587514400493 -0.19053930152207613 0.30946332466217785 0.49821004340281849 0.18068676261497396 0.16175636710091071 -0.069675868625442186 0.11329721820354462 0.022225049394985725 -0.25479037934227994 -0.059995108401333846 -0.26677535514594342 -0.081287157982587815 -0.054893915761600846 0.1347637667010228 -0.10333748797914295 -0.015954022940248249 -0.33565483816919173 -0.26234341669009953 -0.41069139846984082 -0.0035116401314735412 -0.19941152662325365
leaf_weight=22 23 24 37 28 21 33 25 25 25 25 31 26 35 22 36 25 29 38 27 49 20 22 24 33 25 47 41 34 20 26
leaf_count=22 23 24 37 28 21 33 25 25 25 25 31 26 35 22 36 25 29 38 27 49 20 22 24 33 25 47 41 34 20 26
internal_value=0 -0.0939372 0.354779 0.215992 0.536823 0.428151 0.00678229 0.0404781 -0.0385905 -0.192992 0.135781 0.148355 0.205985 0.344002 0.0512047 -0.0632438 -0.125406 -0.119964 -0.190856 -0.239643 -0.227342 0.0897609 -0.0574835 -0.00308433 -0.20081 -0.231046 -0.169014 -0.325729 -0.107416 -0.28713
internal_weight=0 720 178 101 77 56 357 305 176 363 56 129 105 48 64 96 71 120 52 267 42 57 82 57 184 139 66 83 45 73
internal_count=898 720 178 101 77 56 357 305 176 363 56 129 105 48 64 96 71 120 52 267 42 57 82 57 184 139 66 83 45 73
is_linear=0
shrinkage=0.05


Tree=25
num_leaves=31
num_cat=0
split_feature=0 4 1 12 2 2 10 6 7 3 0 8 8 2 0 2 10 6 0 7 5 14 6 2 8 7 14 1 2 8
split_gain=7643.65 1986.3 1701.26 1006.88 945.228 711.675 631.926 836.455 786.765 1132.71 550.91 541.508 604.706 472.343 417.189 363.448 266.217 461.741 316.597 263.233 325.609 411.857 293.327 209.465 201.575 195.855 177.508 213.023 163.762 140.859
threshold=39.020833333333336 0.15000000000000005 109.43124999999999 28.850000000000005 32.550000000000004 36.650000000000013 11.500000000000002 44.480069444444446 82.552083333333343 11.15 24.281249999999996 42.490763888888885 47.328541666666673 32.550000000000004 26.520833333333339 31.150000000000002 11.500000000000002 45.173958333333353 32.822916666666671 44.35089285714286 25.225000000000005 4.4000000000000012 24.589166666666667 27.950000000000003 48.114791666666669 47.161309523809528 31.650000000000002 13.183333333333335 25.850000000000005 35.208194444444452
decision_type=2 2 2 2 2 2 2 10 10 2 2 10 10 2 2 2 2 8 2 8 10 2 10 2 10 10 2 2 2 8
left_child=1 5 3 6 -5 10 7 11 9 -9 15 -2 -13 19 -12 23 17 18 24 20 26 -22 -21 -1 -16 -20 27 -3 -29 -30
right_child=2 13 -4 4 -6 -7 -8 8 -10 -11 14 12 -14 -15 16 -17 -18 -19 25 22 21 -23 -24 -25 -26 -27 -28 28 29 -31
leaf_value=-0.094253397229555502 0.30241368077695374 -0.35979093253612521 0.64873535640537749 -0.22385114531332095 0.19481667256466328 -0.30299234963953497 -0.011884334368201403 0.61953276655612854 0.12388086044894797 0.22469426235731912 0.26499545292130539 -0.17586011551320554 0.16704191110200353 0.034800798892974855 0.028510905988514426 0.063881083453694976 -0.11517469053743062 0.27213590031578427 0.010265277822812398 -0.45767593471841378 -0.239792099930346 0.067427572359641405 -0.20960920258210256 -0.28907585753635928 -0.14542696226027704 0.2214632069287093 -0.36409573376178744 -0.052877081334590917 -0.16301170408137536 -0.26920882144345426
leaf_weight=37 32 20 20 28 26 20 26 39 28 34 21 20 36 20 36 24 27 21 21 22 20 24 26 22 31 23 20 20 76 53
leaf_count=37 32 20 20 28 26 20 26 39 28 34 21 20 36 20 36 24 27 21 21 22 20 24 26 22 31 23 20 20 76 53
internal_value=0 -0.110563 0.203829 0.170751 -0.0222703 -0.015464 0.219231 0.251024 0.349208 0.435635 0.00640123 0.138336 0.0445769 -0.199975 0.0555412 -0.100167 0.0278775 0.0571381 0.0164629 -0.216685 -0.19472 -0.0722177 -0.323306 -0.166899 -0.0519678 0.120664 -0.223239 -0.20657 -0.186003 -0.206643
internal_weight=0 584 289 269 54 283 215 189 101 73 263 88 56 301 180 83 159 132 111 281 233 44 48 59 67 44 189 169 149 129
internal_count=873 584 289 269 54 283 215 189 101 73 263 88 56 301 180 83 159 132 111 281 233 44 48 59 67 44 189 169 149 129
is_linear=0
shrinkage=0.05


Tree=26
num_leaves=31
num_cat=0
split_feature=0 4 1 13 8 13 5 5 5 1 2 0 2 12 13 14 0 2 8 2 1 13 12 0 6 6 3 2 6 10
split_gain=6898.39 1792.64 1535.39 954.632 1460.91 1213.42 962.85 670.863 1529.06 911.889 642.287 497.196 493.145 432.774 466.401 381.111 376.513 328.012 307.351 274.474 253.415 593.284 341.355 292.71 243.914 291.649 230.307 214.061 267.32 306.341
threshold=39.020833333333336 0.15000000000000005 109.43124999999999 9.7500000000000018 74.878472222222243 9.1500000000000004 51.60327380952382 43.507738095238103 48.082440476190477 66.885416666666686 36.650000000000013 24.281249999999996 26.650000000000002 32.150000000000013 14.050000000000002 1.0000000180025095e-35 26.520833333333339 31.150000000000002 50.826458333333342 28.050000000000004 41.050000000000004 12.850000000000003 21.750000000000004 32.908333333333339 36.856875000000009 22.323472222222218 15.15 27.450000000000003 20.008055555555561 9.5000000000000018
decision_type=2 2 2 2 10 2 10 10 10 2 2 2 2 2 2 2 2 2 8 2 2 2 2 2 8 10 2 2 8 2
left_child=1 10 3 5 7 6 -2 12 -9 -10 11 17 -5 14 19 -14 -13 -1 -17 27 22 -22 -18 -23 25 -16 -27 28 -3 -30
right_child=2 13 -4 4 -6 -7 -8 8 9 -11 -12 16 15 -15 24 18 20 -19 -20 -21 21 23 -24 -25 -26 26 -28 -29 29 -31
leaf_value=-0.15855410705178472 0.3656944156173737 0.0045270661944928374 0.61629858836531648 -0.26220770166033791 0.43427087007356546 0.60444366758068402 -0.051359780669212346 0.48168197050690653 0.21840876399849854 -0.2089904702626742 -0.28784272819757462 0.25174567734911329 -0.14296523342103076 0.023528575897216797 -0.3085229228290034 -0.03505649093538523 -0.2106672701849179 0.060687030851840976 0.23576667850667779 -0.31041030317544938 0.23791354006777207 -0.11244680055550167 0.034536966118030248 0.10903248676600366 -0.42653978381838115 -0.02979425337504257 -0.24132290804578413 0.030519026924263351 -0.26198755148798231 -0.033023601721063077
leaf_weight=59 31 23 20 21 28 24 25 24 24 26 20 21 24 22 71 20 22 24 22 20 36 35 40 26 21 22 31 22 48 21
leaf_count=59 31 23 20 21 28 24 25 24 24 26 20 21 24 22 71 20 22 24 22 20 36 35 40 26 21 22 31 22 48 21
internal_value=0 -0.105035 0.193638 0.162213 0.100932 0.30699 0.17951 0.0429605 0.153627 -0.00383884 -0.0146908 0.00608117 -0.05117 -0.189976 -0.206812 0.0159784 0.0527642 -0.0951591 0.106803 -0.139564 0.0264836 0.0769494 -0.052471 -0.0180458 -0.268958 -0.242271 -0.153519 -0.109591 -0.143095 -0.192303
internal_weight=0 584 289 269 189 80 56 161 74 50 283 263 87 301 279 66 180 83 42 134 159 97 62 61 145 124 53 114 92 69
internal_count=873 584 289 269 189 80 56 161 74 50 283 263 87 301 279 66 180 83 42 134 159 97 62 61 145 124 53 114 92 69
is_linear=0
shrinkage=0.05


Tree=27
num_leaves=31
num_cat=0
split_feature=0 4 5 12 2 4 13 10 9 5 2 3 3 0 2 13 0 2 6 13 1 12 13 9 6 6 7 13 6 0
split_gain=6225.8 1617.85 1430.58 836.734 819.57 620.417 734.441 1294.05 864.716 1113.32 579.664 487.717 704.885 448.72 394.847 380.413 339.803 296.03 288.568 234.773 512.411 545.895 248.713 417.042 233.085 295.263 225.245 201.549 175.801 331.785
threshold=39.020833333333336 0.15000000000000005 71.630952380952394 28.850000000000005 32.550000000000004 1.4500000000000002 8.6500000000000004 11.500000000000002 3.5000000000000004 52.132738095238103 36.650000000000013 11.950000000000001 9.0500000000000025 24.281249999999996 32.550000000000004 14.050000000000002 26.520833333333339 31.150000000000002 40.739583333333336 12.65 41.377083333333339 21.750000000000004 14.65 3.5000000000000004 36.856875000000009 22.323472222222218 45.218750000000007 11.15 23.222430555555558 16.464583333333337
decision_type=2 2 10 2 2 2 2 2 2 10 2 2 2 2 2 2 2 2 10 2 2 2 2 2 8 10 10 2 8 2
left_child=1 10 3 5 -5 6 -2 8 11 18 13 12 -8 17 15 26 -15 27 -10 20 21 -18 -21 -24 25 -17 28 -1 29 -3
right_child=2 14 -4 4 -6 -7 7 -9 9 -11 -12 -13 -14 16 -16 24 19 -19 -20 22 -22 -23 23 -25 -26 -27 -28 -29 -30 -31
leaf_value=-0.021578273475170134 0.47637764813192196 -0.20775782935321332 0.55360924527049071 -0.21266263781913688 0.17342294232436906 -0.068942203670740138 0.20834187956526878 -0.14579372358322146 0.13365202501416207 -0.15920753479003907 -0.27345059514045716 0.16251707862723958 0.58452142693779685 0.23915839707922368 0.034176739752292636 -0.29309677733501921 -0.21959248572587967 0.057652675484617555 0.39902770632789253 -0.16948496761421364 0.22912080874134388 0.1375814834366674 -0.092947627320377674 0.18097942263508837 -0.40521279459907894 -0.13954548967470015 -0.27668626489846604 -0.21680492957433067 -0.17018449125561055 0.045009032254283494
leaf_weight=20 25 20 24 28 27 20 20 25 20 24 20 22 33 21 20 71 20 24 21 24 35 23 33 24 21 56 23 39 53 37
leaf_count=20 25 20 24 28 27 20 20 25 20 24 20 22 33 21 20 71 20 24 21 24 35 23 33 24 21 56 23 39 53 37
internal_value=0 -0.0997832 0.183956 0.150478 -0.0231297 0.195947 0.22383 0.185565 0.244736 0.111256 -0.0139563 0.360419 0.442567 0.00577711 -0.180478 -0.195755 0.050126 -0.0904011 0.269576 0.0251594 0.0870738 -0.0285459 -0.0344618 0.0223901 -0.250905 -0.225389 -0.134386 -0.150626 -0.104633 -0.0436811
internal_weight=0 584 289 265 55 210 190 165 140 65 283 75 53 263 301 281 180 83 41 159 78 43 81 57 148 127 133 59 110 57
internal_count=873 584 289 265 55 210 190 165 140 65 283 75 53 263 301 281 180 83 41 159 78 43 81 57 148 127 133 59 110 57
is_linear=0
shrinkage=0.05


Tree=28
num_leaves=31
num_cat=0
split_feature=0 4 1 13 8 13 5 5 5 1 2 2 5 1 2 6 7 13 12 13 14 8 8 2 0 10 5 6 6 8
split_gain=5618.79 1460.11 1332.76 775.005 1255.3 1111.2 887.608 570.194 1337.86 833.606 523.147 448.472 412.351 520.757 630.395 596.37 462.698 539.816 359.031 381.984 332.858 275.608 260.102 241.774 214.337 231.406 272.167 197.846 234.819 197.314
threshold=39.020833333333336 0.15000000000000005 109.43124999999999 9.7500000000000018 74.878472222222243 9.1500000000000004 51.60327380952382 43.507738095238103 48.082440476190477 66.885416666666686 36.650000000000013 26.650000000000002 48.258928571428577 40.960416666666667 32.650000000000013 39.761458333333337 42.761309523809537 10.65 32.150000000000013 14.050000000000002 1.0000000180025095e-35 50.826458333333342 38.219513888888891 28.050000000000004 32.908333333333339 5.5000000000000009 30.677083333333339 36.856875000000009 22.323472222222218 47.270208333333343
decision_type=2 2 2 2 10 2 10 10 10 2 2 2 10 2 2 10 10 2 2 2 2 10 10 2 2 2 10 8 10 10
left_child=1 10 3 5 7 6 -2 11 -9 -10 12 -5 13 14 16 24 17 -1 19 23 -13 -22 -19 -3 25 26 -15 28 -21 -30
right_child=2 18 -4 4 -6 -7 -8 8 9 -11 -12 20 -14 15 -16 -17 -18 22 -20 27 21 -23 -24 -25 -26 -27 -28 -29 29 -31
leaf_value=0.063239333857046928 0.33269659160606324 -0.097798287757394617 0.56854223750531674 -0.25150539477666223 0.39925669681813036 0.56057651418571675 -0.067730830371379863 0.44541278406977658 0.20375560602794091 -0.20488647852952663 -0.25977806448936464 -0.13475979082286357 0.21802002858547939 0.018504297326911581 0.16291826394471257 0.313522255346179 -0.32968228674777178 -0.053526880331337456 0.023012248358943249 -0.27844193766654379 -0.035672534480690958 0.22078417905352335 -0.29142658809820809 -0.28627597719430925 0.13068478449627205 0.094978250740942627 -0.23314797793115891 -0.38495215347834999 -0.041045188903808594 -0.23402768213439873
leaf_weight=38 31 114 20 21 28 24 25 24 24 26 20 24 21 22 22 20 23 20 22 71 20 22 27 20 27 22 21 21 26 27
leaf_count=38 31 114 20 21 28 24 25 24 24 26 20 24 21 22 22 20 23 20 22 71 20 22 27 20 27 22 21 21 26 27
internal_value=0 -0.094794 0.174758 0.145481 0.0902653 0.275927 0.153934 0.0365276 0.138554 -0.00873828 -0.0132585 -0.0502534 0.00548826 -0.0129546 -0.0810342 0.0660665 -0.130728 -0.0768937 -0.171454 -0.186788 0.0137813 0.0986619 -0.190193 -0.125929 0.0122717 -0.0369153 -0.104396 -0.24303 -0.218994 -0.139357
internal_weight=0 584 289 269 189 80 56 161 74 50 283 87 263 242 130 112 108 85 301 279 66 42 47 134 92 65 43 145 124 53
internal_count=873 584 289 269 189 80 56 161 74 50 283 87 263 242 130 112 108 85 301 279 66 42 47 134 92 65 43 145 124 53
is_linear=0
shrinkage=0.05


Tree=29
num_leaves=31
num_cat=0
split_feature=0 4 5 12 2 13 10 8 3 9 9 2 5 1 2 6 13 1 6 2 13 10 6 0 1 0 3 6 6 5
split_gain=5070.95 1317.75 1237.21 706.926 716.492 519.174 999.862 777.878 914.866 1000.82 517.939 472.14 372.147 469.984 568.932 538.224 353.7 415.588 379.371 330.604 310.346 204.862 341.188 209.494 243.809 193.439 217.109 189.219 238.376 161.444
threshold=39.020833333333336 0.15000000000000005 71.630952380952394 28.850000000000005 32.550000000000004 8.6500000000000004 11.500000000000002 76.424652777777794 10.65 4.5000000000000009 3.5000000000000004 36.650000000000013 48.258928571428577 40.960416666666667 32.650000000000013 39.761458333333337 10.65 30.239583333333339 39.912500000000016 32.550000000000004 14.050000000000002 9.5000000000000018 23.222430555555558 16.464583333333337 39.131250000000009 32.908333333333339 16.450000000000003 36.856875000000009 22.323472222222218 43.617261904761911
decision_type=2 2 10 2 2 2 2 10 2 2 2 2 10 2 2 10 2 2 10 2 2 2 8 2 2 2 2 8 10 10
left_child=1 11 3 5 -5 -2 7 8 9 -7 29 12 13 14 16 25 17 -1 -18 20 21 22 23 -3 -25 26 -15 28 -22 -10
right_child=2 19 -4 4 -6 6 -8 -9 10 -11 -12 -13 -14 15 -16 -17 18 -19 -20 -21 27 -23 -24 24 -26 -27 -28 -29 -30 -31
leaf_value=0.15164276152849199 0.37711514314370498 -0.20581861627953396 0.50978392129763961 -0.20190075247415473 0.15909010725164857 0.43507090722903224 -0.14784255355596543 0.43682077758842053 0.033365485370159147 0.013307101753625004 -0.14371094996559208 -0.24678915977478028 0.20711903160526637 -0.10269198172858783 0.15477235181765125 0.29784613940864801 -0.11326970639638603 -0.14907116575373544 -0.3757079178023906 0.033535855710506442 -0.26451983991223321 0.010815112975736459 -0.25604551286850541 0.10870629549026489 -0.12947540418668227 0.12415054501206786 0.088415054094208329 -0.3657045446691059 -0.12655147424749366 0.23426601380109788
leaf_weight=20 28 21 24 28 27 39 25 27 20 22 29 20 21 42 22 20 40 27 21 20 71 24 45 21 22 27 23 21 56 20
leaf_count=20 28 21 24 28 27 39 25 27 20 22 29 20 21 42 22 20 40 27 21 20 71 24 45 21 22 27 23 21 56 20
internal_value=0 -0.0900543 0.16602 0.134887 -0.0246871 0.17668 0.145844 0.19261 0.141889 0.282959 0.0171741 -0.0125956 0.00521384 -0.0123069 -0.0769825 0.0627631 -0.124192 -0.0211078 -0.203617 -0.162881 -0.176861 -0.121431 -0.150549 -0.0763722 -0.0131541 0.0116581 -0.0350695 -0.226673 -0.203683 0.133816
internal_weight=0 584 289 265 55 210 182 157 130 61 69 283 263 242 130 112 108 47 61 301 281 133 109 64 43 92 65 148 127 40
internal_count=873 584 289 265 55 210 182 157 130 61 69 283 263 242 130 112 108 47 61 301 281 133 109 64 43 92 65 148 127 40
is_linear=0
shrinkage=0.05


Tree=30
num_leaves=31
num_cat=0
split_feature=0 0 12 1 7 6 10 13 2 12 13 5 5 6 6 8 8 12 13 14 13 9 3 5 6 8 14 5 1 13
split_gain=6006.86 3117.28 1264.18 1167.64 1390.97 785.527 770.462 2218.18 724.037 1041.01 582.001 582.289 560.769 552.516 506.504 426.598 465.439 371.111 326.172 282.323 297.737 241.896 227.616 173.612 172.246 152.76 150.014 194.182 142.309 130.873
threshold=60.362500000000004 21.831250000000001 25.050000000000004 85.885416666666671 84.668154761904773 51.06784722222222 11.500000000000002 10.450000000000001 32.750000000000007 33.850000000000001 9.9500000000000011 51.079166666666673 52.666964285714293 32.344305555555557 37.225972222222232 51.139375000000008 45.558472222222214 26.550000000000004 17.150000000000002 1.0000000180025095e-35 13.15 4.5000000000000009 15.65 40.367857142857147 19.607361111111114 33.375625000000007 0.15000000000000005 18.476785714285715 57.666666666666679 13.250000000000002
decision_type=2 2 2 2 10 8 2 2 2 2 2 10 10 10 10 10 10 2 2 2 2 2 2 10 10 10 2 8 2 2
left_child=1 13 6 -2 -5 8 10 -8 15 22 12 28 -3 17 -15 16 19 25 -11 20 -4 23 -10 -17 -21 -1 -19 -28 -12 -26
right_child=3 2 5 4 -6 -7 7 -9 9 18 11 -13 -14 14 -16 21 -18 26 -20 24 -22 -23 -24 -25 29 -27 27 -29 -30 -31
leaf_value=-0.25893423998107518 0.62727370535333948 0.22952668294892647 0.13947454238167176 -0.01858170802394549 0.51973567853371305 0.2889284644275904 0.24822456762194633 -0.4230192515254021 0.38250790209997271 0.033664030623104836 0.12404154896736147 0.54857110083103178 -0.1079732643812895 0.11921934736176179 -0.18725387496607646 -0.15658550700720619 0.13165261606302334 -0.054928244898716609 -0.21070403375408869 -0.0037413882938298311 -0.091696175336837771 -0.029845125476519269 0.15482818315858426 -0.33445187223994216 -0.11741373551135162 -0.41342925354838372 -0.13774083918472352 -0.28433655760175475 0.31040177118210566 -0.26199052301437958
leaf_weight=48 36 32 26 24 24 20 32 20 21 36 20 20 20 26 28 34 34 24 22 22 30 21 23 23 49 24 58 37 21 23
leaf_count=48 36 32 26 24 24 20 32 20 21 36 20 20 20 26 28 34 34 24 22 22 30 21 23 23 49 24 58 37 21 23
internal_value=0 -0.0326038 0.0335789 0.412018 0.250577 -0.0161564 0.149327 -0.00994613 -0.0329193 0.0800993 0.22262 0.327388 0.099719 -0.180907 -0.0396927 -0.076919 -0.0353789 -0.220832 -0.0590273 -0.0732394 0.0156331 -0.174911 0.263494 -0.228356 -0.126185 -0.310433 -0.166619 -0.194836 0.219494 -0.163598
internal_weight=0 794 549 84 48 384 165 52 364 102 113 61 52 245 54 262 184 191 58 150 56 78 44 57 94 72 119 95 41 72
internal_count=878 794 549 84 48 384 165 52 364 102 113 61 52 245 54 262 184 191 58 150 56 78 44 57 94 72 119 95 41 72
is_linear=0
shrinkage=0.05


Tree=31
num_leaves=31
num_cat=0
split_feature=0 0 12 1 7 6 10 13 2 12 13 5 5 6 6 12 14 6 3 0 13 0 3 5 13 14 5 7 1 5
split_gain=5421.19 2813.35 1140.92 1053.79 1255.35 708.938 695.342 2001.91 653.443 939.514 525.256 525.516 506.094 498.646 457.12 334.928 315.106 457.635 451.629 375.159 294.37 245.896 205.424 198.781 138.407 135.388 175.249 131.425 128.434 121.025
threshold=60.362500000000004 21.831250000000001 25.050000000000004 85.885416666666671 84.668154761904773 51.06784722222222 11.500000000000002 10.450000000000001 32.750000000000007 33.850000000000001 9.9500000000000011 51.079166666666673 52.666964285714293 32.344305555555557 37.225972222222232 26.550000000000004 10.850000000000003 33.736736111111121 12.050000000000002 35.650000000000013 17.150000000000002 34.177083333333336 15.65 31.140178571428574 14.450000000000001 0.15000000000000005 18.476785714285715 34.79136904761905 57.666666666666679 15.752380952380955
decision_type=2 2 2 2 10 8 2 2 2 2 2 10 10 10 10 2 2 10 2 2 2 2 2 10 2 2 8 10 2 10
left_child=1 13 6 -2 -5 8 10 -8 16 22 12 28 -3 15 -15 -1 17 19 -19 23 -11 -20 -10 24 27 -17 29 -4 -12 -27
right_child=3 2 5 4 -6 -7 7 -9 9 20 11 -13 -14 14 -16 25 -18 18 21 -21 -22 -23 -24 -25 -26 26 -28 -29 -30 -31
leaf_value=-0.29491094961348507 0.5959100209176541 0.2180503526935354 -0.12939887073636056 -0.017652626335620879 0.49374889334042865 0.27448204629123213 0.23581333593465389 -0.40186828933656216 0.36338250105313602 0.031980826954046887 0.11783946871757507 0.52114254444837571 -0.10257459476590157 0.11325837902527734 -0.17789118577327048 -0.05218183298905691 -0.22275613709803552 0.01677968648798538 -0.093771967291831973 0.14053687704236884 -0.20016882839527997 -0.2900642678523675 0.1470867720635041 -0.1664274914264679 0.098280920477017114 -0.20307964767361511 -0.27011973048384125 0.040272550781567891 0.29488167933055331 -0.058627948267706509
leaf_weight=72 36 32 25 24 24 20 32 20 21 36 20 20 20 26 28 24 31 33 27 38 22 39 23 25 23 29 37 21 21 29
leaf_count=72 36 32 25 24 24 20 32 20 21 36 20 20 20 26 28 24 31 33 27 38 22 39 23 25 23 29 37 21 21 29
internal_value=0 -0.0309736 0.0318999 0.391418 0.238048 -0.0153486 0.14186 -0.00944883 -0.0312734 0.0760944 0.211489 0.311019 0.0947331 -0.171862 -0.0377081 -0.20979 -0.073073 -0.0529857 -0.134249 0.00796157 -0.0560759 -0.209763 0.250319 -0.0456327 -0.00186648 -0.158288 -0.185094 -0.0519402 0.20852 -0.130854
internal_weight=0 794 549 84 48 384 165 52 364 102 113 61 52 245 54 191 262 231 99 132 58 66 44 94 69 119 95 46 41 58
internal_count=878 794 549 84 48 384 165 52 364 102 113 61 52 245 54 191 262 231 99 132 58 66 44 94 69 119 95 46 41 58
is_linear=0
shrinkage=0.05


Tree=32
num_leaves=31
num_cat=0
split_feature=0 0 12 13 6 6 2 12 6 8 8 8 6 3 8 6 12 12 6 12 7 13 7 5 8 9 5 8 14 5
split_gain=4892.63 2539.04 1029.68 993.126 639.817 603.158 593.512 875.529 450.028 470.335 379.845 582.735 364.246 360.943 938.69 620.649 984.617 445.738 303.473 302.272 283.011 344.961 313.28 243.122 227.569 203.508 142.651 137.866 122.187 158.162
threshold=60.362500000000004 21.831250000000001 25.050000000000004 9.5500000000000025 51.06784722222222 52.06430555555557 32.650000000000013 33.850000000000001 32.344305555555557 48.114791666666669 51.139375000000008 45.558472222222214 33.162916666666682 10.050000000000002 56.909027777777787 45.838611111111113 22.350000000000005 23.050000000000004 43.237916666666663 26.550000000000004 35.63630952380953 13.15 32.06785714285715 34.464285714285715 35.654375000000009 4.5000000000000009 38.551488095238106 33.375625000000007 0.15000000000000005 18.476785714285715
decision_type=2 2 2 2 8 10 2 2 10 10 10 10 10 2 10 10 2 2 10 2 10 2 10 10 10 2 10 10 2 8
left_child=1 8 13 -2 6 -5 10 12 19 -10 11 20 -8 17 -15 -16 -17 18 -3 27 22 24 -4 -9 -22 26 -12 -1 -21 -30
right_child=3 2 4 5 -6 -7 7 23 9 -11 25 -13 -14 14 15 16 -18 -19 -20 28 21 -23 -24 -25 -26 -27 -28 -29 29 -31
leaf_value=-0.23124197887567186 0.63595889043807985 0.2695575472712517 -0.079029743710998454 0.38320821685766854 0.26075794680044057 0.052610978247089824 0.38046641633624123 -0.13796015726892571 0.15657572939991951 -0.14899817736928953 -0.13658415866749626 0.16517282207646677 0.10703798316676041 -0.18556862315879419 0.3935845423312414 0.29313404741494553 -0.17474603525108912 0.3790537043578095 0.010493322211102798 -0.04957273627320926 -0.039480358904058287 -0.13127534963628826 -0.31456471413373949 0.074025782517024449 0.18101232469081879 -0.029407586753368378 -0.2976589391628901 -0.3780122391879559 -0.12431110824490417 -0.25661374221782424
leaf_weight=48 25 20 48 37 20 22 21 38 20 34 28 31 29 26 21 23 22 27 26 24 22 34 20 21 25 20 27 24 58 37
leaf_count=48 25 20 48 37 20 22 21 38 20 34 28 31 29 26 21 23 22 27 26 24 22 34 20 21 25 20 27 24 58 37
internal_value=0 -0.029425 0.0303049 0.371847 -0.0145812 0.259935 -0.0297097 0.0679445 -0.163269 -0.0358227 -0.0714521 -0.032061 0.221878 0.134767 0.0688931 0.169136 0.0643927 0.217787 0.12313 -0.199301 -0.0730963 -0.00995829 -0.148305 -0.0625075 0.077803 -0.165991 -0.215657 -0.280165 -0.150374 -0.17584
internal_weight=0 794 549 84 384 59 364 109 245 54 255 180 50 165 92 66 45 73 46 191 149 81 68 59 47 75 55 72 119 95
internal_count=878 794 549 84 384 59 364 109 245 54 255 180 50 165 92 66 45 73 46 191 149 81 68 59 47 75 55 72 119 95
is_linear=0
shrinkage=0.05


Tree=33
num_leaves=31
num_cat=0
split_feature=0 0 14 1 7 3 1 12 10 6 3 12 9 10 12 5 7 8 6 8 13 8 5 1 0 7 9 1 12 5
split_gain=4441.23 1745.62 1244.13 859.737 1028.81 854.883 807.249 780.346 872.458 530.187 348.225 357.856 319.437 285.339 319.456 374.908 237.501 501.23 351.228 230.295 370.007 616.892 283.088 206.012 205.157 160.685 159.076 158.363 92.7583 76.3306
threshold=37.768750000000004 61.175000000000004 1.4500000000000002 85.885416666666671 84.668154761904773 10.350000000000003 57.918750000000003 24.850000000000005 11.500000000000002 53.599583333333349 13.950000000000001 27.250000000000004 3.5000000000000004 9.5000000000000018 29.850000000000005 27.683333333333337 64.654166666666669 60.669583333333343 35.009861111111128 51.952361111111124 17.250000000000004 46.931458333333346 28.002976190476193 51.960416666666681 22.260416666666668 35.416964285714293 4.5000000000000009 23.620833333333337 33.45000000000001 36.206250000000004
decision_type=2 2 2 2 10 2 2 2 2 10 2 2 2 2 2 8 10 10 10 10 2 10 10 2 2 10 2 2 2 8
left_child=2 5 7 -3 -5 9 23 8 -1 12 11 24 -2 14 15 25 18 -18 -8 20 21 22 -16 -7 -4 -9 27 -12 -23 -17
right_child=1 3 10 4 -6 6 16 13 -10 -11 26 -13 -14 -15 19 29 17 -19 -20 -21 -22 28 -24 -25 -26 -27 -28 -29 -30 -31
leaf_value=0.33066862629305938 0.24196497711696124 0.55673220067313223 -0.25276712915830074 -0.015190386253854502 0.45277817441771434 -0.063153900355100642 0.29920945584774022 -0.11400353863756074 -0.033581110121948379 0.43039761249508174 -0.19778212072120774 0.056472222669119089 0.027555043157190085 0.085054889501947353 -0.0019132441282272339 -0.32536158025264744 -0.18105863451957704 0.12961921103902765 0.018093266189098359 0.081107280728144535 -0.22486128887304893 -0.070447128266096115 0.26411689162254331 -0.29009669601917265 -0.072287614480592316 0.055208533108234405 -0.13855919981425679 -0.33362832505982826 -0.22272836670279503 -0.18887602878468379
leaf_weight=31 38 33 31 23 24 20 25 47 35 21 45 27 32 33 20 20 20 37 20 39 26 20 20 20 32 20 37 41 20 21
leaf_count=31 38 33 31 23 24 20 25 47 35 21 45 27 32 33 20 20 20 37 20 39 26 20 20 20 32 20 37 41 20 21
internal_value=0 0.159604 -0.0751822 0.361118 0.223772 0.0904146 0.0137453 -0.0174661 0.137506 0.210053 -0.170563 -0.0958248 0.143949 -0.0532289 -0.0712659 -0.136367 0.0884004 0.0206094 0.174269 -0.0227769 -0.0609984 -0.00774296 0.131102 -0.176625 -0.161095 -0.0634925 -0.225249 -0.262546 -0.146588 -0.255454
internal_weight=0 313 565 80 47 233 142 352 66 91 213 90 70 286 253 108 102 57 45 145 106 80 40 40 63 67 123 86 40 41
internal_count=878 313 565 80 47 233 142 352 66 91 213 90 70 286 253 108 102 57 45 145 106 80 40 40 63 67 123 86 40 41
is_linear=0
shrinkage=0.05


Tree=34
num_leaves=31
num_cat=0
split_feature=0 0 14 13 3 1 2 10 6 1 6 10 2 12 5 2 3 1 2 5 2 6 8 12 2 1 9 12 3 2
split_gain=4008.21 1575.42 1122.83 870.215 771.532 728.543 717.241 911.424 579.347 511.581 869.82 367.042 392.965 961.412 333.736 332.62 305.449 302.605 297.425 280.353 270.652 540.169 229.025 248.018 227.192 185.926 173.782 161.972 202.989 155.163
threshold=37.768750000000004 61.175000000000004 1.4500000000000002 9.5500000000000025 10.350000000000003 57.918750000000003 24.350000000000005 11.500000000000002 52.457638888888908 57.533333333333339 45.173958333333353 9.5000000000000018 32.95000000000001 33.850000000000001 30.843750000000004 27.150000000000002 12.550000000000002 42.962500000000006 32.750000000000007 49.874702380952392 25.550000000000004 34.111388888888897 47.057916666666678 27.750000000000004 34.95000000000001 51.960416666666681 4.5000000000000009 26.250000000000004 13.65 27.250000000000004
decision_type=2 2 2 2 2 2 2 2 10 2 10 2 2 2 8 2 2 2 2 10 2 10 8 2 2 2 2 2 2 2
left_child=2 4 6 -3 9 25 7 -1 -5 10 -2 12 14 -14 17 27 -16 26 20 -11 -7 -22 23 -17 -15 -6 29 -4 -29 -8
right_child=1 3 15 8 5 18 11 -9 -10 19 -12 -13 13 24 16 22 -18 -19 -20 -21 21 -23 -24 -25 -26 -27 -28 28 -30 -31
leaf_value=0.3490161797830037 0.073638643026351924 0.58765848445892332 -0.28033994152038189 0.35455243212836129 -0.059996201097965246 0.139056510064337 -0.17670064181089404 -0.036202824471847105 0.017209490090608598 0.1954256718158722 0.51602942740917201 0.095262497859565837 0.31045368562142056 -0.22022344529628757 -0.36262718786795939 -0.11527865196353403 -0.12714139282703402 0.090522041916847235 0.24221744913121929 -0.052386148380381727 0.13461704616035736 -0.2199088979851116 -0.1802006019613682 0.10735288221727719 -0.013829259593039751 -0.27559186413884168 -0.2213467667500178 -0.066942272977903491 -0.23993901228054595 -0.0068286933550020541
leaf_weight=28 20 25 54 35 20 36 20 34 20 25 25 38 21 20 21 29 40 25 23 21 21 22 39 22 40 20 24 30 39 41
leaf_count=28 20 25 54 35 20 36 20 34 20 25 25 38 21 20 21 29 40 25 23 21 21 22 39 22 40 20 24 30 39 41
internal_value=0 0.151624 -0.0714231 0.343062 0.0858939 0.013058 -0.0165928 0.137767 0.231882 0.19955 0.319411 -0.0495939 -0.0714373 0.0192826 -0.11441 -0.162035 -0.20821 -0.0623933 0.0839804 0.0822942 0.0379113 -0.0467683 -0.0889905 -0.0192415 -0.0826273 -0.167794 -0.107368 -0.215482 -0.164723 -0.0625244
internal_weight=0 313 565 80 233 142 352 62 55 91 45 290 252 81 171 213 61 110 102 46 79 43 90 51 60 40 85 123 69 61
internal_count=878 313 565 80 233 142 352 62 55 91 45 290 252 81 171 213 61 110 102 46 79 43 90 51 60 40 85 123 69 61
is_linear=0
shrinkage=0.05


Tree=35
num_leaves=31
num_cat=0
split_feature=0 14 13 3 12 9 3 1 8 7 14 5 3 8 3 2 8 9 8 7 5 1 5 0 5 7 13 2 9 5
split_gain=3527.9 1512.55 1498.17 898.752 733.978 521.874 468.102 488.594 1173.11 441.93 765.745 478.441 389.134 334.812 297.224 387.899 295.982 260.75 426.508 308.617 260.699 250.541 225.54 212.129 210.047 201.158 182.11 192.377 343.726 173.852
threshold=60.362500000000004 2.1500000000000008 10.550000000000002 10.65 27.750000000000004 3.5000000000000004 10.250000000000002 49.347916666666677 64.694861111111123 40.101190476190482 0.55000000000000016 39.21755952380952 18.550000000000004 28.777222222222225 15.050000000000002 33.350000000000001 50.993680555555564 3.5000000000000004 34.557361111111113 36.992261904761911 16.832142857142859 36.085416666666674 31.169345238095243 29.547916666666676 27.199404761904763 50.236309523809531 17.450000000000003 30.950000000000003 3.5000000000000004 51.079166666666673
decision_type=2 2 2 2 2 2 2 2 10 10 2 10 2 8 2 2 10 2 10 10 10 2 8 2 10 10 2 2 2 10
left_child=1 3 5 4 6 -2 7 21 -9 22 11 12 14 20 15 25 -12 19 -19 -15 -3 -1 26 -16 -20 -11 27 28 -5 -13
right_child=2 13 -4 9 -6 -7 -8 8 -10 10 16 29 -14 17 23 -17 -18 18 24 -21 -22 -23 -24 -25 -26 -27 -28 -29 -30 -31
leaf_value=0.11997372287397201 0.65110265215237939 -0.14574196566162365 0.084084923664728806 0.019731051875994759 -0.14193799704313279 0.31395926610990005 0.34832535523176195 0.42750441555319169 -0.063196174374648514 0.020603839375756005 0.071932805294082289 -0.16983375723366856 0.21384733110949725 -0.17937621202260731 -0.232192647382617 -0.13021087616682053 0.34069613076746469 -0.2603664985712385 -0.1138082809489349 -0.37888014739645381 0.074130432766217447 -0.09208508195976417 -0.25933964479714633 -0.015597989925971398 0.093828497046516066 0.22603274188362638 -0.17841944656170466 0.086050970175049535 -0.19610578741346088 -0.015426372965941064
leaf_weight=26 24 28 45 39 25 22 25 29 21 22 21 61 23 63 20 20 20 32 29 28 26 30 20 26 21 26 34 22 35 26
leaf_count=26 24 28 45 39 25 22 25 29 21 22 21 61 23 63 20 20 20 32 29 28 26 30 20 26 21 26 34 22 35 26
internal_value=0 -0.0393898 0.289202 0.00401297 0.106327 0.48986 0.153705 0.107804 0.22141 -0.0344471 0.00437197 -0.0319908 0.0262409 -0.148566 -0.0116095 0.0547929 0.203037 -0.182492 -0.117826 -0.240762 -0.0398775 0.00637079 -0.103027 -0.10977 -0.0266008 0.131878 -0.0789795 -0.0437611 -0.0823539 -0.123689
internal_weight=0 798 91 571 156 46 131 106 50 415 265 224 137 227 114 68 41 173 82 91 54 56 150 46 50 48 130 96 74 87
internal_count=889 798 91 571 156 46 131 106 50 415 265 224 137 227 114 68 41 173 82 91 54 56 150 46 50 48 130 96 74 87
is_linear=0
shrinkage=0.05


Tree=36
num_leaves=31
num_cat=0
split_feature=0 5 14 1 13 7 10 7 2 7 13 12 5 10 7 10 8 6 7 5 6 1 1 2 5 7 7 9 7 4
split_gain=3183.93 1436.82 1365.07 1123.67 685.202 696.561 588.827 500.947 679.154 663.512 581.28 746.089 449.541 462.605 396.365 388.808 302.168 355.929 248.718 235.281 214.113 379.947 237.966 195.685 182.781 155.53 186.553 144.48 232.735 138.033
threshold=60.362500000000004 63.28660714285715 2.1500000000000008 72.470833333333346 8.6500000000000004 40.101190476190482 11.500000000000002 45.917559523809537 24.450000000000003 63.235714285714302 10.15 25.850000000000005 31.338690476190482 9.5000000000000018 48.641964285714295 4.5000000000000009 28.777222222222225 31.985833333333343 37.527380952380959 16.832142857142859 36.572638888888896 48.670833333333341 58.87916666666667 24.250000000000004 40.111011904761916 35.416964285714293 36.992261904761911 2.5000000000000004 28.943452380952383 0.45000000000000007
decision_type=2 10 2 2 2 10 2 10 2 10 2 2 10 2 10 2 8 10 10 10 10 2 2 2 10 10 10 2 10 2
left_child=2 3 4 -2 23 12 7 15 9 -9 -10 -12 13 25 -13 -7 19 18 -18 -4 21 -16 -23 -1 -22 27 -27 -6 -29 -24
right_child=1 -3 16 -5 5 6 -8 8 10 -11 11 14 -14 -15 20 -17 17 -19 -20 -21 24 22 29 -25 -26 26 -28 28 -30 -31
leaf_value=0.3126715126633644 0.42324914932250979 0.53198800297344429 -0.13845486688826766 -0.041920423024409528 -0.064062314185985306 0.34876881786014724 -0.16446537218987944 0.34418192115323298 0.23655521970242266 0.016362859150677016 -0.30720373292764031 -0.19089273750782013 -0.27497323666300094 0.16713526564708447 -0.10731573895267819 0.063913531392812736 -0.16971004833777747 -0.025648539626237116 -0.32361720834459579 0.070423914606754609 -0.16702038668074901 0.25448943295826515 -0.022382509553184115 0.094139103059257781 0.041829445064067841 0.093712462271962851 -0.10843595796823502 -0.081019178891311522 -0.30849317556077782 0.15314823152674806
leaf_weight=20 20 34 28 37 43 23 35 29 20 33 24 25 28 20 23 25 105 33 35 26 22 24 24 21 20 21 25 23 22 21
leaf_count=20 20 34 28 37 43 23 35 29 20 33 24 25 28 20 23 25 105 33 35 26 22 24 24 21 20 21 25 23 22 21
internal_value=0 0.274742 -0.0374203 0.121297 0.00381232 -0.0114217 0.0300314 0.0517803 0.0248593 0.169698 -0.0193771 -0.0473478 -0.0906838 -0.0571766 -0.00812428 0.200407 -0.141138 -0.173367 -0.208187 -0.0378836 0.0259743 0.0686784 0.127343 0.20074 -0.0675681 -0.090656 -0.0161508 -0.129602 -0.192229 0.0595318
internal_weight=0 91 798 57 571 530 348 313 265 62 203 183 182 154 159 48 227 173 140 54 134 92 69 41 42 134 46 88 45 45
internal_count=889 91 798 57 571 530 348 313 265 62 203 183 182 154 159 48 227 173 140 54 134 92 69 41 42 134 46 88 45 45
is_linear=0
shrinkage=0.05


Tree=37
num_leaves=31
num_cat=0
split_feature=0 13 14 3 12 9 6 12 5 13 7 14 6 5 7 13 1 0 13 6 12 1 13 6 5 7 10 5 5 6
split_gain=2873.5 1312.26 1231.98 739.186 639.512 488.549 462.596 694.776 660.678 521.821 364.921 538.097 459.259 399.546 380.329 442.065 273.065 496.139 269.455 249.828 541.262 346.407 238.032 222.764 186.53 163.584 323.376 216.573 114.805 114.218
threshold=60.362500000000004 10.550000000000002 2.1500000000000008 10.65 27.750000000000004 3.5000000000000004 38.287013888888893 24.850000000000005 41.526785714285722 9.8500000000000032 35.416964285714293 0.55000000000000016 30.732222222222227 37.902976190476203 57.17886904761906 12.850000000000003 51.085416666666667 27.950000000000006 11.850000000000003 30.732222222222227 34.150000000000013 50.662500000000009 11.250000000000002 50.670902777777805 25.314880952380957 61.37916666666667 3.5000000000000004 43.507738095238103 23.252380952380957 20.353402777777781
decision_type=2 2 2 2 2 2 10 2 10 2 10 2 10 10 10 2 2 2 2 10 2 2 2 10 10 10 2 10 8 10
left_child=2 5 3 4 6 -2 -1 8 -8 -10 24 13 -13 14 15 22 17 18 -4 20 -17 -21 -12 -3 29 -15 -27 -28 -20 -5
right_child=1 23 16 10 -6 -7 7 -9 9 -11 11 12 -14 25 -16 19 -18 -19 28 21 -22 -23 -24 -25 -26 26 27 -29 -30 -31
leaf_value=0.33410629028081895 0.60481068789958958 0.17309685920675597 -0.012916806992143393 -0.14875758405153949 -0.13532870706915856 0.27860918695276438 0.20636205278111228 0.35254085014263792 -0.23806116535113409 0.078719952057760501 -0.0073392189067343003 -0.023623878118537722 0.29075360461496391 -0.21516040018920243 0.19602755839005115 0.17337337332963942 -0.28996279369294647 0.093714625716209421 -0.15097424074493607 -0.056287544965744021 -0.1556439164876938 -0.31222970455884935 0.21554230439662933 -0.049892368770781015 -0.2117810025372926 -0.21342140078544616 -0.10053011432290078 0.13215710878372194 -0.26220021042330516 -0.0071381544641086038
leaf_weight=25 24 24 32 24 25 22 33 21 26 26 23 21 26 29 24 25 25 25 116 39 25 20 25 21 34 25 20 20 29 35
leaf_count=25 24 24 32 24 25 22 33 21 26 26 23 21 26 29 24 25 25 25 116 39 25 20 25 21 34 25 20 20 29 35
internal_value=0 0.261005 -0.0355493 0.0036217 0.0964094 0.448801 0.140634 0.0950041 0.0313774 -0.0796706 -0.0312575 -0.00605997 0.150287 -0.0327811 0.0106511 -0.0176867 -0.134081 -0.114789 -0.144238 -0.073363 0.00886473 -0.143048 0.108745 0.0690352 -0.118501 -0.116411 -0.0723538 0.0158135 -0.173219 -0.0647461
internal_weight=0 91 798 571 156 46 131 106 85 52 415 322 47 275 181 157 227 202 177 109 50 59 48 45 93 94 65 40 145 59
internal_count=889 91 798 571 156 46 131 106 85 52 415 322 47 275 181 157 227 202 177 109 50 59 48 45 93 94 65 40 145 59
is_linear=0
shrinkage=0.05


Tree=38
num_leaves=31
num_cat=0
split_feature=0 5 14 1 3 4 6 8 5 7 14 0 0 6 6 5 9 8 6 1 6 6 5 9 5 5 10 8 13 8
split_gain=2593.33 1289.22 1111.86 1006.52 667.116 578.379 408.61 852.673 1023.85 345.573 606.18 396.779 299.581 289.809 288.129 284.754 268.344 262.861 320.367 255.47 252.629 242.401 227.627 207.088 204.014 189.563 161.8 161.053 154.607 178.713
threshold=60.362500000000004 63.28660714285715 2.1500000000000008 72.470833333333346 10.65 0.15000000000000005 38.866180555555559 55.410902777777785 45.832142857142863 40.101190476190482 0.55000000000000016 34.660416666666677 29.064583333333335 36.173402777777788 44.480069444444446 29.891666666666669 3.5000000000000004 28.777222222222225 31.985833333333343 56.562500000000007 35.432430555555563 33.421180555555566 18.736309523809528 2.5000000000000004 16.832142857142859 31.169345238095243 7.5000000000000009 31.850347222222222 17.450000000000003 32.948194444444447
decision_type=2 10 2 2 2 2 10 10 10 10 2 2 2 10 10 10 2 8 10 2 10 10 8 2 10 8 2 10 2 8
left_child=2 3 4 -2 5 6 -1 14 -9 25 11 12 13 15 -8 -11 -12 24 22 -13 -21 -14 -19 -22 -4 28 -24 -28 29 -6
right_child=1 -3 17 -5 9 -7 7 8 -10 10 16 19 21 -15 -16 -17 -18 18 -20 20 23 -23 26 -25 -26 -27 27 -29 -30 -31
leaf_value=0.29142866836440179 0.38838319957256318 0.49162954547825982 -0.12472300523576062 -0.051870184653514145 -0.16882787898182872 -0.1341962266713381 -0.18075968112486107 0.49929210550728298 0.029894735455924932 0.014771419465541842 0.056557952648117429 -0.23029401202996574 0.26336741404607894 0.093372987873024421 0.051671202878157296 -0.2520405362546444 0.31246538579463962 -0.11998691369616797 -0.017292155460877853 0.065406097189105797 -0.012558352698882422 0.038644891480604814 -0.3440214044281415 -0.21441583169831172 0.069782048119948467 -0.23364330992102622 -0.30250559076666833 -0.11807253150076702 -0.15991657463943257 -0.00084629159812864513
leaf_weight=31 20 34 28 37 20 24 24 21 26 20 21 27 20 27 30 20 20 63 33 29 24 30 28 27 26 20 20 29 34 76
leaf_count=31 20 34 28 37 20 24 24 21 26 20 21 27 20 27 30 20 20 63 33 29 24 30 28 27 26 20 20 29 34 76
internal_value=0 0.247955 -0.0337719 0.102605 0.00344062 0.091589 0.132641 0.083904 0.239625 -0.0296947 0.00463252 -0.0277206 0.0359178 -0.0331987 -0.0516314 -0.118635 0.181391 -0.127377 -0.157437 -0.0973064 -0.0524231 0.128534 -0.190471 -0.119424 -0.0310724 -0.0903394 -0.24814 -0.193351 -0.0682926 -0.0358425
internal_weight=0 91 798 57 571 156 132 101 47 415 265 224 117 67 54 40 41 227 173 107 80 50 140 51 54 150 77 49 130 96
internal_count=889 91 798 57 571 156 132 101 47 415 265 224 117 67 54 40 41 227 173 107 80 50 140 51 54 150 77 49 130 96
is_linear=0
shrinkage=0.05


Tree=39
num_leaves=31
num_cat=0
split_feature=5 9 14 13 2 10 6 13 5 7 7 1 12 7 1 10 3 5 6 2 13 1 0 13 3 13 5 7 12 13
split_gain=2348.96 1180.47 996.306 959.051 1162.51 600.473 747.269 701.068 669.046 471.117 474.212 426.728 408.743 382.745 342.388 315.122 335.747 262.025 330.985 289.862 234.456 227.787 431.404 232.51 159.047 169.753 150.719 101.122 128.476 109.654
threshold=54.010714285714293 4.5000000000000009 2.1500000000000008 10.550000000000002 22.750000000000004 1.5000000000000002 55.836319444444449 10.350000000000003 47.076785714285727 40.101190476190482 47.260416666666671 49.347916666666677 31.950000000000003 49.473809523809535 45.04375000000001 9.5000000000000018 9.4500000000000011 32.335119047619052 36.572638888888896 31.650000000000002 9.2500000000000018 51.085416666666667 27.950000000000006 11.850000000000003 14.250000000000002 17.450000000000003 40.111011904761916 21.211011904761907 25.650000000000002 15.15
decision_type=10 2 2 2 2 2 8 2 10 10 10 2 2 10 2 2 2 10 10 2 2 2 2 2 2 2 10 8 2 2
left_child=2 3 5 4 -2 11 7 15 9 24 12 -1 -11 -12 -15 -7 -17 -16 19 -19 -18 22 23 -4 -9 -26 -20 -25 -29 -30
right_child=1 -3 21 -5 -6 6 -8 8 -10 10 13 -13 -14 14 17 16 20 18 26 -21 -22 -23 -24 27 25 -27 -28 28 29 -31
leaf_value=0.035397482514381406 0.21991117298603058 -0.054001655217645494 -0.0083020096644759178 0.13373435603247749 0.75901076853275296 -0.0085328363559462814 -0.26013971001937469 -0.14532879677548585 -0.28002119344472887 0.28446352568765482 -0.18083238568570881 0.34113241228319352 0.00072066214951601898 -0.14737466983497144 0.21543346115133982 0.038562751289170527 0.39108577072620393 -0.028996184113479796 -0.1639337511814159 0.21492089662572433 0.15454870740121063 -0.25268075651135941 0.09159769773483277 -0.083186356531722211 0.024494823745705867 -0.13664919034076425 0.019122816080396829 -0.2920053086820103 -0.21594119235873221 -0.10437095341633779
leaf_weight=25 20 29 32 36 20 33 29 62 25 30 27 21 22 24 22 26 20 21 23 29 22 29 25 35 44 26 22 21 40 49
leaf_count=25 20 29 32 36 20 33 29 62 25 30 27 21 22 24 22 26 20 21 23 29 22 29 25 35 44 26 22 21 40 49
internal_value=0 0.217398 -0.0344306 0.320959 0.489461 0.00199877 -0.0136951 0.0012566 -0.0300854 -0.0123342 0.032472 0.174972 0.164418 -0.00836856 0.0246564 0.118246 0.179771 0.0599449 0.023937 0.112476 0.267185 -0.12164 -0.102828 -0.130289 -0.0870113 -0.0353587 -0.0744394 -0.15721 -0.180763 -0.154515
internal_weight=0 105 784 76 40 553 507 478 377 352 220 46 52 168 141 101 68 117 95 50 42 231 202 177 132 70 45 145 110 89
internal_count=889 105 784 76 40 553 507 478 377 352 220 46 52 168 141 101 68 117 95 50 42 231 202 177 132 70 45 145 110 89
is_linear=0
shrinkage=0.05


Tree=40
num_leaves=31
num_cat=0
split_feature=13 10 14 0 1 0 7 8 13 10 9 6 13 12 13 10 7 3 8 4 8 7 7 7 7 8 5 1 14 0
split_gain=2218.58 1253.98 1183.29 811.402 797.517 734.698 515.573 480.374 480.698 448.133 1377.43 378.197 306.546 298.208 283.083 281.783 269.535 303.107 286.206 233.585 184.324 175.919 382.165 143.098 239.227 218.128 196.643 154.947 150.165 147.922
threshold=10.350000000000003 1.5000000000000002 0.15000000000000005 60.362500000000004 94.772916666666688 50.693750000000016 39.883928571428577 41.641527777777789 10.050000000000002 4.5000000000000009 3.5000000000000004 52.06430555555557 15.850000000000003 26.350000000000005 8.6500000000000004 9.5000000000000018 61.686607142857142 11.850000000000003 47.186875000000008 1.0000000180025095e-35 32.094861111111115 38.228571428571442 36.045535714285727 30.607142857142858 25.226190476190478 33.170138888888893 13.742857142857146 28.637499999999999 7.6500000000000012 27.462500000000009
decision_type=2 2 2 2 2 2 10 10 2 2 2 10 2 2 2 2 10 2 10 2 10 10 10 8 10 10 10 2 2 2
left_child=2 -2 3 7 5 6 21 -1 14 10 13 -7 16 -8 -9 -16 17 -11 -19 -14 -4 22 23 24 26 -26 -3 -25 -28 -29
right_child=1 4 20 -5 -6 11 9 8 -10 12 -12 -13 19 -15 15 -17 -18 18 -20 -21 -22 -23 -24 27 25 -27 28 29 -30 -31
leaf_value=0.32385658557925906 0.2479242190937786 -0.031349953288833297 0.052850630098865148 0.39950768884859589 0.23209366175261412 -0.14466973419847159 -0.22532435998320582 0.19066909048706293 0.31405029788613326 -0.19784875821608763 0.32242234697979361 -0.42729633361101149 -0.25341588950582911 0.0092529294746262689 -0.13426419121247751 0.074786958172917362 0.11472596277017147 0.11574159234762192 -0.10266387525945903 -0.058399885761387209 -0.13261545900557492 -0.2376525288042815 0.081211619717734204 -0.28277637403543027 -0.10803640915546567 0.07384306798305583 -0.10939698020052729 -0.048937225239030248 -0.25912255552761698 -0.21674793992812436
leaf_weight=28 34 30 21 38 22 29 20 24 20 26 36 20 28 42 27 40 32 30 30 34 37 23 28 22 32 34 33 29 34 24
leaf_count=28 34 30 21 38 22 29 20 24 20 26 36 20 28 42 27 40 32 30 30 34 37 23 28 22 32 34 33 29 34 24
internal_value=0 -0.0479462 0.130535 0.194761 -0.0637136 -0.0742781 -0.0582257 0.138787 0.0921028 -0.00961297 0.0764218 -0.260028 -0.0564541 -0.0664172 0.0433231 -0.00945753 -0.00915683 -0.0552527 0.00653886 -0.146472 -0.0654639 -0.104988 -0.0935171 -0.114073 -0.0877746 -0.0143409 -0.13774 -0.171229 -0.185377 -0.124927
internal_weight=0 672 235 177 638 616 567 139 111 278 98 49 180 62 91 67 118 86 60 62 58 289 266 238 163 66 97 75 67 53
internal_count=907 672 235 177 638 616 567 139 111 278 98 49 180 62 91 67 118 86 60 62 58 289 266 238 163 66 97 75 67 53
is_linear=0
shrinkage=0.05


Tree=41
num_leaves=31
num_cat=0
split_feature=13 10 14 1 13 1 0 12 0 3 1 9 12 1 13 7 7 8 8 7 10 8 6 10 12 3 10 7 1 6
split_gain=2002.27 1131.72 1073.55 764.758 1072.57 719.76 663.065 658.136 630.415 567.905 486.073 361.615 294.621 280.938 246.806 227.522 440.551 212.118 443.585 191.756 199.902 190.194 176.137 163.624 657.613 512.917 283.449 284.81 113.443 101.027
threshold=10.350000000000003 1.5000000000000002 1.0000000180025095e-35 80.254166666666677 8.6500000000000004 94.772916666666688 50.693750000000016 23.450000000000003 34.368750000000013 11.15 67.258333333333354 3.5000000000000004 28.150000000000002 73.035416666666677 12.250000000000002 40.101190476190482 44.779166666666676 45.772083333333335 31.402430555555565 61.686607142857142 4.5000000000000009 36.178750000000001 32.209305555555567 11.500000000000002 24.850000000000005 10.65 8.5000000000000018 39.282738095238109 33.554166666666674 15.93465277777778
decision_type=2 2 2 2 2 2 2 2 2 2 2 2 2 2 2 10 10 10 10 10 2 8 10 2 2 2 2 10 2 10
left_child=2 -2 3 4 -1 6 10 8 -6 -9 12 -8 23 -12 -14 21 -17 18 -4 20 -18 -16 -22 24 -3 -26 27 29 -23 -27
right_child=1 5 17 -5 7 -7 11 9 -10 -11 13 -13 14 -15 15 16 19 -19 -20 -21 22 28 -24 -25 25 26 -28 -29 -30 -31
leaf_value=0.38883461473566117 0.23552801302250695 0.17698650594268528 0.053866943866014483 0.41409484715231004 0.17280171662569047 0.2204889850182967 -0.13422562490249504 0.33276080071926117 -0.17561974461014207 -0.011206432431936265 0.23220248179776326 -0.41058690875768661 0.12490473786989849 -0.0062433390816052751 0.00013037065044045449 0.21193939413875343 0.0070739584309714183 0.075095134973526004 -0.27148752071556043 0.079273740760982037 -0.057450541667640215 -0.095098826862298536 -0.25773536978688621 -0.22792153917253019 0.091304941309822932 -0.061572938933968549 -0.052774022070860321 -0.30681962063818269 -0.24427113580703735 -0.16723366922334484
leaf_weight=33 34 21 20 31 20 22 29 30 37 20 21 20 24 30 25 20 35 22 22 24 23 26 21 24 27 30 66 33 25 92
leaf_count=33 34 21 20 31 20 22 29 30 37 20 21 20 24 30 25 20 35 22 22 24 23 26 21 24 27 30 66 33 25 92
internal_value=0 -0.0455489 0.124008 0.189388 0.139631 -0.0605279 -0.0705642 0.0627738 -0.0533666 0.195174 -0.0553144 -0.247026 -0.0698686 0.0919402 -0.0265616 -0.0448289 -0.00280373 -0.0506765 -0.116557 -0.0445014 -0.082104 -0.112843 -0.153041 -0.102829 -0.0916687 -0.114418 -0.139551 -0.176502 -0.168223 -0.141252
internal_weight=0 672 235 171 140 638 616 107 57 50 567 49 516 51 223 199 123 64 42 103 79 76 44 293 269 248 221 155 51 122
internal_count=907 672 235 171 140 638 616 107 57 50 567 49 516 51 223 199 123 64 42 103 79 76 44 293 269 248 221 155 51 122
is_linear=0
shrinkage=0.05


Tree=42
num_leaves=31
num_cat=0
split_feature=13 10 14 1 13 2 3 1 0 0 7 9 10 13 6 1 0 14 10 2 8 8 8 7 2 2 7 0 3 6
split_gain=1807.05 1021.37 968.88 690.194 967.997 682.141 718.571 649.583 598.416 512.045 443.05 352.582 928.192 377.348 332.955 324.417 458.706 314.074 266.536 357.042 256.211 191.437 400.336 182.668 217.773 172.065 167.614 175.048 164.772 122.595
threshold=10.350000000000003 1.5000000000000002 1.0000000180025095e-35 80.254166666666677 8.6500000000000004 23.750000000000004 11.15 94.772916666666688 50.693750000000016 34.368750000000013 35.301190476190484 3.5000000000000004 4.5000000000000009 13.65 52.06430555555557 67.258333333333354 34.216666666666676 1.7500000000000002 5.5000000000000009 32.95000000000001 47.667500000000011 45.772083333333335 31.402430555555565 30.607142857142858 27.150000000000002 25.950000000000003 44.779166666666676 39.193750000000016 14.250000000000002 28.263888888888889
decision_type=2 2 2 2 2 2 2 2 2 2 10 2 2 2 10 2 2 2 2 2 10 10 10 8 2 2 10 2 2 10
left_child=2 -2 3 4 -1 9 -7 8 10 -6 23 15 13 -13 -10 16 17 18 19 -12 -11 22 -4 24 25 -3 -14 28 -28 -25
right_child=1 7 21 -5 5 6 -8 -9 14 20 11 12 26 -15 -16 -17 -18 -19 -20 -21 -22 -23 -24 29 -26 -27 27 -29 -30 -31
leaf_value=0.36939287948789024 0.22375161301563767 -0.033073202218558341 0.051173593103885653 0.39339010889732068 0.16314343005418777 0.39515238615373771 -0.010646114349365236 0.20946453267877754 -0.12643660615230431 -0.023841737481680784 -0.16591991052484595 0.060411156843537872 0.050154359532254084 0.33160489900358797 -0.39162029504776003 0.09738091954163143 -0.2273796180653018 -0.2147660574742726 0.10971360441829477 0.060294688018885524 -0.26800600176765804 0.071340379931709982 -0.25791314416988331 -0.11417778310450642 0.0017310722578655589 -0.16605671443517361 -0.25412127659434364 0.022595736526307607 -0.060405705804410195 -0.25508907488707838
leaf_weight=33 34 37 20 31 20 24 20 22 29 22 37 23 28 29 20 28 43 21 35 33 21 22 22 33 55 71 21 21 23 29
leaf_count=33 34 37 20 31 20 24 20 22 29 22 37 23 28 29 20 28 43 21 35 33 21 22 22 33 55 71 21 21 23 29
internal_value=0 -0.0432714 0.117808 0.179918 0.132649 0.0596351 0.210699 -0.0575015 -0.067036 -0.0458695 -0.0525487 -0.0166992 0.0424755 0.211654 -0.234675 -0.0602542 -0.0863713 -0.0382494 -0.00294606 -0.0592759 -0.143085 -0.0481426 -0.110729 -0.10704 -0.0792548 -0.120498 -0.0521188 -0.0961749 -0.152861 -0.180088
internal_weight=0 672 235 171 140 107 44 638 616 63 567 342 145 52 49 197 169 126 105 70 43 64 42 225 163 108 93 65 44 62
internal_count=907 672 235 171 140 107 44 638 616 63 567 342 145 52 49 197 169 126 105 70 43 64 42 225 163 108 93 65 44 62
is_linear=0
shrinkage=0.05


Tree=43
num_leaves=31
num_cat=0
split_feature=13 10 1 1 10 14 1 3 2 10 1 2 5 1 8 6 14 13 5 13 14 10 5 4 6 5 5 5 1 1
split_gain=1630.86 921.79 880.497 586.249 571.942 688.085 708.668 559.1 558.435 458.27 398.423 353.42 370.592 414.497 316.63 428.538 468.745 468.975 339.319 409.929 326.975 258.384 175.52 144.368 121.248 267.449 115.008 111.739 98.1235 86.1173
threshold=10.350000000000003 1.5000000000000002 46.010416666666664 94.772916666666688 1.5000000000000002 1.0000000180025095e-35 57.385416666666679 10.050000000000002 22.950000000000003 11.500000000000002 33.256250000000001 24.550000000000004 46.729166666666679 28.637499999999999 58.920138888888893 28.582916666666669 0.55000000000000016 15.850000000000003 32.647916666666674 13.65 1.0000000180025095e-35 7.5000000000000009 19.724702380952383 0.65000000000000002 44.359861111111115 28.122916666666669 28.122916666666669 35.31666666666667 44.129166666666656 26.533333333333335
decision_type=2 2 2 2 2 2 2 2 2 2 2 2 10 2 10 10 2 2 10 2 2 2 10 2 10 10 10 10 2 2
left_child=2 -2 7 9 -4 6 -6 10 -8 11 -1 -3 13 29 15 21 17 18 -17 -20 -16 23 -23 28 25 -9 -24 -19 -15 -13
right_child=1 3 4 -5 5 -7 8 24 -10 -11 -12 12 -14 14 20 16 -18 27 19 -21 -22 22 26 -25 -26 -27 -28 -29 -30 -31
leaf_value=0.3133572253584862 0.21256402941311109 0.11371735066175462 -0.025747539915821772 0.19899130301042037 0.57917429089546202 -0.0064729458326473841 0.027625311698232381 -0.012789477348327638 0.34743393709262216 -0.24495065159192594 0.01651920951329745 -0.10533285999127964 -0.23045279504280658 -0.0031463801860809326 -0.29953565120697023 -0.023988555295345111 0.23899356609693281 -0.048244988131854273 0.030955796719839175 0.32635126168961115 -0.020200313898650082 -0.10351507822051645 0.11767341439370756 -0.22614290373665946 0.022310120165348054 -0.25182277126745745 -0.024568874202668668 -0.1956456995382905 -0.15599512099953636 -0.20685599786043168
leaf_weight=20 34 30 22 22 20 20 21 25 39 33 26 127 31 21 20 39 27 36 24 23 22 32 27 28 20 22 30 20 21 25
leaf_count=20 34 30 22 22 20 20 21 25 39 33 26 127 31 21 20 39 27 36 24 23 22 32 27 28 20 22 30 20 21 25
internal_value=0 -0.0411079 0.111918 -0.0546264 0.205063 0.255841 0.321419 0.0113541 0.235501 -0.0636842 0.145579 -0.0534238 -0.0624912 -0.0525164 -0.0239592 -0.00740787 0.048027 0.0117164 0.0850403 0.175511 -0.153217 -0.0663292 -0.00980187 -0.1382 -0.0808005 -0.124677 0.0428091 -0.100888 -0.0795708 -0.122031
internal_weight=0 672 235 638 122 100 80 113 60 616 46 583 553 522 370 328 169 142 86 47 42 159 89 70 67 47 57 56 42 152
internal_count=907 672 235 638 122 100 80 113 60 616 46 583 553 522 370 328 169 142 86 47 42 159 89 70 67 47 57 56 42 152
is_linear=0
shrinkage=0.05


Tree=44
num_leaves=31
num_cat=0
split_feature=13 10 14 0 1 0 8 13 7 10 9 8 13 12 7 3 8 4 13 13 7 7 8 2 8 1 7 7 4 3
split_gain=1471.85 831.916 811.943 672.034 529.089 528.866 412.725 429.544 384.362 364.112 1080.46 314.164 263.257 229.423 223.806 247.663 244.088 211.896 198.178 281.022 166.961 313.761 136.252 136.179 126.748 169.457 219.498 203.338 126.582 86.7765
threshold=10.350000000000003 1.5000000000000002 0.15000000000000005 60.362500000000004 94.772916666666688 50.693750000000016 41.641527777777789 10.050000000000002 39.883928571428577 4.5000000000000009 3.5000000000000004 56.830763888888889 15.850000000000003 26.350000000000005 61.686607142857142 11.850000000000003 47.186875000000008 1.0000000180025095e-35 8.6500000000000004 9.4500000000000011 38.228571428571442 36.045535714285727 32.094861111111115 22.250000000000004 47.186875000000008 21.100000000000001 30.607142857142858 27.008630952380958 3.6500000000000008 15.050000000000002
decision_type=2 2 2 2 2 2 10 2 10 2 2 10 2 2 10 2 10 2 2 2 10 10 8 2 8 2 10 10 2 2
left_child=2 -2 3 6 5 8 -1 18 20 10 13 -7 14 -10 15 -11 -17 -14 -8 23 21 24 -4 -20 25 -3 27 28 -27 -15
right_child=1 4 22 -5 -6 11 7 -9 9 12 -12 -13 17 29 -16 16 -18 -19 19 -21 -22 -23 -24 -25 -26 26 -28 -29 -30 -31
leaf_value=0.28012708755476134 0.20193582904689455 -0.13759047657643494 0.045687564639818101 0.34585859694665205 0.18904173184524886 -0.083487725063510571 0.14248399653782448 0.27511678472161294 -0.19324409945867957 -0.17419869464177351 0.29051833080334799 -0.33717316480783316 -0.2324073348194361 0.087885929048061376 0.10958712428109721 0.11140058621764184 -0.090295747319857289 -0.046665872852591911 -0.19988154321908952 0.10362806388965021 -0.21649906845844311 0.082239628450146748 -0.11377012038074837 -0.017579433605784463 -0.17841682688970317 -0.14708958439528944 -0.11851142889785547 0.11405786325534184 0.030802100356668236 -0.05601692253893073
leaf_weight=28 34 76 21 38 22 23 24 20 20 26 36 26 28 20 32 30 30 34 20 26 23 28 37 21 38 20 54 30 20 22
leaf_count=28 34 76 21 38 22 23 24 20 20 26 36 26 28 20 32 30 30 34 20 26 23 28 37 21 38 20 54 30 20 22
internal_value=0 -0.0390525 0.106322 0.159524 -0.0518951 -0.0605 0.108583 0.0653107 -0.0468805 -0.00490703 0.0726441 -0.218096 -0.0471293 -0.0538635 -0.00329858 -0.0453026 0.0105524 -0.130549 0.0191994 -0.0249622 -0.0872565 -0.0760813 -0.0560354 -0.106507 -0.0947073 -0.0788025 -0.0427712 0.0156569 -0.0581437 0.0125082
internal_weight=0 672 235 177 638 616 139 111 567 278 98 49 180 62 118 86 60 62 91 67 289 266 58 41 238 200 124 70 40 42
internal_count=907 672 235 177 638 616 139 111 567 278 98 49 180 62 118 86 60 62 91 67 289 266 58 41 238 200 124 70 40 42
is_linear=0
shrinkage=0.05


Tree=45
num_leaves=31
num_cat=0
split_feature=0 10 8 1 10 10 7 6 10 5 13 6 14 9 5 5 13 10 7 13 13 8 3 7 3 8 8 5 7 13
split_gain=1813.74 712.487 615.959 704.31 601.458 583.375 542.928 1430.05 855.445 484.57 418.212 373.723 341.22 474.762 439.027 270.606 329.868 457.142 283.165 577.117 249.735 201.952 170.681 167.194 163.379 104.109 213.828 142.554 112.803 101.085
threshold=42.433333333333344 2.5000000000000004 41.070069444444435 104.6375 9.5000000000000018 11.500000000000002 81.448809523809544 55.08312500000001 10.500000000000002 42.103571428571435 9.4500000000000011 49.595000000000013 1.0000000180025095e-35 3.5000000000000004 46.729166666666679 35.31666666666667 12.350000000000003 5.5000000000000009 40.101190476190482 18.800000000000001 10.750000000000002 48.551805555555568 11.950000000000001 61.37916666666667 15.750000000000002 36.050069444444453 33.982500000000009 23.883333333333336 25.090178571428577 15.850000000000003
decision_type=2 2 10 2 2 2 10 10 2 10 2 10 2 2 10 8 2 2 10 2 2 10 2 8 2 10 10 10 10 2
left_child=1 9 -2 5 10 6 7 8 12 -1 -3 20 13 14 -4 16 17 -12 25 29 21 -6 -19 -17 -25 26 -18 28 -27 -20
right_child=2 4 3 -5 11 -7 -8 -9 -10 -11 15 -13 -14 -15 -16 23 18 22 19 -21 -22 -23 -24 24 -26 27 -28 -29 -30 -31
leaf_value=0.26422127840980408 0.36860070889410768 -0.26584199531269925 -0.10971019998192788 0.36504749195142228 0.082635320587591696 -0.18232635103520894 -0.093640712095845138 0.52952441096305847 0.33626961112022402 -0.025512621744915295 0.22270430608962977 -0.10882967070296959 0.14769142870941471 -0.20639663821664353 0.21761745001588551 -0.27281447080048649 -0.1067074479553306 -0.13530102938413621 -0.026783138695690368 0.20943709326287113 0.012577306204720549 0.29940955645981288 0.042974201564131113 -0.0076502893120050436 -0.20034609613093465 -0.19240272538292977 0.068351598722594123 -0.23443165431099555 -0.045820933771984922 -0.1477840524898576
leaf_weight=31 23 28 20 22 22 21 31 20 25 27 24 27 31 29 21 22 103 25 45 24 38 21 29 22 22 21 21 31 35 28
leaf_count=31 23 28 20 22 22 21 31 20 25 27 24 27 31 29 21 22 103 25 45 24 38 21 29 22 22 21 21 31 35 28
internal_value=0 -0.0378474 0.122399 0.0966602 -0.0543392 0.0668394 0.0964015 0.136753 0.0744082 0.129345 -0.0783261 0.0522696 0.00959103 -0.0515677 0.0579454 -0.0667101 -0.0507128 0.0411363 -0.0739732 -0.00326499 0.105969 0.188502 -0.0395606 -0.16027 -0.103998 -0.106479 -0.0770604 -0.148409 -0.100789 -0.0731944
internal_weight=0 646 243 220 588 198 177 146 126 58 480 108 101 70 41 452 386 78 308 97 81 43 54 66 44 211 124 87 56 73
internal_count=889 646 243 220 588 198 177 146 126 58 480 108 101 70 41 452 386 78 308 97 81 43 54 66 44 211 124 87 56 73
is_linear=0
shrinkage=0.05


Tree=46
num_leaves=31
num_cat=0
split_feature=0 10 8 1 10 10 7 6 10 5 13 6 14 9 5 12 5 13 8 1 13 13 8 4 6 1 0 6 7 6
split_gain=1636.9 643.02 555.903 635.64 542.816 526.496 489.992 1290.62 772.039 437.324 377.437 337.285 307.951 428.473 396.221 250.812 398.426 340.598 376.619 273.133 225.386 205.638 182.262 129.859 120.616 117.403 94.1545 110.143 104.048 121.598
threshold=42.433333333333344 2.5000000000000004 41.070069444444435 104.6375 9.5000000000000018 11.500000000000002 81.448809523809544 55.08312500000001 10.500000000000002 42.103571428571435 9.4500000000000011 49.595000000000013 1.0000000180025095e-35 3.5000000000000004 46.729166666666679 27.150000000000002 30.577380952380953 12.450000000000001 46.931458333333346 34.10625000000001 10.750000000000002 21.450000000000003 48.551805555555568 9.7000000000000011 37.571736111111115 19.668750000000006 31.110416666666669 31.515972222222224 48.641964285714295 31.11493055555556
decision_type=2 2 10 2 2 2 10 10 2 10 2 10 2 2 10 2 8 2 8 2 2 2 10 2 8 2 2 10 10 10
left_child=1 9 -2 5 10 6 7 8 12 -1 -3 20 13 14 -4 16 19 18 -17 23 22 24 -6 -12 26 -25 28 -28 29 -19
right_child=2 4 3 -5 11 -7 -8 -9 -10 -11 15 -13 -14 -15 -16 17 -18 21 -20 -21 -22 -23 -24 25 -26 -27 27 -29 -30 -31
leaf_value=0.25101021720517064 0.35017067142154862 -0.25254989404763495 -0.10422469489276409 0.34679511799053714 0.078503555669025948 -0.17321003615146591 -0.088958672361989177 0.5030481952428818 0.31945613446831705 -0.024236991670396595 -0.19076689456294224 -0.10338818000422584 0.14030685871839524 -0.19607680452794865 0.20673657684099106 0.17178498989798957 -0.32366701185703284 -0.063425651984878734 -0.087234094933323236 0.054424162581562997 0.011948439988650774 0.069591519007316013 0.28443908038593474 -0.12998086265646494 0.019536617867372656 0.010572570376098156 -0.078824239583878686 -0.21785377838781905 0.015329235738941602 -0.19193451603253683
leaf_weight=31 23 28 20 22 22 21 31 20 25 27 41 27 31 29 21 36 20 79 23 28 38 26 21 39 27 24 29 28 28 24
leaf_count=31 23 28 20 22 22 21 31 20 25 27 41 27 31 29 21 36 20 79 23 28 38 26 21 39 27 24 29 28 28 24
internal_value=0 -0.035955 0.116279 0.0918272 -0.0516222 0.0634975 0.0915814 0.129915 0.0706878 0.122878 -0.0744098 0.0496561 0.00911148 -0.0489893 0.0550482 -0.0633746 -0.1157 -0.036863 0.0708114 -0.08419 0.100671 -0.0632231 0.179077 -0.121509 -0.0792844 -0.0764367 -0.0934768 -0.147119 -0.0701362 -0.0933695
internal_weight=0 646 243 220 588 198 177 146 126 58 480 108 101 70 41 452 152 300 59 132 81 241 43 104 215 63 188 57 131 103
internal_count=889 646 243 220 588 198 177 146 126 58 480 108 101 70 41 452 152 300 59 132 81 241 43 104 215 63 188 57 131 103
is_linear=0
shrinkage=0.05


Tree=47
num_leaves=31
num_cat=0
split_feature=0 2 6 8 1 7 8 13 3 13 0 12 14 13 7 6 1 3 5 1 13 8 1 3 7 1 13 1 2 8
split_gain=1477.31 561.755 587.938 501.703 573.665 443.158 873.195 503.825 522.257 735.326 351.12 338.567 237.617 250.442 350.766 545.601 403.159 233.886 148.976 123.155 171.178 186.359 122.701 108.146 107.205 246.632 128.898 115.346 106.826 94.1621
threshold=42.433333333333344 24.250000000000004 48.312847222222224 41.070069444444435 104.6375 81.448809523809544 74.878472222222243 9.8500000000000032 10.15 13.750000000000002 33.679166666666667 26.150000000000002 16.100000000000005 12.450000000000001 52.604761904761908 25.659513888888892 34.702083333333341 11.550000000000002 17.100000000000005 13.183333333333335 21.450000000000003 55.699652777777786 51.085416666666667 15.450000000000001 48.641964285714295 45.04375000000001 15.750000000000002 40.960416666666667 26.250000000000004 36.050069444444453
decision_type=2 2 10 10 2 10 10 2 2 2 2 2 2 2 10 10 2 2 10 2 2 10 2 2 10 2 2 2 2 10
left_child=1 2 10 -2 5 6 7 -5 -9 11 -1 -10 13 14 15 17 -17 -3 -14 -15 21 24 -16 -23 25 27 -26 28 -21 -30
right_child=3 12 -4 4 -6 -7 -8 8 9 -11 -12 -13 18 19 22 16 -18 -19 -20 20 -22 23 -24 -25 26 -27 -28 -29 29 -31
leaf_value=0.32772135688708381 0.33266214210054151 -0.17288640302916369 -0.063216929717196363 0.20471188209186764 0.32945535596121445 -0.10694112464446913 0.40348357141017915 0.17536819515878271 -0.35659768382708235 0.095673512071371092 0.049061205685138706 -0.072676410002722625 -0.043357879506505055 -0.18477829203009608 -0.2035683187842369 0.050497922564254089 0.31499735826253894 0.030977871181333768 -0.20380336954616585 0.045391905605793002 0.066111943125724798 -0.23578324207793111 -0.028424465283751491 -0.086942150228871751 0.081304875810941063 -0.20473992026277951 -0.074156672383348152 0.054630244135856633 -0.039861163573668285 -0.12784944730726155
leaf_weight=26 23 24 36 39 22 33 20 29 21 35 20 21 23 20 20 34 25 34 39 20 26 23 20 26 30 28 24 25 68 55
leaf_count=26 23 24 36 39 22 33 20 29 21 35 20 21 23 20 20 34 25 34 39 20 26 23 20 26 30 28 24 25 68 55
internal_value=0 -0.0341573 0.088124 0.110466 0.0872359 0.0603226 0.0937753 0.051057 -0.00547647 -0.0735868 0.206565 -0.214637 -0.0519357 -0.0405303 0.0118215 0.05552 0.162574 -0.0533798 -0.144283 -0.0643542 -0.0569434 -0.0676439 -0.115996 -0.156806 -0.0501681 -0.0673541 0.0122109 -0.0444565 -0.0617793 -0.0792055
internal_weight=0 646 82 243 220 198 165 145 106 77 46 42 564 502 157 117 59 58 62 345 325 299 40 49 250 196 54 168 143 123
internal_count=889 646 82 243 220 198 165 145 106 77 46 42 564 502 157 117 59 58 62 345 325 299 40 49 250 196 54 168 143 123
is_linear=0
shrinkage=0.05


Tree=48
num_leaves=31
num_cat=0
split_feature=0 8 1 2 13 2 6 8 1 9 7 2 7 14 13 7 13 9 0 13 6 5 5 12 8 3 8 9 8 9
split_gain=1344.23 867.136 545.521 528.376 637.432 509.578 495.026 453.532 396.293 414.504 354.621 240.178 229.198 268.169 259.1 541.326 532.979 397.854 216.053 186.417 148.648 146.619 208.356 222.112 140.011 174.956 251.444 97.2478 145.95 253.192
threshold=44.418750000000003 42.490763888888885 104.6375 22.550000000000004 9.3500000000000032 24.250000000000004 48.312847222222224 45.558472222222214 63.962499999999999 3.5000000000000004 63.613988095238099 25.750000000000004 25.226190476190478 24.200000000000006 12.450000000000001 49.222023809523812 9.3500000000000032 1.5000000000000002 35.650000000000013 21.450000000000003 27.005000000000003 23.883333333333336 28.002976190476193 27.150000000000002 46.250416666666666 14.250000000000002 51.631041666666661 1.5000000000000002 26.909722222222225 4.5000000000000009
decision_type=2 10 2 2 2 2 10 10 2 2 10 2 10 2 2 10 2 2 2 2 10 10 10 2 10 2 10 2 10 2
left_child=5 -2 3 10 -5 6 7 -1 -6 11 -3 -10 27 14 15 16 -14 -18 -17 21 -19 -16 -23 -24 -25 -26 -27 -7 -29 -30
right_child=1 2 -4 4 8 12 -8 -9 9 -11 -12 -13 13 -15 19 18 17 20 -20 -21 -22 22 23 24 25 26 -28 28 29 -31
leaf_value=0.021205283453067145 0.40259169780689741 -0.2403150721029802 0.31298259158026087 0.34035499656329987 0.20331651533643408 -0.19946896877884868 -0.054952107484524074 0.31740931559886254 0.21641830656677485 -0.14796321360045114 0.032441134177721466 -0.020496345619144648 -0.11160907691175288 -0.21152642812579869 -0.0071025297045707704 -0.17533745819872076 0.0095009405128657822 0.15923846591086616 0.024291488236707192 0.071585014888218473 0.33968500101566318 -0.17311215333354016 -0.20154715857722541 0.052044713940169365 -0.17525320696830748 -0.14183015622522518 0.074906862503848967 -0.18289526071813372 0.035702884841609647 -0.18510612688958647
leaf_weight=24 23 22 22 23 30 25 39 28 20 32 26 23 22 20 80 33 25 21 23 28 25 52 22 37 25 23 32 27 37 20
leaf_count=24 23 22 22 23 30 25 39 28 20 32 26 23 22 20 80 33 25 21 23 28 25 52 22 37 25 23 32 27 37 20
internal_value=0 0.111998 0.0782421 0.0488996 0.101951 -0.0302588 0.0797061 0.1807 0.0497297 -0.011705 -0.0925721 0.0896965 -0.0476017 -0.0323935 -0.0243965 0.0294686 0.103422 0.170051 -0.093347 -0.0512389 0.257307 -0.0639292 -0.087731 -0.0557898 -0.0283825 -0.0655801 -0.0157286 -0.112899 -0.0871344 -0.041774
internal_weight=0 221 198 176 128 668 91 52 105 75 48 43 577 468 448 149 93 71 56 299 46 271 191 139 117 80 55 109 84 57
internal_count=889 221 198 176 128 668 91 52 105 75 48 43 577 468 448 149 93 71 56 299 46 271 191 139 117 80 55 109 84 57
is_linear=0
shrinkage=0.05


Tree=49
num_leaves=31
num_cat=0
split_feature=0 8 1 2 13 2 6 10 8 1 9 7 12 13 13 7 6 2 2 8 2 3 6 8 3 7 8 4 8 13
split_gain=1213.17 782.591 492.332 476.859 575.282 459.894 446.761 442.989 409.312 357.655 374.09 320.045 307.472 260.9 326.779 426.896 579.126 251.026 216.761 152.419 188.026 155.416 148.678 148.013 127.666 106.488 96.6701 79.4582 94.8122 119.225
threshold=44.418750000000003 42.490763888888885 104.6375 22.550000000000004 9.3500000000000032 24.250000000000004 48.312847222222224 9.5000000000000018 45.558472222222214 63.962499999999999 3.5000000000000004 63.400892857142864 25.650000000000002 9.4500000000000011 12.350000000000003 49.222023809523812 31.235069444444445 26.650000000000002 25.750000000000004 50.209583333333342 32.95000000000001 12.450000000000001 30.144513888888891 53.438541666666673 11.950000000000001 49.66339285714286 39.963888888888896 2.2500000000000004 35.858958333333341 15.450000000000001
decision_type=2 10 2 2 2 2 10 2 10 2 2 8 2 2 2 10 10 2 2 8 2 2 10 10 2 10 10 2 10 2
left_child=5 -2 3 11 -5 6 8 12 -1 -6 18 -3 -7 -14 15 16 24 -9 -11 21 23 26 27 -21 -15 -25 -16 28 -23 -30
right_child=1 2 -4 4 9 7 -8 17 -10 10 -12 -13 13 14 19 -17 -18 -19 -20 20 -22 22 -24 25 -26 -27 -28 -29 29 -31
leaf_value=0.020145031064748766 0.38246211163375693 -0.22829932434992359 0.29733346334912558 0.32333724913389789 0.1931506855785847 -0.21077207936905326 -0.052204509537953595 -0.020209502382203939 0.30153884632246841 0.2055973891541362 -0.14056506303604693 0.030819080884640034 -0.1960916340864938 -0.08810730934143067 -0.073952464049770725 -0.13890709158778192 0.32209548623788931 0.17783810418331997 -0.019471526955780777 0.01405024024078975 0.073890262979425886 0.010904069470636773 -0.20851034283638004 -0.19635659449774287 0.072927203588187703 -0.044206461245599002 0.079644775392371234 -0.12798551219259052 -0.0082877320547898609 -0.15215842641062208
leaf_weight=24 23 22 22 23 30 32 39 32 28 20 32 26 29 20 21 25 21 32 23 37 38 33 30 23 32 23 20 69 24 36
leaf_count=24 23 22 22 23 30 32 39 32 28 20 32 26 29 20 21 25 21 32 23 37 38 33 30 23 32 23 20 69 24 36
internal_value=0 0.106398 0.07433 0.0464546 0.0968539 -0.0287459 0.0757208 -0.0452216 0.171665 0.0472432 -0.0111197 -0.0879435 -0.0606958 -0.0507116 -0.0413841 0.0394169 0.100487 0.0788143 0.0852117 -0.0637527 -0.0182253 -0.0873957 -0.106266 -0.0603987 0.0109909 -0.120282 0.000973019 -0.0873319 -0.0571696 -0.0946101
internal_weight=0 221 198 176 128 668 91 577 52 105 75 48 513 481 452 98 73 64 43 354 121 233 192 83 52 46 41 162 93 60
internal_count=889 221 198 176 128 668 91 577 52 105 75 48 513 481 452 98 73 64 43 354 121 233 192 83 52 46 41 162 93 60
is_linear=0
shrinkage=0.05


Tree=50
num_leaves=31
num_cat=0
split_feature=5 10 10 6 6 8 2 8 10 3 3 1 13 0 14 10 3 2 2 0 0 13 1 10 5 9 4 9 8 3
split_gain=1259.92 627.018 563.467 1119.95 669.076 527.729 529.941 491.711 268.859 226.364 217.029 391.213 493.899 789.083 359.09 505.975 368.146 215.718 173.162 171.905 318.185 306.587 227.911 179.942 179.72 162.371 144.917 122.071 211.549 201.122
threshold=54.010714285714293 10.500000000000002 11.500000000000002 49.595000000000013 27.220000000000006 37.234791666666673 21.750000000000004 74.878472222222243 8.5000000000000018 10.15 11.550000000000002 72.110416666666666 10.250000000000002 35.135416666666671 0.45000000000000007 5.5000000000000009 18.550000000000004 24.250000000000004 27.250000000000004 29.547916666666676 36.79375000000001 14.750000000000002 31.995833333333337 3.5000000000000004 29.731845238095243 3.5000000000000004 8.5500000000000025 3.5000000000000004 28.028402777777782 12.950000000000001
decision_type=10 2 2 8 10 10 2 10 2 2 2 2 2 2 2 2 2 2 2 2 2 2 2 2 10 2 2 2 8 2
left_child=2 9 4 -4 8 -6 -7 -3 27 -2 11 12 17 -14 16 -16 19 -8 26 22 -21 23 -12 -22 -24 -17 -10 28 -1 -30
right_child=1 7 3 -5 5 6 10 -9 18 -11 14 -13 13 -15 15 25 -18 -19 -20 20 21 -23 24 -25 -26 -27 -28 -29 29 -31
leaf_value=0.071915067596869039 0.16972495436668397 0.44196473744053111 0.028464807249191738 -0.38905431165777404 0.25247570471121716 0.25365392125171166 0.10350528985261918 0.14251729342444192 -0.12134371476788675 -0.047436534365018213 -0.01355782713341926 -0.13047250793093729 0.004861633727947871 0.3988912277751499 0.2388561448146557 -0.11004558411928325 0.10474576915223753 -0.12102159475502761 0.094529520895551236 0.060776484515084772 -0.14164626706100533 -0.27152131143070402 -0.11186675182765438 0.070451623946428302 -0.31872536376828242 0.063476667021002089 0.037102328558210974 -0.15053019773266796 -0.21846276340433041 -0.05427731968123805
leaf_weight=22 20 26 36 29 26 23 20 29 31 30 21 21 24 27 29 26 31 23 34 43 20 21 21 20 21 28 27 72 26 66
leaf_count=22 20 26 36 29 26 23 20 29 31 30 21 21 24 27 29 26 31 23 34 43 20 21 21 20 21 28 27 72 26 66
internal_value=0 0.167576 -0.0168017 -0.157813 -0.00412437 0.0338929 0.0203293 0.284074 -0.0649794 0.0394281 0.00677762 0.0646385 0.108227 0.213466 -0.0169021 0.0703975 -0.0534974 -0.0165905 0.00493599 -0.0828719 -0.043389 -0.116817 -0.14805 -0.0355973 -0.215296 -0.0200711 -0.0475843 -0.0995612 -0.0673702 -0.100678
internal_weight=0 105 788 65 723 445 419 55 278 50 396 115 94 51 281 83 198 43 92 167 104 61 63 40 42 54 58 186 114 92
internal_count=893 105 788 65 723 445 419 55 278 50 396 115 94 51 281 83 198 43 92 167 104 61 63 40 42 54 58 186 114 92
is_linear=0
shrinkage=0.05


Tree=51
num_leaves=31
num_cat=0
split_feature=0 12 8 0 8 7 8 8 8 6 3 12 13 2 2 12 2 8 6 2 3 2 1 2 0 2 9 8 6 2
split_gain=1057.22 877.62 630.148 788.059 743.602 510.276 572.637 572.911 408.309 472.752 218.293 337.554 325.965 199.824 191.041 219.062 225.856 345.439 347.709 179.009 225.228 174.742 151.696 202.803 229.125 164.12 147.944 126.655 102.212 147.412
threshold=44.025000000000006 21.050000000000004 41.875069444444456 62.602083333333333 63.65750000000002 53.170238095238105 58.161180555555568 66.610486111111115 64.226944444444456 55.019513888888902 8.8500000000000032 27.150000000000002 8.8500000000000032 36.650000000000013 35.550000000000004 33.45000000000001 32.650000000000013 51.370069444444447 30.732222222222227 27.150000000000002 13.550000000000002 24.450000000000003 41.79375000000001 23.850000000000005 24.541666666666668 25.650000000000002 2.5000000000000004 36.050069444444453 19.757500000000004 26.950000000000003
decision_type=2 2 10 2 10 10 10 10 10 8 2 2 2 2 2 2 2 10 10 2 2 2 2 2 2 2 2 10 10 2
left_child=8 -2 -3 5 -5 -4 -7 -8 9 10 -1 12 -12 14 15 16 17 18 19 -13 -21 -10 23 -14 25 -25 -19 -22 -27 -30
right_child=1 2 3 4 -6 6 7 -9 21 -11 11 13 22 -15 -16 -17 -18 26 -20 20 27 -23 -24 24 -26 28 -28 -29 29 -31
leaf_value=0.0982101311441511 -0.20975194509540285 0.39624709628522398 0.18850617467148886 0.095827652513980871 0.45977014636993413 -0.17984089563159567 0.27741857085909166 -0.058680243301205338 0.17679656554069934 -0.2355798819455607 0.11234257848933341 -0.1225005905247397 -0.22210362347012219 -0.14390223071943339 0.14431343395262958 -0.11084794051945211 0.12555493036141763 -0.22440089086691539 0.17656795231087019 0.12003351640370158 0.046684425075848898 -0.010501853302121163 -0.19082166312161733 0.0058150231372565038 0.05288096687623433 -0.051332014222298897 -0.042678120980660122 -0.11703850284770684 -0.22590115990590409 -0.068734226666390896
leaf_weight=32 21 20 37 32 25 38 21 32 33 29 20 27 22 23 24 40 39 21 32 36 21 20 37 32 35 31 24 27 37 25
leaf_count=32 21 20 37 32 25 38 21 32 33 29 20 27 22 23 24 40 39 21 32 36 21 20 37 32 35 31 24 27 37 25
internal_value=0 0.098096 0.129632 0.100808 0.255452 0.0319437 -0.0317135 0.074491 -0.0270341 -0.0385277 -0.0287593 -0.0361065 -0.0808825 -0.00202548 0.00918815 -0.00295794 0.0160535 -0.00666221 0.031358 -0.0105043 0.0254945 0.106118 -0.0985286 -0.0797657 -0.0601942 -0.0918553 -0.127482 -0.0454097 -0.125462 -0.162527
internal_weight=0 226 205 185 57 128 91 53 667 614 585 553 239 314 291 267 227 188 143 111 84 53 219 182 160 125 45 48 93 62
internal_count=893 226 205 185 57 128 91 53 667 614 585 553 239 314 291 267 227 188 143 111 84 53 219 182 160 125 45 48 93 62
is_linear=0
shrinkage=0.05


Tree=52
num_leaves=31
num_cat=0
split_feature=5 10 10 6 6 7 8 2 10 5 3 7 7 5 7 13 4 7 13 1 3 2 0 2 4 12 9 8 3 9
split_gain=1066.92 534.407 501.01 1009.87 560.683 483.048 468.319 473.915 238.033 224.66 185.26 513.54 927.915 484.255 257.289 281.218 244.217 163.467 233.479 228.084 182.799 298.494 182.282 145.029 132.492 122.544 106.583 188.364 185.748 156.995
threshold=54.010714285714293 10.500000000000002 11.500000000000002 49.595000000000013 27.220000000000006 81.448809523809544 37.234791666666673 21.750000000000004 8.5000000000000018 58.726190476190489 11.550000000000002 52.78660714285715 43.794642857142861 46.36041666666668 73.022321428571459 21.550000000000004 7.1000000000000005 35.193750000000001 11.550000000000002 68.781250000000014 14.250000000000002 30.650000000000002 29.547916666666676 27.250000000000004 8.5500000000000025 31.650000000000002 3.5000000000000004 28.028402777777782 12.950000000000001 1.5000000000000002
decision_type=10 2 2 10 10 10 10 2 2 10 2 10 10 10 10 2 2 10 2 2 2 2 2 2 2 2 2 8 2 2
left_child=2 9 4 -4 8 -3 -6 -8 26 -2 11 12 -9 -13 15 16 17 -12 -19 20 25 -22 -23 24 -10 -20 27 -1 -29 -30
right_child=1 5 3 -5 6 -7 7 10 23 -11 14 13 -14 -15 -16 -17 -18 18 19 -21 21 22 -24 -25 -26 -27 -28 28 29 -31
leaf_value=0.069670416821133008 0.14612912020335597 0.42399380436539658 0.02837193074843122 -0.36809766942570948 0.23711980501046548 0.12640564213196437 0.23907717803250189 -0.022824216561932717 -0.11210788853706853 -0.066012401076463556 0.062204402467856801 0.090749844759702686 0.37811202153011608 -0.20112854176097447 0.1520840747015817 0.15027408808469775 0.11389916363087567 -0.20967976131609511 -0.08717956972867251 0.088966794249912107 -0.1963771006335383 -0.064491920383312765 0.092686072630541669 0.088476724133772014 0.039393319051574782 -0.25322904812172053 -0.13946664577556983 -0.20638446038445601 -0.12808739595348015 0.026213966792120652
leaf_weight=22 24 25 36 29 26 30 23 31 31 26 24 30 27 27 21 20 22 28 25 24 23 39 35 34 27 20 72 26 32 34
leaf_count=22 24 25 36 29 26 30 23 31 31 26 24 30 27 27 21 20 22 28 25 24 23 39 35 34 27 20 72 26 32 34
internal_value=0 0.154122 -0.0155479 -0.148515 -0.00359378 0.261673 0.031208 0.0184307 -0.0593017 0.0358155 0.00561537 0.0590739 0.163819 -0.0475083 -0.0162627 -0.0298599 -0.0448711 -0.0608938 -0.0761224 -0.0535947 -0.0776895 -0.03905 0.00984902 0.00648352 -0.0415815 -0.160979 -0.0918407 -0.0617611 -0.0931904 -0.0485988
internal_weight=0 105 788 65 723 55 445 419 278 50 396 115 58 57 281 260 240 218 194 166 142 97 74 92 58 45 186 114 92 66
internal_count=893 105 788 65 723 55 445 419 278 50 396 115 58 57 281 260 240 218 194 166 142 97 74 92 58 45 186 114 92 66
is_linear=0
shrinkage=0.05


Tree=53
num_leaves=31
num_cat=0
split_feature=5 3 6 10 6 7 2 7 10 13 10 3 13 2 1 8 0 7 5 6 5 3 8 1 10 12 3 4 6 3
split_gain=962.897 520.224 541.632 452.162 911.411 507.81 515.228 312.93 801.273 475.787 470.992 530.317 430.682 362.966 371.246 310.497 289.294 259.01 267.3 584.696 255.134 243.085 176.014 115.888 108.852 94.4172 93.5694 81.805 83.5411 123.99
threshold=54.010714285714293 10.250000000000002 48.689791666666672 11.500000000000002 49.595000000000013 39.883928571428577 21.850000000000005 52.78660714285715 2.5000000000000004 18.550000000000004 9.5000000000000018 12.850000000000003 13.950000000000001 31.250000000000004 53.112500000000018 58.392361111111107 46.979166666666679 38.228571428571442 24.923809523809528 37.068263888888886 33.54375000000001 13.550000000000002 47.186875000000008 59.822916666666679 8.5000000000000018 28.950000000000003 13.65 2.3500000000000001 22.16340277777778 16.850000000000005
decision_type=10 2 10 2 10 10 2 10 2 2 2 2 2 2 2 10 2 10 10 10 10 2 8 2 2 2 2 2 8 2
left_child=3 2 -2 5 -5 17 -7 8 -8 12 11 23 20 -13 -15 -3 -12 18 24 21 -10 -20 -14 -9 25 27 -26 -1 29 -29
right_child=1 15 -4 4 -6 6 7 10 9 -11 16 13 22 14 -16 -17 -18 -19 19 -21 -22 -23 -24 -25 26 -27 -28 28 -30 -31
leaf_value=-0.16578179205055624 0.42505766966690617 -0.12474318946756068 0.12165412451875837 0.026953332255490955 -0.34969278671618165 0.26451573864273403 0.30470079263051353 -0.30247845039481214 0.0038553508537772455 0.24665641739964483 0.21064202289642961 -0.12268008180416939 -0.20969360101222995 -0.093120470913973727 0.16497073725760475 0.1440462495792996 -0.019044421957089351 -0.19196012266750995 0.26335165483707729 -0.16119700620571775 0.22101469547266053 0.04744829236879014 -0.039739431536350497 -0.13636910301588831 0.074712788540384045 0.013259255479682576 -0.058390610713151193 0.023315865397453311 -0.12895736807714339 -0.11399978742964807
leaf_weight=34 24 21 38 36 29 23 30 21 38 20 29 41 25 22 38 22 26 29 22 24 21 32 39 21 23 22 31 35 46 31
leaf_count=34 24 21 38 36 29 23 30 21 38 20 29 41 25 22 38 22 26 29 22 24 21 32 39 21 23 22 31 35 46 31
internal_value=0 0.146416 0.239101 -0.0147705 -0.141089 -0.0034141 0.0348773 0.020641 0.0697676 0.0204809 -0.0222827 -0.070108 -0.0162957 -0.00801629 0.0703373 0.012777 0.102063 -0.0492707 -0.0354774 0.0441456 0.0811494 0.135409 -0.106128 -0.219424 -0.063453 -0.0833027 -0.00169842 -0.0978531 -0.0772319 -0.0411809
internal_weight=0 105 62 788 65 723 394 371 173 143 198 143 123 101 60 43 55 329 300 78 59 54 64 42 222 168 54 146 112 66
internal_count=893 105 62 788 65 723 394 371 173 143 198 143 123 101 60 43 55 329 300 78 59 54 64 42 222 168 54 146 112 66
is_linear=0
shrinkage=0.05


Tree=54
num_leaves=31
num_cat=0
split_feature=5 0 13 7 10 6 2 0 0 0 1 6 2 7 8 1 8 8 4 7 6 5 12 12 5 10 2 8 13 14
split_gain=869.015 503.386 943.747 505.718 408.076 822.548 471.536 412.927 233.033 593.983 287.824 315.38 199.139 151.163 294.512 217.733 229.424 173.754 168.361 225.703 225.549 141.757 217.045 204.981 189.207 122.55 118.725 111.28 92.0623 77.9605
threshold=54.010714285714293 62.602083333333333 9.5500000000000025 71.144940476190484 11.500000000000002 49.595000000000013 21.750000000000004 26.016666666666666 56.652083333333344 44.30833333333333 73.881250000000009 38.287013888888893 24.250000000000004 66.730654761904773 58.920138888888893 41.935416666666669 45.558472222222214 53.335763888888899 1.4500000000000002 48.641964285714295 31.601666666666667 32.715773809523817 28.150000000000002 32.150000000000013 22.897619047619052 8.5000000000000018 27.550000000000004 30.700486111111115 14.750000000000002 14.15
decision_type=10 2 2 10 2 10 2 2 2 2 2 10 2 10 10 2 10 10 2 10 10 10 2 2 10 2 2 10 2 2
left_child=4 3 -3 -2 6 -6 -1 21 9 12 11 -11 -9 14 15 16 26 18 19 28 -21 22 25 24 -24 29 -14 -27 -17 -8
right_child=1 2 -4 -5 5 -7 7 8 -10 10 -12 -13 13 -15 -16 17 -18 -19 -20 20 -22 -23 23 -25 -26 27 -28 -29 -30 -31
leaf_value=0.21951971909274226 0.17313709288763887 0.51688687507063147 0.08851036855743992 -0.14872637650241025 0.025605667707794866 -0.33220814661090747 -0.11707273059099624 0.15322399409044357 -0.096390851506510306 0.39353883862495426 0.03278027560251455 0.11920115920630368 -0.055104366810091079 0.10570155521509823 -0.18157627457380296 -0.035898841693997388 0.20561677983828952 0.092220151708239606 -0.18515338625596919 0.13671781210987657 -0.084817468784749508 -0.16375361217392817 -0.0022693403065204621 -0.066420586978395785 0.21522018040530383 0.089172893390059474 0.081163181398402562 -0.060294025820313082 -0.18114898887773356 -0.041482806381057294
leaf_weight=23 26 20 36 23 36 29 103 21 37 20 24 22 31 27 25 20 21 21 23 27 20 27 20 30 20 20 33 33 24 51
leaf_count=23 26 20 36 23 36 29 103 21 37 20 24 22 31 27 25 20 21 21 23 27 20 27 20 30 20 20 33 33 24 51
internal_value=0 0.139095 0.241502 0.0220583 -0.014032 -0.134034 -0.00324339 -0.0105628 0.0230843 0.0353979 0.170908 0.249838 0.00487343 -0.00658011 -0.018954 -0.000474199 0.062213 -0.0399439 -0.0642899 -0.033742 0.0424475 -0.0543925 -0.0437327 0.0323771 0.106475 -0.0694703 0.0151586 -0.00389141 -0.115126 -0.0920397
internal_weight=0 105 56 49 788 65 723 700 396 359 66 42 293 272 245 220 85 135 114 91 47 304 277 70 40 207 64 53 44 154
internal_count=893 105 56 49 788 65 723 700 396 359 66 42 293 272 245 220 85 135 114 91 47 304 277 70 40 207 64 53 44 154
is_linear=0
shrinkage=0.05


Tree=55
num_leaves=31
num_cat=0
split_feature=13 5 0 14 7 5 14 10 12 7 12 1 7 5 3 1 7 2 5 6 4 2 1 5 2 14 14 2 13 2
split_gain=574.896 573.315 728.942 488.224 471.09 565.994 504.105 485.889 517.047 455.537 498.566 381.677 468.862 375.182 255.129 249.162 245.337 432.705 524.21 441.519 243.076 246.769 196.355 186.485 176.424 168.779 148.046 138.744 183.436 131.181
threshold=8.6500000000000004 66.505654761904779 63.429166666666674 1.0000000180025095e-35 39.635119047619057 32.335119047619052 3.9500000000000006 11.500000000000002 33.850000000000001 44.35089285714286 21.950000000000003 61.564583333333331 54.634226190476191 51.079166666666673 17.050000000000004 12.27916666666667 62.970535714285724 27.450000000000003 36.410714285714292 45.173958333333353 0.35000000000000003 27.250000000000004 49.779166666666661 42.103571428571435 25.750000000000004 19.950000000000006 13.700000000000001 27.050000000000004 12.250000000000002 27.450000000000003
decision_type=2 10 2 2 10 10 2 2 2 10 2 2 10 10 2 2 10 2 10 10 2 2 2 10 2 2 2 2 2 2
left_child=3 2 4 13 5 15 7 8 9 -6 -11 16 -13 -1 -10 -2 17 19 -19 -12 21 -14 -8 -9 -17 26 27 -26 -29 -30
right_child=1 -3 -4 -5 6 -7 22 23 14 10 11 12 20 -15 -16 24 -18 18 -20 -21 -22 -23 -24 -25 25 -27 -28 28 29 -31
leaf_value=0.39426202415065337 -0.19738651244413286 0.21055244262019795 -0.24980223832591886 -0.018318553694656917 0.28888367765716144 -0.30552881509065632 -0.028736079025727054 -0.0038048114119605585 -0.1397140493377661 0.31662928549572827 -0.00040902764580789068 0.34205146431922917 0.050018570793641581 0.098798246220463806 0.076450268463009896 0.081390658854261833 -0.11985322402850274 0.055791171885868344 -0.23993294940076093 0.32011311474171555 -0.074426491335034373 0.26461323425173761 -0.23169754873643714 -0.20967582586136732 -0.094822288415967848 -0.15230811690842663 0.08982064649462701 0.11065463536867388 0.073082404355095193 -0.064242749939481897
leaf_weight=22 21 30 31 28 28 20 26 22 39 20 21 21 37 21 21 38 31 47 22 22 20 21 22 22 65 27 27 27 22 83
leaf_count=22 21 30 31 28 28 20 26 22 39 20 21 21 37 21 21 38 31 47 22 22 20 21 22 22 65 27 27 27 22 83
internal_value=0 -0.00405319 -0.0120708 0.144163 -0.00252463 -0.0477276 0.0312242 0.0498619 0.069549 0.0971916 0.0767054 0.056877 0.132345 0.249966 -0.0640565 -0.0310953 0.00463013 0.0390853 -0.0384977 0.163579 0.0758851 0.127717 -0.12176 -0.10674 -0.0190119 -0.0342122 -0.0199775 -0.0350259 -0.00558076 -0.0354699
internal_weight=0 833 803 71 772 330 442 394 350 290 262 242 99 43 60 310 143 112 69 43 78 58 48 44 289 251 224 197 132 105
internal_count=904 833 803 71 772 330 442 394 350 290 262 242 99 43 60 310 143 112 69 43 78 58 48 44 289 251 224 197 132 105
is_linear=0
shrinkage=0.05


Tree=56
num_leaves=31
num_cat=0
split_feature=8 1 6 9 0 8 5 6 2 2 13 13 2 10 8 7 8 0 7 7 0 0 0 6 14 9 10 1 3 12
split_gain=627.65 961.73 550.473 469.892 437.477 394.214 580.034 354.731 404.25 490.124 242.491 263.975 286.569 375.745 505.298 360.776 328.932 236.821 434.896 321.468 199.345 198.735 171.213 151.234 137.616 130.935 125.644 107.09 104.556 116.506
threshold=62.25888888888889 85.885416666666671 53.983402777777791 5.5000000000000009 57.500000000000007 85.453055555555565 54.010714285714293 38.866180555555559 24.850000000000005 27.150000000000002 15.850000000000003 15.350000000000003 28.650000000000002 5.5000000000000009 49.5213888888889 40.101190476190482 41.331041666666671 37.595833333333339 39.635119047619057 46.376785714285724 31.87916666666667 50.235416666666673 20.508333333333336 31.857083333333335 0.8500000000000002 3.5000000000000004 7.5000000000000009 58.660416666666677 10.65 26.550000000000004
decision_type=10 2 10 2 2 10 10 8 2 2 2 2 2 2 10 10 10 2 10 10 2 2 2 10 2 2 2 2 2 2
left_child=1 2 4 5 7 6 21 8 -1 26 11 12 16 14 15 -14 24 18 22 -19 23 25 -9 -12 -11 -2 -10 -22 -28 -30
right_child=3 -3 -4 -5 -6 -7 -8 17 9 10 20 -13 13 -15 -16 -17 -18 19 -20 -21 27 -23 -24 -25 -26 -27 28 -29 29 -31
leaf_value=0.2044743131036344 0.086847157866665817 -0.29371968831481604 0.20962079634269079 -0.11284374498169532 0.16577856010373904 -0.066600067019462583 0.35363841319922362 -0.047298715634471078 -0.13361245027432841 0.15029785173945132 -0.033215636119246487 0.23340254716575146 -0.0049795275046066803 -0.17671729329113778 -0.11493382217783121 0.27013353900267528 0.2686943132430315 -0.05919102592901751 0.11036401884309177 -0.33616376399993897 -0.19133028719912878 -0.030973266526347118 -0.22929227023075024 0.11030816322770612 -0.014992241276537671 0.24432215805758131 0.032338788465131073 -0.035321554609320384 -0.12612321705044227 -0.016522954994191728
leaf_weight=23 33 29 30 22 34 20 32 28 60 20 50 20 22 26 31 26 24 22 29 20 22 21 24 29 34 22 32 22 49 48
leaf_count=23 33 29 30 22 34 20 32 28 60 20 50 20 22 26 31 26 24 22 29 20 22 21 24 29 34 22 32 22 49 48
internal_value=0 -0.0113742 -8.03682e-05 0.100616 -0.00913222 0.137305 0.175065 -0.0181291 -0.000615357 -0.0097747 0.0273653 0.0609323 0.0420831 -0.0118445 0.0424174 0.14404 0.114678 -0.0947341 -0.0447756 -0.191083 -0.028034 0.0998764 -0.131296 0.0194703 0.0462263 0.149837 -0.0738362 -0.113326 -0.0460333 -0.071888
internal_weight=0 754 725 150 695 128 108 661 538 515 326 203 183 105 79 48 78 123 81 42 123 76 52 79 54 55 189 44 129 97
internal_count=904 754 725 150 695 128 108 661 538 515 326 203 183 105 79 48 78 123 81 42 123 76 52 79 54 55 189 44 129 97
is_linear=0
shrinkage=0.05


Tree=57
num_leaves=31
num_cat=0
split_feature=8 1 6 6 9 6 12 0 6 1 2 2 10 0 6 0 5 5 13 1 10 6 3 9 8 4 1 4 8 13
split_gain=566.454 867.961 496.802 450.23 810.014 824.756 537.732 394.823 320.144 367.54 428.011 492.644 261.202 242.427 242.001 213.731 217.803 217.77 191.55 183.502 197.117 220.795 409.837 245.729 188.403 119.435 85.7663 95.9893 80.5264 107.897
threshold=62.25888888888889 85.885416666666671 53.983402777777791 45.745902777777786 4.5000000000000009 56.120902777777779 24.850000000000005 57.500000000000007 38.866180555555559 19.318750000000005 25.650000000000002 26.650000000000002 9.5000000000000018 44.418750000000003 23.36548611111111 37.595833333333339 37.553273809523823 44.189583333333339 12.250000000000002 24.883333333333336 3.5000000000000004 31.857083333333335 14.250000000000002 3.5000000000000004 47.815347222222222 1.0000000180025095e-35 12.27916666666667 8.1500000000000004 32.540833333333346 12.850000000000003
decision_type=10 2 10 10 2 10 2 2 8 2 2 2 2 2 10 2 10 10 2 2 2 10 2 2 10 2 2 2 10 2
left_child=1 2 7 6 5 -5 -2 8 9 26 -11 14 13 19 -12 16 18 -17 -10 -13 -21 24 -23 25 28 -24 -1 -28 -22 -30
right_child=3 -3 -4 4 -6 -7 -8 -9 15 10 11 12 -14 -15 -16 17 -18 -19 -20 20 21 22 23 -25 -26 -27 27 -29 29 -31
leaf_value=-0.18514027990908788 0.34136226610280573 -0.2790337016613319 0.1991397604206577 -0.014923005249049213 -0.19349716619170945 0.37166337072849276 0.046707636055847011 0.15748962869538982 -0.21941648013889792 0.19573747366666794 -0.041596262036792696 0.10953298754551832 0.15621493255158012 0.17138274711641399 -0.25068061935901642 -0.067675687514600305 0.087662640602692313 -0.29538164631951425 -0.028247157028435096 0.094244747951224048 -0.09812747745050325 -0.15590829537028361 -0.063639281243085863 0.22513215513899923 -0.20346637421420644 0.10915763728320599 -0.13559624093274278 -0.0034661174452464494 0.067671227455139163 -0.050226059496618708
leaf_weight=22 32 29 30 37 29 22 30 34 20 31 31 34 34 22 25 21 23 21 38 37 45 21 20 24 21 20 27 28 27 69
leaf_count=22 32 29 30 37 29 22 30 34 20 31 31 34 34 22 25 21 23 21 38 37 45 21 20 24 21 20 27 28 27 69
internal_value=0 -0.0108055 -7.63501e-05 0.0955856 0.0228753 0.129228 0.198787 -0.00867561 -0.0172227 -0.000584589 0.0163053 0.00336945 0.0240785 0.0108649 -0.134937 -0.0899974 -0.0425368 -0.181529 -0.0941676 -0.000240137 -0.013382 -0.0295042 0.0357584 0.098649 -0.0637469 0.0227592 -0.101704 -0.06833 -0.0429377 -0.0170674
internal_weight=0 754 725 150 88 59 62 695 661 538 461 430 374 340 56 123 81 42 58 318 284 247 85 64 162 40 77 55 141 96
internal_count=904 754 725 150 88 59 62 695 661 538 461 430 374 340 56 123 81 42 58 318 284 247 85 64 162 40 77 55 141 96
is_linear=0
shrinkage=0.05


Tree=58
num_leaves=31
num_cat=0
split_feature=8 1 6 6 9 6 12 0 6 2 2 13 13 2 12 8 8 0 7 7 1 2 10 0 13 0 10 3 9 1
split_gain=511.225 783.335 448.364 406.333 731.038 744.342 485.303 356.328 288.93 337.643 411.324 211.102 239.29 252.717 346.652 494.557 290.602 192.892 366.41 266.654 184.484 205.999 196.113 146.392 124.725 119.368 113.262 91.2754 104.963 74.3615
threshold=62.25888888888889 85.885416666666671 53.983402777777791 45.745902777777786 4.5000000000000009 56.120902777777779 24.850000000000005 57.500000000000007 38.866180555555559 24.850000000000005 27.150000000000002 15.850000000000003 15.350000000000003 28.650000000000002 29.950000000000003 46.931458333333346 41.331041666666671 37.595833333333339 39.635119047619057 46.376785714285724 47.937500000000014 32.350000000000001 4.5000000000000009 20.508333333333336 12.450000000000001 31.381249999999998 7.5000000000000009 10.65 4.5000000000000009 21.100000000000001
decision_type=10 2 10 10 2 10 2 2 8 2 2 2 2 2 2 10 10 2 10 10 2 2 2 2 2 2 2 2 2 2
left_child=1 2 7 6 5 -5 -2 8 9 -1 26 12 13 16 -15 -16 24 18 23 -19 22 -22 -13 -10 -12 -17 29 -28 -29 -11
right_child=3 -3 -4 4 -6 -7 -8 -9 17 10 11 20 -14 14 15 25 -18 19 -20 -21 21 -23 -24 -25 -26 -27 27 28 -30 -31
leaf_value=0.18687811244188041 0.32429415849037468 -0.26508201502006629 0.18918277382850648 -0.014176854612054052 -0.18382230937031324 0.35308020006526603 0.044372256845235825 0.1496151459567687 -0.042155925159542161 -0.16981586325758447 0.1102695463752995 0.13427149235055999 0.22062485221773387 -0.17468847823143008 0.19087189933634363 -0.14173895092681052 0.25140797893206279 -0.052330170165408744 0.10199135439149265 -0.3045864893496037 0.023715449627488852 -0.18344734282543262 -0.036867584890507642 -0.21044125848760209 -0.042655139494066435 0.015957797194520632 0.032010686793364586 -0.10445049443552573 0.0038533075579575134 -0.056193759416540472
leaf_weight=23 32 29 30 37 29 22 30 34 28 36 30 26 20 25 32 24 24 22 29 20 20 30 47 24 24 24 32 62 35 24
leaf_count=23 32 29 30 37 29 22 30 34 28 36 30 26 20 25 32 24 24 22 29 20 20 30 47 24 24 24 32 62 35 24
internal_value=0 -0.0102652 -7.25325e-05 0.0908064 0.0217315 0.122766 0.188848 -0.00824183 -0.0163615 -0.00055536 -0.00892618 0.0250974 0.0564167 0.0384705 -0.012172 0.0386144 0.106643 -0.0854976 -0.04041 -0.172452 -0.0265921 -0.100582 0.0240861 -0.119826 0.042303 -0.0628906 -0.0676124 -0.0412149 -0.0653718 -0.124367
internal_weight=0 754 725 150 88 59 62 695 661 538 515 326 203 183 105 80 78 123 81 42 123 50 73 52 54 48 189 129 97 60
internal_count=904 754 725 150 88 59 62 695 661 538 515 326 203 183 105 80 78 123 81 42 123 50 73 52 54 48 189 129 97 60
is_linear=0
shrinkage=0.05


Tree=59
num_leaves=31
num_cat=0
split_feature=13 12 2 14 5 14 1 1 1 0 1 0 4 0 0 5 14 7 7 12 9 2 0 12 4 0 0 3 6 1
split_gain=488.543 519.924 791.287 441.169 320.201 258.94 226.854 200.134 336.431 266.192 337.343 408.089 238.767 224.391 362.957 177.206 152.445 155.385 204.728 373.113 276.924 240.873 301.2 236.634 196.213 188.203 174.092 167.718 148.362 84.6488
threshold=8.6500000000000004 20.750000000000004 21.450000000000003 1.0000000180025095e-35 51.079166666666673 18.850000000000005 13.183333333333335 91.618750000000006 78.695833333333354 62.602083333333333 61.564583333333331 44.593750000000021 1.0000000180025095e-35 40.056250000000006 46.808333333333337 18.736309523809528 13.700000000000001 35.301190476190484 53.236904761904775 33.850000000000001 1.5000000000000002 32.850000000000001 33.679166666666667 29.150000000000002 12.750000000000002 34.177083333333336 21.608333333333338 16.250000000000004 35.921597222222225 66.639583333333363
decision_type=2 2 2 2 10 2 2 2 2 2 2 2 2 2 2 10 2 10 10 2 2 2 2 2 2 2 2 2 10 2
left_child=3 -2 -3 4 -1 6 -4 8 9 10 13 29 -10 16 -15 -7 17 24 19 21 -20 22 23 26 -8 28 -19 -21 -22 -12
right_child=1 2 5 -5 -6 15 7 -9 12 -11 11 -13 -14 14 -16 -17 -18 18 20 27 25 -23 -24 -25 -26 -27 -28 -29 -30 -31
leaf_value=0.36596093838187782 -0.18777085919235204 0.22975343087235012 -0.1573329384354028 -0.022372091348682132 0.093003597496343515 -0.0017300748825073244 -0.063617787786129421 -0.11436351244196748 0.26725898810795379 -0.17719015300273896 -0.058464422757210949 0.24247050499543549 0.034068954185299254 -0.23780332001355978 0.0073600555459658315 -0.19387058953444164 0.11898023655105915 -0.022280438741048181 0.098892069578170774 -0.17045666016638281 -0.1301787775985542 0.25474174752831463 0.24252069745212795 -0.086942676032582933 0.091448861686512839 -0.22444410994648933 0.14887517300935893 0.022647083761251491 0.060103599280118949 0.080381533290658683
leaf_weight=22 37 37 22 28 21 20 136 33 21 20 23 32 23 26 36 30 28 24 25 22 21 20 20 30 24 20 39 23 20 21
leaf_count=22 37 37 22 28 21 20 136 33 21 20 23 32 23 26 36 30 28 24 25 22 21 20 20 30 24 20 39 23 20 21
internal_value=0 -0.00455085 0.00396566 0.132082 0.232656 -0.00704112 0.000714396 0.00577559 0.0118377 0.00220623 0.00828747 0.10661 0.145364 -0.00625055 -0.0954504 -0.117014 0.00598483 -0.00147713 0.0220869 0.0526922 -0.0412589 0.0947998 0.0664915 0.0286357 -0.0403578 -0.0986978 0.083673 -0.0717592 -0.0373581 0.00780297
internal_weight=0 833 796 71 43 759 709 687 654 610 590 76 44 514 62 50 452 424 264 178 86 133 113 93 160 61 63 45 41 44
internal_count=904 833 796 71 43 759 709 687 654 610 590 76 44 514 62 50 452 424 264 178 86 133 113 93 160 61 63 45 41 44
is_linear=0
shrinkage=0.05


Tree=60
num_leaves=31
num_cat=0
split_feature=8 8 6 5 2 2 7 12 12 0 2 12 7 0 1 2 0 6 8 14 5 3 3 8 13 8 8 7 8 4
split_gain=278.491 522.701 516.341 999.357 438.034 1153 520.676 970.632 455.421 363.264 668.868 831.552 678.783 492.168 354.96 322.156 298.985 290.21 278.301 241.299 292.557 208.571 201.559 163.639 120.895 265.849 117.978 198.878 195.539 80.9247
threshold=45.892430555555563 46.931458333333346 39.226944444444456 38.747619047619047 21.550000000000004 20.850000000000005 53.236904761904775 27.450000000000003 25.750000000000004 71.858333333333363 23.850000000000005 24.650000000000002 73.022321428571459 47.758333333333333 52.34791666666667 32.95000000000001 39.020833333333336 32.442986111111118 44.145763888888887 1.0000000180025095e-35 28.122916666666669 15.250000000000002 15.65 42.490763888888885 10.950000000000001 36.882222222222218 33.982500000000009 22.544940476190479 26.909722222222225 8.5500000000000025
decision_type=10 10 10 10 2 2 10 2 2 2 2 2 10 2 2 2 2 10 10 2 10 2 2 8 2 10 10 10 10 2
left_child=2 -2 3 16 5 -3 7 8 -6 10 12 -12 -8 14 -13 -16 19 -9 -4 21 23 24 -19 26 -1 -26 27 29 -29 -21
right_child=1 4 18 -5 6 -7 9 17 -10 -11 11 13 -14 -15 15 -17 -18 22 -20 20 -22 -23 -24 -25 25 -27 -28 28 -30 -31
leaf_value=0.18938565303881963 0.21226431052200498 -0.060438611608530791 -0.32740243077278142 0.27283809725885039 0.096337063253546754 0.37913302102914226 -0.05115456432104111 0.081708547472953807 0.41128467985174871 0.12586051147917043 0.177995799609593 -0.15316232244173689 -0.45362474268132991 -0.25085479331177635 -0.043577852891758084 0.20434148401021957 -0.20951975196599962 -0.1815221889574519 -0.072930275755269197 -0.021997322702642392 -0.20946959625663505 -0.06088191815784999 0.012707118825478989 -0.14240359149632917 0.17013773337937893 -0.087665042132139215 0.052963261814279995 0.011080500057765418 -0.15583226571374753 0.10718864518302409
leaf_weight=21 32 35 22 27 24 26 20 33 22 23 35 39 22 37 38 20 25 34 21 27 28 35 22 31 20 20 44 28 47 22
leaf_count=21 32 35 22 27 24 26 20 33 22 23 35 39 22 37 38 20 25 34 21 27 28 35 22 31 20 20 44 28 47 22
internal_value=0 0.0173091 -0.0390167 -0.0201989 0.00280085 0.12692 -0.0177175 0.060478 0.246964 -0.0628302 -0.0833984 -0.0390191 -0.261972 -0.0957021 -0.0365202 0.0419116 -0.0429346 -0.035908 -0.203125 -0.030041 -0.058145 0.0364134 -0.105218 -0.0368531 0.0922386 0.0412363 -0.0173765 -0.0423358 -0.0935182 0.0360045
internal_weight=0 462 418 375 430 61 369 135 46 234 211 169 42 134 97 58 348 89 43 323 227 96 56 199 61 40 168 124 75 49
internal_count=880 462 418 375 430 61 369 135 46 234 211 169 42 134 97 58 348 89 43 323 227 96 56 199 61 40 168 124 75 49
is_linear=0
shrinkage=0.05


Tree=61
num_leaves=31
num_cat=0
split_feature=8 8 6 5 2 5 8 1 1 1 0 8 8 7 1 0 0 8 14 5 3 7 3 0 8 13 8 8 7 8
split_gain=251.338 471.737 465.997 901.92 403.696 942.484 453.569 491.354 489.112 605.249 573.838 500.297 520.551 372.906 352.229 328.586 269.834 251.166 217.772 264.032 188.235 186.939 158.904 153.823 147.684 109.108 239.929 106.475 179.497 168.859
threshold=45.892430555555563 46.931458333333346 39.226944444444456 38.747619047619047 27.650000000000002 40.367857142857147 52.272708333333362 52.34791666666667 56.939583333333353 78.695833333333354 48.033333333333339 57.477847222222231 66.234722222222231 80.765178571428592 37.306250000000006 27.318749999999998 39.020833333333336 44.145763888888887 1.0000000180025095e-35 28.122916666666669 15.250000000000002 62.000892857142865 15.65 67.583333333333357 42.490763888888885 10.950000000000001 36.882222222222218 33.982500000000009 21.211011904761907 29.329374999999995
decision_type=10 10 10 10 2 10 10 2 2 2 2 10 10 10 2 2 2 10 2 10 2 10 2 2 8 2 10 10 10 10
left_child=2 -2 3 16 6 14 7 -3 11 10 -10 -8 -13 -11 -6 -16 18 -4 20 24 25 22 -17 -15 27 -1 -27 28 -20 -30
right_child=1 4 17 -5 5 -7 8 -9 9 13 -12 12 -14 23 15 21 -18 -19 19 -21 -22 -23 -24 -25 -26 26 -28 -29 29 -31
leaf_value=0.17991636984405066 0.20165109265362846 0.011447058990597725 -0.31103230775333945 0.25919619677243411 -0.15703072587493808 -0.36436629173430535 0.2568060233737483 0.35387199900367045 -0.023147266052472287 0.20768438887137633 -0.31135156981406675 -0.12801575200451959 0.16669585989338573 -0.13360071659088135 0.20935442023245351 -0.13631158214993774 -0.19904376417398453 -0.069283763636347084 0.046957148397341372 -0.19899611536945616 -0.057837823182344442 0.099634273866048229 0.030102428192129507 0.062500469982624055 -0.13528341225558713 0.1616308516636491 -0.08328179314732552 0.050315098701552909 -0.014139331961897287 -0.1560828361287713
leaf_weight=21 32 20 22 27 32 22 33 22 39 26 31 31 29 20 21 32 25 21 40 28 35 26 26 20 31 20 20 44 44 40
leaf_count=21 32 20 22 27 32 22 33 22 39 26 31 31 29 20 21 32 25 21 40 28 35 26 26 20 31 20 20 44 44 40
internal_value=0 0.0164437 -0.0370659 -0.019189 0.00266081 -0.0605875 0.0397696 0.190813 0.0120674 -0.0483592 -0.150781 0.100433 0.0144282 0.0602695 -0.0118055 0.0324536 -0.0407878 -0.192969 -0.0285389 -0.0552378 0.0345927 -0.0117716 -0.0617122 -0.0355501 -0.0350105 0.0876266 0.0391745 -0.0165077 -0.040219 -0.0817315
internal_weight=0 462 418 375 430 159 271 42 229 136 70 93 60 66 137 105 348 43 323 227 96 84 58 40 199 61 40 168 124 84
internal_count=880 462 418 375 430 159 271 42 229 136 70 93 60 66 137 105 348 43 323 227 96 84 58 40 199 61 40 168 124 84
is_linear=0
shrinkage=0.05


Tree=62
num_leaves=31
num_cat=0
split_feature=12 2 8 8 3 12 6 12 0 12 1 5 3 1 3 1 13 0 0 8 2 6 5 4 12 13 2 6 4 8
split_gain=249.647 595.154 489.327 225.731 229.665 760.129 509.172 410.063 374.749 365.653 314.11 543.552 238.667 369.208 229.061 219.752 187.904 271.152 247.093 226.793 396.232 223.431 185.352 179.868 113.788 219.002 167.43 126.611 109.294 72.4772
threshold=20.450000000000003 21.550000000000004 62.990555555555552 86.123958333333348 10.65 28.950000000000003 44.480069444444446 26.950000000000003 34.368750000000013 24.850000000000005 56.939583333333353 59.876190476190487 9.1500000000000004 47.937500000000014 11.550000000000002 77.747916666666683 13.750000000000002 36.218750000000014 46.554166666666681 50.209583333333342 32.550000000000004 35.247291666666676 31.222023809523815 1.9500000000000002 32.650000000000013 15.350000000000003 34.650000000000013 22.703263888888888 24.200000000000006 31.543541666666673
decision_type=2 2 10 8 2 2 10 2 2 2 2 10 2 2 2 2 2 2 2 10 2 10 10 2 2 2 2 10 2 10
left_child=-1 2 -2 4 5 6 12 8 9 -6 -8 -12 -3 -14 -9 -10 17 21 19 24 -21 23 28 -16 25 -18 -26 -27 29 -11
right_child=1 3 -4 -5 7 -7 10 14 15 22 11 -13 13 -15 16 -17 18 -19 -20 20 -22 -23 -24 -25 26 27 -28 -29 -30 -31
leaf_value=-0.15028057793776195 0.030627999928864565 -0.090617282679747974 0.33105757696473082 -0.133544329416595 0.15146760457110675 -0.25291931129992012 0.31790552425384522 0.16467034464532682 -0.25030688550777552 -0.057293372885621301 -0.066838346297542248 0.27723601460456848 -0.043912992965091359 0.21082424034178257 0.11721441116183998 -0.051408643665767854 -0.1403689374977892 0.17857236937930188 -0.19275725079434258 -0.065620836360113968 0.16611569183759201 -0.12941061394370121 -0.20898957669734958 -0.055927091091871266 -0.22394665196537972 -0.040070937015116215 -0.03953069049166516 0.13026700305442016 -0.13517429754883051 0.036260219748962569
leaf_weight=30 33 42 23 38 22 20 25 22 41 47 24 22 33 25 40 21 22 30 21 35 39 23 20 24 20 20 32 24 25 37
leaf_count=30 33 42 23 38 22 20 25 22 41 47 24 22 33 25 40 21 22 30 21 35 39 23 20 24 20 20 32 24 25 37
internal_value=0 -0.00352154 0.154019 -0.0146327 -0.00865565 0.0387428 0.0728553 -0.0246788 -0.0794375 -0.0369405 0.175249 0.097719 0.000155514 0.0658875 0.00845636 -0.182938 -0.00195791 0.0489492 -0.0299209 -0.0121107 0.0565106 0.00425152 -0.0690722 0.0522863 -0.0551444 -0.0115625 -0.11046 0.0528407 -0.0433992 -0.0160852
internal_weight=0 850 56 794 756 191 171 565 213 151 71 46 100 58 352 62 330 117 213 192 74 87 129 64 118 66 52 44 109 84
internal_count=880 850 56 794 756 191 171 565 213 151 71 46 100 58 352 62 330 117 213 192 74 87 129 64 118 66 52 44 109 84
is_linear=0
shrinkage=0.05


Tree=63
num_leaves=31
num_cat=0
split_feature=12 2 7 7 0 14 2 10 8 5 0 10 3 5 1 1 14 12 12 7 8 3 2 7 13 14 14 0 8 9
split_gain=225.307 537.127 772.562 221.599 1023.84 334.594 315.462 307.477 379.836 263.459 227.016 197.128 195.891 254.472 192.371 448.621 265.891 303.591 587.698 229.489 151.674 182.466 203.895 335.364 192.424 158.911 255.659 145.737 137.878 123.242
threshold=20.450000000000003 21.550000000000004 53.500892857142865 56.794047619047625 46.291666666666679 3.5500000000000003 25.350000000000005 3.5000000000000004 55.574305555555547 47.076785714285727 38.745833333333344 2.5000000000000004 10.350000000000003 26.399404761904766 50.229166666666664 56.939583333333353 0.45000000000000007 25.050000000000004 23.950000000000003 68.206250000000026 31.543541666666673 12.750000000000002 27.150000000000002 39.635119047619057 12.250000000000002 0.25000000000000006 1.3500000000000003 28.929166666666667 29.329374999999995 2.5000000000000004
decision_type=2 2 10 8 2 2 2 2 10 10 2 2 2 10 2 2 2 2 2 10 10 2 2 10 2 2 2 2 10 2
left_child=-1 2 -2 4 10 7 -6 8 -5 -10 11 -3 13 -13 -9 -16 17 18 -17 -19 28 22 -22 -24 -23 27 -27 -26 29 -14
right_child=1 3 -4 5 6 -7 -8 14 9 -11 -12 12 20 -15 15 16 -18 19 -20 -21 21 24 23 -25 25 26 -28 -29 -30 -31
leaf_value=-0.14276655207659739 -0.020457520996851306 0.1137249347663695 0.35311915886402134 0.032881159238193347 0.081184796413237406 -0.24460113864569438 0.33624851019294177 -0.1353699953718619 -0.093800622001290329 -0.35044210214167837 -0.13518899055504194 0.0075232947866121936 0.059591853680709995 -0.21825528603333694 0.24263829648494722 -0.1566230032593012 0.15176294475793839 -0.012769042683595961 0.20701425421237946 -0.22856635861098767 -0.023234974034130575 0.12480713749925297 0.020215153287757526 0.30311105702072383 -0.11496327875121948 0.17156239002943041 -0.029598184946059647 0.011516443153636324 -0.12894177315040276 -0.067621794177426239
leaf_weight=30 31 31 25 23 22 21 27 22 20 20 38 24 33 26 20 20 20 22 25 28 26 24 22 20 62 22 56 36 39 45
leaf_count=30 31 31 25 23 22 21 27 22 20 20 38 24 33 26 20 20 20 22 25 28 26 24 22 20 62 22 56 36 39 45
internal_value=0 -0.00334546 0.146318 -0.0139011 0.00353665 -0.0539137 0.22173 -0.0357117 -0.129025 -0.222121 -0.0176766 -0.00809404 -0.0167754 -0.109882 0.00173251 0.0240751 -0.0139358 -0.0488198 0.0453977 -0.133616 -0.00468369 0.0160521 0.0868065 0.154927 -0.00800443 -0.0261151 0.0271394 -0.0685013 -0.052181 -0.0138006
internal_weight=0 850 56 794 553 241 49 220 63 40 504 466 435 50 157 135 115 95 45 50 385 268 68 42 200 176 78 98 117 78
internal_count=880 850 56 794 553 241 49 220 63 40 504 466 435 50 157 135 115 95 45 50 385 268 68 42 200 176 78 98 117 78
is_linear=0
shrinkage=0.05


Tree=64
num_leaves=31
num_cat=0
split_feature=12 2 7 7 0 14 5 5 12 6 12 13 6 3 0 8 8 9 13 14 3 3 14 5 13 14 3 7 7 14
split_gain=203.339 484.757 697.237 199.993 924.02 308.952 303.279 252.222 363.562 505.849 266.101 411.809 391.144 216.524 204.882 146.61 318.952 263.727 210.342 179.431 149.604 134.614 121.308 144.627 118.38 106.856 110.542 222.614 101.659 61.5861
threshold=20.450000000000003 21.550000000000004 53.500892857142865 56.794047619047625 46.291666666666679 2.0500000000000003 45.425000000000004 37.132738095238103 22.950000000000003 53.809236111111126 25.050000000000004 10.550000000000002 34.41993055555556 12.750000000000002 38.745833333333344 45.892430555555563 46.986388888888904 2.5000000000000004 9.2500000000000018 0.25000000000000006 17.150000000000002 14.250000000000002 19.950000000000006 19.213690476190479 10.250000000000002 14.15 11.15 41.706845238095248 37.994345238095242 0.95000000000000007
decision_type=2 2 10 8 2 2 10 8 2 8 2 2 10 2 2 10 10 2 2 2 2 2 2 10 2 2 2 10 10 2
left_child=-1 2 -2 4 14 7 -6 -5 -9 10 11 -10 -12 -14 15 18 -17 19 -3 -18 21 -19 24 -24 -20 26 -26 28 29 -28
right_child=1 3 -4 5 6 -7 -8 8 9 -11 12 -13 13 -15 -16 16 17 20 22 -21 -22 -23 23 -25 25 -27 27 -29 -30 -31
leaf_value=-0.13562822215259077 -0.019434641818365746 -0.17943967410496303 0.33546319758892063 0.1059918504979076 0.078387485379758093 -0.21059738804620728 0.32763939385230723 0.10996759323210553 0.1564069168221566 -0.31760838359594346 0.049262763613036706 -0.13035991692117282 -0.28150929629250809 -0.084749525374379658 -0.12842954320735053 0.21434042198317393 -0.16195650173972051 0.040615929046581539 0.10529282883457516 0.028604482327188763 -0.047198276079836343 0.20463353547860277 -0.00612811107527126 -0.19190562047064305 -0.1135593510667483 0.088845158287364501 0.021869712856908641 0.11706912507270945 -0.12011985235980578 -0.048122396329276722
leaf_weight=30 31 21 25 29 23 27 26 29 31 20 28 21 27 29 38 21 30 29 23 21 21 22 22 20 30 23 60 29 28 66
leaf_count=30 31 21 25 29 23 27 26 29 31 20 28 21 27 29 38 21 30 29 23 21 21 22 22 20 30 23 60 29 28 66
internal_value=0 -0.00317819 0.139002 -0.013206 0.00335982 -0.051218 0.210644 -0.0311094 -0.052601 -0.0828221 -0.0482947 0.0405972 -0.103323 -0.179616 -0.0167928 -0.00768934 0.0342485 0.0035011 -0.0264442 -0.0834902 0.0651199 0.111369 -0.01577 -0.0945936 -0.00298785 -0.0135406 -0.0245964 -0.0100123 -0.0339432 -0.0147928
internal_weight=0 850 56 794 553 241 49 214 185 156 136 52 84 56 504 466 144 123 322 51 72 51 301 42 259 236 213 183 154 126
internal_count=880 850 56 794 553 241 49 214 185 156 136 52 84 56 504 466 144 123 322 51 72 51 301 42 259 236 213 183 154 126
is_linear=0
shrinkage=0.05


Tree=65
num_leaves=31
num_cat=0
split_feature=13 14 8 1 0 0 5 7 13 2 1 7 5 3 5 5 5 7 1 1 10 13 12 7 3 13 3 3 10 8
split_gain=617.8 657.682 412.127 579.819 530.462 392.483 345.764 617.736 328.494 314.047 275.187 264.17 250.664 232.028 182.215 181.115 145.949 289.385 198.783 125.912 92.7059 165.986 115.041 195.143 122.402 276.484 223.492 219.53 179.018 162.846
threshold=8.6500000000000004 1.0000000180025095e-35 62.25888888888889 73.49375000000002 34.216666666666676 64.629166666666677 43.507738095238103 56.422916666666673 8.3500000000000032 24.050000000000004 58.660416666666677 80.765178571428592 41.088988095238101 11.15 38.90744047619048 59.876190476190487 35.31666666666667 54.383333333333333 66.639583333333363 56.483333333333341 9.5000000000000018 10.750000000000002 26.350000000000005 29.579761904761906 13.15 11.950000000000001 12.450000000000001 13.850000000000003 3.5000000000000004 46.931458333333346
decision_type=2 2 10 2 2 2 10 10 2 2 2 10 10 2 10 10 10 10 2 2 2 2 2 10 2 2 2 2 2 8
left_child=1 8 5 4 -4 6 12 9 -1 -8 -6 -5 14 -9 16 -13 18 -18 20 -19 22 -22 23 -2 26 -26 29 -27 -29 -24
right_child=2 -3 3 11 10 -7 7 13 -10 -11 -12 15 -14 -15 -16 -17 17 19 -20 -21 21 -23 24 -25 25 27 -28 28 -30 -31
leaf_value=0.13795751113267171 -0.032322175917721803 -0.045392813734137095 0.14233642279037409 0.29887894999097891 -0.27295571267604829 -0.19032442316864476 0.083395553119480617 0.069532763957977292 0.42109739799052481 0.36359503924846653 -0.019361657811247785 -0.0099275736510753641 -0.18919310354344224 -0.15759558535140494 0.11401257608861973 0.20286033004522325 -0.23961957764366401 0.071669907122850415 0.13697686992585659 -0.10575062319636347 0.1464973350011167 -0.047930805644263393 0.027139205038547515 -0.21337719627402049 0.11485626104359443 -0.21133898631447839 0.1528263531625271 -0.17202746766902832 -0.023396552678142838 -0.13946787562221288
leaf_weight=21 46 26 28 27 20 33 20 22 20 20 23 20 23 23 24 20 23 20 20 20 21 23 55 22 26 21 26 23 170 20
leaf_count=21 46 26 28 27 20 33 20 22 20 20 23 20 23 23 24 20 23 20 20 20 21 23 55 22 26 21 26 23 170 20
internal_value=0 0.151326 -0.00644954 0.0725317 -0.0270283 -0.0219979 -0.0136824 0.0805275 0.276075 0.223495 -0.137312 0.178036 -0.027418 -0.0465551 -0.0207736 0.0964664 -0.0268088 -0.0982994 -0.0172868 -0.0170404 -0.0240976 0.0448644 -0.0315165 -0.0908988 -0.0196748 -0.0391079 0.0265028 -0.0578139 -0.041109 -0.0172893
internal_weight=0 67 839 138 71 701 668 85 41 40 43 67 583 45 560 40 536 63 473 40 453 44 409 68 341 240 101 214 193 75
internal_count=906 67 839 138 71 701 668 85 41 40 43 67 583 45 560 40 536 63 473 40 453 44 409 68 341 240 101 214 193 75
is_linear=0
shrinkage=0.05


Tree=66
num_leaves=31
num_cat=0
split_feature=13 14 8 1 0 0 3 0 7 7 2 7 2 1 3 6 6 6 7 7 10 7 13 1 2 14 13 1 7 6
split_gain=557.565 593.558 371.944 523.287 481.416 354.216 318.871 289.035 601.973 334.829 251.839 238.414 217.94 198.284 188.937 261.709 251.478 326.673 481.658 276.356 241.313 150.145 141.91 114.075 108.198 114.894 101.483 140.845 62.2682 61.4195
threshold=8.6500000000000004 1.0000000180025095e-35 62.25888888888889 73.49375000000002 35.341666666666676 64.629166666666677 9.3500000000000032 44.593750000000021 56.422916666666673 48.439880952380953 20.950000000000003 80.765178571428592 23.350000000000005 73.881250000000009 13.350000000000003 48.312847222222224 32.768819444444446 24.793194444444442 39.635119047619057 47.892559523809531 3.5000000000000004 44.779166666666676 11.750000000000002 37.029166666666669 36.650000000000013 0.8500000000000002 14.15 43.318750000000001 95.827380952380977 18.752013888888893
decision_type=2 2 10 2 2 2 2 2 10 10 2 10 2 2 2 8 10 10 10 8 2 10 2 2 2 2 2 2 10 8
left_child=1 6 5 4 -4 7 -1 10 9 -9 -2 -5 -6 -10 15 16 17 21 -19 22 -16 23 -18 -12 25 26 27 -22 -13 -27
right_child=2 -3 3 11 12 -7 -8 8 13 -11 14 28 -14 -15 20 -17 19 18 -20 -21 24 -23 -24 -25 -26 29 -28 -29 -30 -31
leaf_value=0.12619182456816946 -0.20107252977788451 -0.043123173713684085 0.12221694305058449 0.2839349996712473 -0.25700476892292501 -0.1808081995357167 0.40515372187830512 0.039618442872805255 0.03449407666921616 0.30373223254989301 -0.031926956219332558 0.029259047508239745 -0.023584586940705778 -0.16363853778204193 -0.16035759539510577 0.18915311597287654 -0.083512481208890682 -0.0063366447660056033 0.33269310329109431 -0.20971845692396163 0.036178344750607556 -0.13624590730294586 0.096823408231139191 0.11547948405856179 -0.13496573750268331 -0.11311635295710257 0.042518441977920714 -0.14715388804674148 0.15402707785367967 -0.033743187736131643
leaf_weight=21 20 26 31 27 20 33 20 21 28 28 35 20 20 23 39 20 24 22 20 25 22 20 20 21 22 31 93 20 20 114
leaf_count=21 20 26 31 27 20 33 20 21 28 28 35 20 20 23 39 20 24 22 20 25 22 20 20 21 22 31 93 20 20 114
internal_value=0 0.14376 -0.00612706 0.0689051 -0.0256769 -0.020898 0.262271 -0.0129983 0.0653864 0.190541 -0.0267984 0.169134 -0.140295 -0.0548598 -0.020438 0.0172436 -0.0011424 0.0431963 0.155106 -0.076968 -0.0433122 -0.0186486 -0.00154162 0.0233505 -0.0281971 -0.0198081 0.0133856 -0.0511227 0.0916431 -0.0507126
internal_weight=0 67 839 138 71 701 41 668 100 49 568 67 40 51 548 207 187 118 42 69 341 76 44 56 302 280 135 42 40 145
internal_count=906 67 839 138 71 701 41 668 100 49 568 67 40 51 548 207 187 118 42 69 341 76 44 56 302 280 135 42 40 145
is_linear=0
shrinkage=0.05


Tree=67
num_leaves=31
num_cat=0
split_feature=13 14 13 3 14 13 7 7 0 1 5 0 1 13 2 10 10 13 2 13 3 10 13 6 3 6 2 6 2 7
split_gain=503.202 535.686 307.847 292.684 906.357 503.373 613.303 949.129 413.954 437.136 423.762 278.171 269.663 249.577 180.124 141.196 422.395 277.291 285.498 219.041 142.213 283.892 183.32 185.879 148.248 118.73 59.2886 67.4301 87.7118 81.2857
threshold=8.6500000000000004 1.0000000180025095e-35 8.3500000000000032 10.050000000000002 0.55000000000000016 9.8500000000000032 46.840178571428588 65.210119047619074 64.375000000000014 61.564583333333331 44.725595238095245 49.206250000000004 55.987500000000018 15.350000000000003 22.350000000000005 11.500000000000002 9.5000000000000018 10.550000000000002 25.150000000000002 11.850000000000003 13.350000000000003 3.5000000000000004 13.450000000000001 34.802013888888894 12.250000000000002 39.062013888888892 26.450000000000003 26.243958333333339 27.050000000000004 45.218750000000007
decision_type=2 2 2 2 2 2 10 10 2 2 10 2 2 2 2 2 2 2 2 2 2 2 2 10 2 10 2 8 2 8
left_child=1 2 -1 4 5 14 -7 -8 9 12 11 13 15 -11 -2 16 17 -5 -19 -20 24 -22 -23 26 -21 -14 -24 28 -28 -29
right_child=3 -3 -4 8 -6 6 7 -9 -10 10 -12 -13 25 -15 -16 -17 -18 18 19 20 21 22 23 -25 -26 -27 27 29 -30 -31
leaf_value=0.11545131533805814 -0.11461330709809608 -0.040967013214070064 0.38954850345849995 -0.15624939375802091 -0.16944578026022231 -0.01883936731711678 0.51524297380447392 0.094845137693758672 -0.21575703385930797 0.18053447074041917 0.2098246510212238 -0.14267970960248599 -0.078584426268935206 -0.031115846767400701 0.081552781283855444 -0.12343983037337181 0.14878430934371176 0.16459404654091314 0.099832490598782908 -0.045236935065342834 -0.19196839628346041 -0.15672919420456444 -0.099693755299085751 0.096747577587763478 0.094476542209048539 -0.23694059238769116 -0.048397244140505793 -0.089402301552203994 0.082972870960279749 0.016265205426939898
leaf_weight=21 22 26 20 38 35 23 25 29 26 26 39 22 29 30 25 31 37 21 32 39 33 27 32 30 37 20 24 52 27 28
leaf_count=21 22 26 20 38 35 23 25 29 26 26 39 22 29 30 25 31 37 21 32 39 33 27 32 30 37 20 24 52 27 28
internal_value=0 0.136572 0.249157 -0.00582071 0.0552516 0.118674 0.19738 0.289474 -0.0201009 -0.0123225 0.0752532 0.00796753 -0.0314032 0.0671504 -0.0102696 -0.0201757 -0.013171 -0.0274385 -0.0146248 -0.0250503 -0.0371969 -0.0552141 -0.034701 -0.0176297 0.0227815 -0.14322 -0.0386807 -0.0237768 0.0211516 -0.0524187
internal_weight=0 67 41 839 159 124 77 54 680 654 117 78 537 56 47 488 457 420 382 361 329 253 220 193 76 49 163 131 51 80
internal_count=906 67 41 839 159 124 77 54 680 654 117 78 537 56 47 488 457 420 382 361 329 253 220 193 76 49 163 131 51 80
is_linear=0
shrinkage=0.05


Tree=68
num_leaves=31
num_cat=0
split_feature=13 14 3 12 2 1 12 0 3 3 0 6 7 6 0 1 2 13 12 9 3 3 10 3 3 2 2 6 3 0
split_gain=454.14 483.457 298.798 266.9 925.516 233.241 515.249 327.518 496.119 318.899 600.891 341.315 235.655 183.221 211.173 168.223 162.2 167.805 273.173 143.791 139.829 119.298 291.156 205.31 103.552 113.042 106.768 147.24 82.491 54.3045
threshold=8.6500000000000004 1.0000000180025095e-35 9.3500000000000032 20.750000000000004 21.450000000000003 61.564583333333331 23.050000000000004 64.375000000000014 10.15 10.65 39.437500000000007 43.237916666666663 54.190178571428568 44.226458333333348 53.683333333333344 33.554166666666674 25.250000000000004 12.450000000000001 28.150000000000002 4.5000000000000009 14.450000000000001 13.050000000000002 3.5000000000000004 12.050000000000002 13.850000000000003 27.050000000000004 27.550000000000004 34.802013888888894 19.150000000000002 14.960416666666667
decision_type=2 2 2 2 2 2 2 2 2 2 2 10 10 10 2 2 2 2 2 2 2 2 2 2 2 2 2 10 2 2
left_child=1 2 -1 -2 -5 6 -6 12 -9 10 15 16 -7 14 19 -8 -11 18 20 -14 -18 23 -23 -19 -24 29 -27 28 -28 -26
right_child=3 -3 -4 4 5 7 9 8 -10 11 -12 -13 13 -15 -16 -17 17 21 -20 -21 -22 22 24 -25 25 26 27 -29 -30 -31
leaf_value=0.10497309593927294 -0.13500515524494022 -0.038918663088518844 0.37501200264319778 0.25989287475575557 -0.23958589255257889 0.19111690610985865 -0.078832816376405601 0.071216725806395209 -0.26596847757697106 0.10776115416184716 0.31172748629003766 -0.19585277467966081 -0.013644216680213025 0.13837152015079152 -0.14235338494181635 0.075231218297739294 0.035786022543907163 -0.078971088832865161 0.15871671672011245 0.14697921709580855 -0.1324359647574879 -0.21029643219496524 -0.13675650426372885 0.12382860871461721 -0.049196654852739607 0.10184870794415475 -0.028275074026027282 0.064829241194658813 -0.13618563402282155 -0.14186640179157259
leaf_weight=21 38 26 20 33 27 33 34 24 20 23 20 30 38 33 20 37 30 24 29 22 21 28 25 26 43 20 77 36 23 25
leaf_count=21 38 26 20 33 27 33 34 24 20 23 20 30 38 33 20 37 30 24 29 22 21 28 25 26 43 20 77 36 23 25
internal_value=0 0.129743 0.236699 -0.00552968 0.000612732 -0.0105282 -0.0263263 0.0375313 -0.0820493 -0.0158762 0.069646 -0.0327947 0.0735693 0.0392412 -0.00165006 0.00145407 -0.0214186 -0.0287187 0.0361901 0.045251 -0.0334819 -0.0445985 -0.0574294 0.0264848 -0.0402396 -0.0294676 -0.00601682 -0.0218794 -0.0530945 -0.0832664
internal_weight=0 67 41 839 801 768 578 190 44 551 91 460 146 113 80 71 430 407 80 60 51 327 277 50 249 224 156 136 100 68
internal_count=906 67 41 839 801 768 578 190 44 551 91 460 146 113 80 71 430 407 80 60 51 327 277 50 249 224 156 136 100 68
is_linear=0
shrinkage=0.05


Tree=69
num_leaves=31
num_cat=0
split_feature=13 14 8 1 5 0 13 5 7 2 13 5 7 3 5 5 0 1 1 7 5 3 9 0 5 9 7 7 3 1
split_gain=409.861 436.32 300.508 431.756 443.573 298.78 288.497 255.731 521.511 252.76 222.286 221.303 216.383 199.96 153.1 140.586 240.341 157.344 83.8867 118.473 300.313 335.898 177.784 262.903 73.1283 177.708 76.6212 113.09 74.0219 68.403
threshold=8.6500000000000004 1.0000000180025095e-35 62.25888888888889 73.49375000000002 36.588095238095249 64.629166666666677 8.3500000000000032 43.507738095238103 56.422916666666673 24.050000000000004 11.350000000000003 41.088988095238101 85.082440476190513 11.15 38.90744047619048 35.31666666666667 40.056250000000006 66.639583333333363 54.914583333333333 41.706845238095248 29.048809523809528 10.65 1.5000000000000002 30.979166666666675 23.883333333333336 3.5000000000000004 25.226190476190478 22.544940476190479 17.150000000000002 43.433333333333351
decision_type=2 2 10 2 10 2 2 10 10 2 2 10 10 2 10 10 2 2 2 10 10 2 2 2 10 2 8 10 2 2
left_child=1 6 5 4 -4 7 -1 11 9 -9 -6 14 -5 -10 15 17 -17 18 19 20 21 -2 -21 29 26 -26 27 28 -23 -24
right_child=2 -3 3 12 10 -7 -8 8 13 -11 -12 -13 -14 -15 -16 16 -18 -19 -20 22 -22 24 23 -25 25 -27 -28 -29 -30 -31
leaf_value=0.095428796396369031 0.13468686274119787 -0.036972732505259606 0.16911780578749522 0.23914988002606799 -0.22860453944830669 -0.1653950611750285 0.36077184259891509 0.075419922620058061 0.060747911036014561 0.32679617119953042 -0.015003862765071721 -0.17509304171671039 0.059258704353123907 -0.15010154765585196 0.10670470509988567 -0.02593803523584854 -0.23573800206184387 0.12421464130282403 -0.092319664938582319 0.16950227722525599 -0.16977125478513314 -0.06224506088463521 -0.11557789593935014 0.14359760826284237 -0.0020951226779392785 -0.17109293279105001 0.014730473315598919 -0.11442205380452307 0.05279878090167868 0.0054914191504940391
leaf_weight=21 35 26 21 35 21 33 20 20 22 20 29 23 32 23 24 43 20 20 36 20 33 27 28 22 35 28 102 38 29 20
leaf_count=21 35 26 21 35 21 33 20 20 22 20 29 23 32 23 24 43 20 20 36 20 33 27 28 22 35 28 102 38 29 20
internal_value=0 0.123256 -0.00525319 0.0621898 -0.023723 -0.0185301 0.224864 -0.0112748 0.0697464 0.201108 -0.104716 -0.0230875 0.153232 -0.0470196 -0.0168444 -0.0223765 -0.0925412 -0.0130311 -0.0190905 -0.0127685 -0.0267502 -0.0106968 0.0380316 0.000468495 -0.0303433 -0.0772053 -0.0152805 -0.0478456 -0.00266879 -0.0651323
internal_weight=0 67 839 138 71 701 41 668 85 40 50 583 67 45 560 536 63 473 453 417 327 294 90 70 259 63 196 94 56 48
internal_count=906 67 839 138 71 701 41 668 85 40 50 583 67 45 560 536 63 473 453 417 327 294 90 70 259 63 196 94 56 48
is_linear=0
shrinkage=0.05


Tree=70
num_leaves=31
num_cat=0
split_feature=8 7 12 2 0 9 9 7 2 12 6 3 2 6 6 12 8 13 7 6 0 8 14 9 6 13 2 9 3 0
split_gain=419.89 423.861 498.045 739.529 651.056 580.041 327.762 280.423 172.374 329.71 329.419 226.051 250.564 141.88 190.979 288.51 438.667 182.02 123.033 169.747 118.243 157.82 134.145 102.769 99.8092 120.99 159.17 97.8839 94.5299 109.097
threshold=86.123958333333348 79.400000000000006 21.550000000000004 20.050000000000004 61.175000000000004 3.5000000000000004 2.5000000000000004 40.917261904761908 24.450000000000003 25.250000000000004 51.695416666666681 9.5500000000000025 23.550000000000004 36.330625000000005 29.322500000000002 33.45000000000001 48.114791666666669 18.650000000000002 58.085416666666667 32.890486111111123 39.281250000000007 23.409722222222225 1.7500000000000002 3.5000000000000004 37.068263888888886 15.450000000000001 27.050000000000004 5.5000000000000009 14.750000000000002 15.287500000000001
decision_type=10 10 2 2 2 2 2 10 2 2 10 2 2 10 10 2 10 2 10 10 2 8 2 2 10 2 2 2 2 2
left_child=1 2 3 -1 8 -6 -3 -5 11 -10 13 -4 -13 14 20 16 -16 18 19 -18 21 -11 27 -17 -15 26 -26 -23 -24 -30
right_child=-2 6 4 7 5 -7 -8 -9 9 10 -12 12 -14 24 15 23 17 -19 -20 -21 -22 22 28 -25 25 -27 -28 -29 29 -31
leaf_value=0.085542748252982692 -0.21481041347980501 0.26788531057536602 0.17269579906154564 -0.15134165064990523 0.37281228332292465 0.0093561071416606075 0.0092001675367355349 -0.40252903111279015 -0.17725401345753311 0.1114249464031309 0.18456276297569274 -0.1244435929733774 0.11753911770880224 -0.16767305731773377 0.24219208414313098 -0.15029226904330048 0.032929375608052529 0.15310254871845247 0.062804555383928373 -0.16368884599727135 -0.14193055649166522 0.019746315076757791 -0.03200558739587326 0.0046806786861270672 0.018547627879750162 0.05004295693202452 -0.15754107485214872 -0.095131804049015056 -0.042858883113630362 -0.17166435514177597
leaf_weight=23 25 24 27 25 21 23 25 20 33 20 20 23 20 23 29 23 21 20 29 23 23 118 88 20 21 22 33 22 31 35
leaf_count=23 25 24 27 25 21 23 25 20 33 20 20 23 20 23 29 23 21 20 29 23 23 118 88 20 21 22 33 22 31 35
internal_value=0 -0.00702416 -0.0154015 -0.145098 -0.00391796 0.182824 0.135903 -0.26298 -0.0152669 -0.0232486 -0.0150648 0.0593052 -0.0118935 -0.021708 -0.0109195 0.0331547 0.0724068 0.019463 -0.0171506 -0.0698483 -0.0324988 -0.0244831 -0.0337286 -0.0782118 -0.076413 -0.0487949 -0.0890621 0.00169404 -0.065931 -0.111165
internal_weight=0 885 836 68 768 44 49 45 724 654 621 70 43 601 502 165 122 93 73 44 337 314 294 43 99 76 54 140 154 66
internal_count=910 885 836 68 768 44 49 45 724 654 621 70 43 601 502 165 122 93 73 44 337 314 294 43 99 76 54 140 154 66
is_linear=0
shrinkage=0.05


Tree=71
num_leaves=31
num_cat=0
split_feature=12 0 2 6 5 7 6 10 7 6 0 5 2 2 12 3 10 1 14 10 5 4 0 0 6 6 3 7 12 14
split_gain=304.6 637.51 627.675 263.337 269.682 614.154 481.252 472.595 231.684 196 173.22 308.339 120.584 177.638 167.141 118.543 227.195 183.724 159.638 117.7 105.011 90.7495 208.183 270.475 207.829 215.946 155.249 114.214 153.29 86.8212
threshold=20.950000000000003 75.533333333333346 20.050000000000004 58.350486111111117 44.189583333333339 53.170238095238105 47.618750000000013 3.5000000000000004 82.552083333333343 41.261597222222228 44.418750000000003 37.752083333333339 37.050000000000004 34.650000000000013 33.45000000000001 16.350000000000005 3.5000000000000004 21.100000000000001 0.8500000000000002 7.5000000000000009 13.742857142857146 1.0000000180025095e-35 22.106250000000006 29.706250000000004 36.117916666666666 30.553680555555562 12.450000000000001 44.779166666666676 26.850000000000005 7.6500000000000012
decision_type=2 2 2 10 10 10 10 2 10 10 2 10 2 2 2 2 2 2 2 2 10 2 2 2 8 10 2 10 2 2
left_child=2 3 -1 4 6 -6 10 -7 9 -9 12 -12 13 14 15 17 -17 19 -18 -2 -20 22 -19 -24 25 27 -25 28 -23 -30
right_child=1 -3 -4 -5 5 7 -8 8 -10 -11 11 -13 -14 -15 -16 16 18 21 20 -21 -22 24 23 26 -26 -27 -28 -29 29 -31
leaf_value=0.068229306489229202 -0.1687446586340666 0.21790074283076871 -0.27003088388592006 -0.18373235003514723 0.26916514226683863 -0.13961991632455273 -0.25710529528913045 0.049041049117627356 -0.034106253513268063 0.2603171068288031 -0.046736181411763722 0.18383248756671777 -0.14269776490516961 0.079910669410817856 -0.15196723002195359 -0.21489428177475933 0.053285224433686287 0.1669316580726041 0.020225039801814341 -0.021848981132109962 -0.10837831256682413 0.088171089695472479 -0.09771542737984823 0.0046578891214824492 -0.13930751352088042 0.13679945064442497 0.17404449929793675 -0.10570120971117701 -0.00041666358233766356 -0.12479831248521805
leaf_weight=24 25 31 32 22 27 38 21 23 28 21 29 29 20 43 25 20 37 27 22 30 57 38 36 31 27 28 24 28 47 20
leaf_count=24 25 31 32 22 27 38 21 23 28 21 29 29 20 43 25 20 37 27 22 30 57 38 36 31 27 28 24 28 47 20
internal_value=0 -0.00468832 -0.125062 -0.0130726 -0.00838531 0.0554856 -0.0215635 0.00303701 0.0783282 0.149877 -0.0138708 0.0685482 -0.0220423 -0.0177713 -0.0258179 -0.0194724 -0.059257 -0.00448428 -0.0324229 -0.0886197 -0.0725647 0.0106381 0.0450073 0.00883195 -0.010934 0.0105944 0.078572 -0.0159751 0.00795192 -0.0375455
internal_weight=0 854 56 823 801 137 664 110 72 44 643 58 585 565 522 497 136 361 116 55 79 306 118 91 188 161 55 133 105 67
internal_count=910 854 56 823 801 137 664 110 72 44 643 58 585 565 522 497 136 361 116 55 79 306 118 91 188 161 55 133 105 67
is_linear=0
shrinkage=0.05


Tree=72
num_leaves=31
num_cat=0
split_feature=8 8 6 12 7 1 0 2 12 2 6 1 6 6 0 6 8 4 0 13 12 13 7 10 5 7 14 0 2 5
split_gain=356.303 379.787 293.136 619.731 535.619 310.742 262.946 253.641 532.457 137.124 162.441 135.646 129.036 150.432 166.133 228.331 411.369 304.577 135.243 122.957 93.0573 140.284 72.4803 145.485 217.291 119.726 110.898 146.393 95.8159 92.4929
threshold=86.123958333333348 81.69583333333334 49.595000000000013 25.550000000000004 80.222321428571448 56.743749999999999 61.175000000000004 20.250000000000004 21.650000000000002 24.450000000000003 43.237916666666663 56.15625 39.635555555555563 36.330625000000005 27.575000000000006 29.322500000000002 48.114791666666669 0.25000000000000006 39.281250000000007 15.750000000000002 27.650000000000002 14.550000000000002 25.226190476190478 8.5000000000000018 27.338690476190482 21.211011904761907 1.0000000180025095e-35 21.729166666666668 26.850000000000005 17.646428571428576
decision_type=10 10 10 2 10 2 2 2 2 2 10 2 10 10 2 8 10 2 2 2 2 2 8 2 10 10 2 2 2 10
left_child=1 2 4 5 6 -4 7 -1 -9 11 12 -10 13 14 22 18 -17 -18 20 -15 -16 -22 25 24 26 -11 27 -24 -25 -28
right_child=-2 -3 3 -5 -6 -7 -8 8 9 10 -12 -13 -14 19 15 16 17 -19 -20 -21 21 -23 23 28 -26 -27 29 -29 -30 -31
leaf_value=0.150525421327488 -0.19764018321037294 0.1899517715307108 -0.10861127337112148 0.089266694443566469 0.20142115114196654 -0.3569888211786747 0.13693449692479495 -0.26985336331916704 0.14151251222248432 -0.010965387724960845 -0.16089817343279722 -0.020117975711822514 0.10881966054439546 -0.047346289791897235 0.07884220718233674 0.23770305892002994 -0.086639115105693554 0.12716878253606059 -0.1340720538859782 -0.19362293034791947 -0.1386346711497754 0.03349568073091836 0.15160897445111049 -0.0021110720224678517 -0.14902159939919199 -0.11997556718734076 0.046177903003990654 -0.037406212240457537 0.14471730008721351 -0.067163359456592131
leaf_weight=22 25 24 34 28 31 20 29 21 27 48 20 25 20 51 27 29 36 31 23 20 20 29 21 25 35 53 24 20 20 72
leaf_count=22 25 24 34 28 31 20 29 21 27 48 20 25 20 51 27 29 36 31 23 20 20 29 21 25 35 53 24 20 20 72
internal_value=0 -0.0062327 -0.0117013 -0.101623 -0.0022358 -0.200603 -0.0106761 -0.0166298 -0.0219059 -0.0142034 -0.0207041 0.0638055 -0.0160619 -0.0203387 -0.010898 0.0254378 0.0803814 0.0122869 -0.0278408 -0.088551 0.00430817 -0.0367616 -0.0331794 -0.0168941 -0.0378348 -0.0681687 -0.0094294 0.0594064 0.063146 -0.038828
internal_weight=0 885 861 82 779 54 748 719 697 676 624 52 604 584 513 195 96 67 99 71 76 49 318 217 172 101 137 41 45 96
internal_count=910 885 861 82 779 54 748 719 697 676 624 52 604 584 513 195 96 67 99 71 76 49 318 217 172 101 137 41 45 96
is_linear=0
shrinkage=0.05


Tree=73
num_leaves=31
num_cat=0
split_feature=8 8 6 12 0 3 1 2 12 8 10 12 2 5 12 1 4 3 4 9 10 0 0 13 3 10 10 10 0 1
split_gain=321.564 342.758 264.556 559.307 412.264 288.687 280.445 214.894 501.423 187.982 143.782 124.809 199.742 320.512 112.537 100.16 122.759 96.7839 109.558 108.187 191.503 217.643 124.386 115.926 101.612 119.434 90.9824 90.0875 58.9888 95.6933
threshold=86.123958333333348 81.69583333333334 49.595000000000013 25.550000000000004 61.175000000000004 9.8500000000000032 56.743749999999999 20.250000000000004 21.650000000000002 64.226944444444456 2.5000000000000004 36.650000000000013 33.750000000000007 31.551488095238096 33.350000000000001 21.100000000000001 2.1500000000000008 16.350000000000005 4.4000000000000012 5.5000000000000009 3.5000000000000004 31.254166666666666 45.479166666666679 10.450000000000001 10.350000000000003 8.5000000000000018 9.5000000000000018 7.5000000000000009 28.310416666666672 36.610416666666673
decision_type=10 10 10 2 2 2 2 2 2 10 2 2 2 8 2 2 2 2 2 2 2 2 2 2 2 2 2 2 2 2
left_child=1 2 4 6 7 -6 -4 -1 -9 11 -11 12 14 -14 15 16 -10 19 28 20 21 -17 23 26 -25 -26 -22 -21 29 -19
right_child=-2 -3 3 -5 5 -7 -8 8 9 10 -12 -13 13 -15 -16 17 -18 18 -20 27 22 -23 -24 24 25 -27 -28 -29 -30 -31
leaf_value=0.14299914875406436 -0.18775817513465884 0.18045418377344807 -0.10318071075222071 0.084803353888647903 0.27493605722080577 0.015758728910060155 -0.33913938261568549 -0.25636069334688644 -0.17207213267683985 -0.0094689753279089944 0.1703945620059967 -0.12476877136528493 -0.0070296502104256215 0.23317767892565047 -0.13380262667224521 0.015510041160962065 -0.033221887787565206 -0.11631695216610319 0.040366214871406556 -0.14467024612240495 0.013070526590635038 0.20221217351931112 -0.10022085113772031 -0.09797692580946854 -0.023076079736153287 0.085775181161505842 0.14323026172816752 -0.0022985964119434355 -0.13317146022473611 0.036502258032560346
leaf_weight=22 25 24 34 28 22 21 20 21 20 20 25 25 41 21 21 37 78 21 25 20 29 27 29 28 90 35 25 25 31 20
leaf_count=22 25 24 34 28 22 21 20 21 20 20 25 25 41 21 21 37 78 21 25 20 29 27 29 28 90 35 25 25 31 20
internal_value=0 -0.00592106 -0.0111162 -0.0965419 -0.00212401 0.148361 -0.190573 -0.0109159 -0.0156584 -0.00836441 0.0904552 -0.0152269 -0.0108311 0.0743309 -0.020243 -0.0158268 -0.0615587 -0.00568713 -0.0498121 0.00671901 0.0175631 0.094275 -0.00324014 0.0103465 -0.0118828 0.00740227 0.0733297 -0.0655749 -0.081124 -0.041771
internal_weight=0 885 861 82 779 43 54 736 714 693 45 648 623 62 561 540 98 442 97 345 300 64 236 207 153 125 54 45 72 41
internal_count=910 885 861 82 779 43 54 736 714 693 45 648 623 62 561 540 98 442 97 345 300 64 236 207 153 125 54 45 72 41
is_linear=0
shrinkage=0.05


Tree=74
num_leaves=31
num_cat=0
split_feature=8 8 6 12 7 6 0 2 12 12 2 5 2 12 1 1 12 12 2 12 3 10 13 3 4 13 3 5 7 8
split_gain=290.211 309.339 238.761 504.775 449.561 280.821 196.16 209.173 429.996 114.05 124.733 335.81 182.576 125.004 123.683 123.135 112.62 204.432 123.703 161.079 119.124 116.727 121.612 142.134 114.284 113.708 138.114 90.2579 150.741 82.9902
threshold=86.123958333333348 81.69583333333334 49.595000000000013 25.550000000000004 77.872321428571439 53.311736111111117 59.572916666666664 20.250000000000004 21.650000000000002 36.650000000000013 32.650000000000013 35.965773809523817 31.850000000000005 30.950000000000003 53.50416666666667 35.71458333333333 29.450000000000003 28.150000000000002 24.350000000000005 23.050000000000004 12.65 7.5000000000000009 13.850000000000003 8.6500000000000004 0.25000000000000006 17.050000000000004 13.450000000000001 24.923809523809528 28.943452380952383 41.070069444444435
decision_type=10 10 10 2 10 10 2 2 2 2 2 8 2 2 2 2 2 2 2 2 2 2 2 2 2 2 2 10 8 8
left_child=1 2 4 5 6 -4 7 -1 -9 10 12 14 13 16 15 -12 17 18 19 -10 -19 25 23 -23 -25 26 -20 28 -24 -26
right_child=-2 -3 3 -5 -6 -7 -8 8 9 -11 11 -13 -14 -15 -16 -17 -18 20 21 -21 -22 22 27 24 29 -27 -28 -29 -30 -31
leaf_value=0.13584919184107672 -0.17837026715278625 0.17143147283544144 -0.053563818211356799 0.080563185896192283 0.17054158777205483 -0.28302844797571497 0.10878761591333333 -0.24354265772161032 -0.046292940491721751 -0.11853033226728441 -0.06631934042310432 0.20933320114146109 -0.14837288306309626 0.086472921619812654 -0.11545304376631976 0.086828598997422624 -0.094043538040067598 0.1787181178480387 -0.17826248606046041 0.14332518732796115 0.021182176272074384 -0.10400470718741417 -0.08636326552146957 0.13034359906558637 0.04298730753812819 -0.001307731568813324 -0.050859986023547556 -0.15049055136740208 0.0707189904836317 -0.066516970284283161
leaf_weight=22 25 24 24 28 36 30 33 21 21 25 21 23 26 30 20 35 45 20 36 24 30 20 42 27 62 40 52 20 24 24
leaf_count=22 25 24 24 28 36 30 33 21 21 25 21 23 26 30 20 35 45 20 36 24 30 20 42 27 62 40 52 20 24 24
internal_value=0 -0.00562501 -0.0105604 -0.0917148 -0.00201781 -0.181044 -0.0103787 -0.0159174 -0.0207704 -0.0137566 -0.00967662 0.0419384 -0.0190871 -0.0125853 -0.00872061 0.0293981 -0.0186874 -0.0110154 -0.0231598 0.0548367 0.0841966 -0.0332746 -0.0111042 0.0188571 0.0406025 -0.0712069 -0.102979 -0.0574397 -0.0292424 0.012428
internal_weight=0 885 861 82 779 54 743 710 688 667 642 99 543 517 76 56 487 442 392 45 50 347 219 133 113 128 88 86 66 86
internal_count=910 885 861 82 779 54 743 710 688 667 642 99 543 517 76 56 487 442 392 45 50 347 219 133 113 128 88 86 66 86
is_linear=0
shrinkage=0.05


Tree=75
num_leaves=31
num_cat=0
split_feature=10 7 6 12 5 6 6 5 1 6 8 13 3 13 13 6 13 12 1 13 13 13 8 12 1 12 10 1 6 12
split_gain=355.771 688.215 525.112 394.631 257.918 188.413 200.784 338.527 298.918 216.205 176.042 162.403 112.083 229.69 148.319 192.724 187.591 261.875 172.684 251.797 146.237 224.659 100.623 147.211 105.566 87.4182 274.09 138.398 79.9352 37.2364
threshold=10.500000000000002 60.804464285714282 49.595000000000013 23.250000000000004 57.741369047619052 53.983402777777791 42.122986111111111 45.832142857142863 57.918750000000003 45.173958333333353 44.530347222222225 10.15 10.250000000000002 10.65 10.550000000000002 31.515972222222224 12.350000000000003 28.150000000000002 63.556249999999999 15.850000000000003 15.450000000000001 15.750000000000002 26.582291666666666 32.650000000000013 35.71458333333333 32.750000000000007 5.5000000000000009 47.937500000000014 20.084861111111113 26.950000000000003
decision_type=2 10 10 2 10 10 10 8 2 10 10 2 2 2 2 10 2 2 2 2 2 2 10 2 2 2 2 2 8 2
left_child=4 2 10 -3 5 6 7 12 9 -8 -2 -5 13 -1 15 -14 17 -16 20 -20 22 -22 -18 24 29 26 -23 -27 -28 -24
right_child=1 3 -4 11 -6 -7 8 -9 -10 -11 -12 -13 14 -15 16 -17 18 -19 19 -21 21 25 23 -25 -26 27 28 -29 -30 -31
leaf_value=0.16646243653127127 -0.014346026380856833 0.34748029379317397 -0.21249529170989989 0.19336375057358635 -0.14335433756932617 0.12445838574705453 -0.13283775267393694 0.20093574837914538 -0.24338858290797188 0.074054971816284329 0.17867633295910701 -0.0034999859333038328 -0.0079797607580465932 -0.024479356366727087 -0.0022196729239579794 -0.20835659830343156 0.032019426538185645 0.21262680101005929 0.16927835892500551 -0.04500619929570418 0.15851840233430267 0.12946300136320518 -0.018065831810235976 0.0097421564642460115 -0.17448558754598101 0.0015607482629517715 0.021361923236877491 -0.15772821640968324 -0.06867534255247508 -0.10645038921099444
leaf_weight=28 27 26 25 22 33 29 23 21 21 28 21 20 28 36 37 21 22 23 29 26 20 33 22 31 42 30 39 25 67 26
leaf_count=28 27 26 25 22 33 29 23 21 21 28 21 20 28 36 37 21 22 23 29 26 20 33 22 31 42 30 39 25 67 26
internal_value=0 0.0799359 -0.0266784 0.19439 -0.00672386 -0.000346484 -0.00568474 0.00369411 -0.0846235 -0.0192496 0.0701013 0.0996191 -0.00338636 0.0590577 -0.011057 -0.0938555 -0.00246142 0.0801381 -0.0144905 0.0679802 -0.027196 -0.00103677 -0.0663435 -0.0842277 -0.116595 -0.0174858 0.00362695 -0.0708433 -0.0355484 -0.0659408
internal_weight=0 141 73 68 740 707 678 606 72 51 48 42 585 64 521 49 472 60 412 55 357 214 143 121 90 194 139 55 106 48
internal_count=881 141 73 68 740 707 678 606 72 51 48 42 585 64 521 49 472 60 412 55 357 214 143 121 90 194 139 55 106 48
is_linear=0
shrinkage=0.05


Tree=76
num_leaves=31
num_cat=0
split_feature=10 7 6 7 5 6 12 5 6 8 3 6 2 12 1 5 8 6 6 6 14 7 4 3 6 3 8 10 3 0
split_gain=321.083 621.114 473.914 368.993 239.474 474.946 395.996 311.08 318.578 158.878 109.952 101.801 208.836 286.475 239.895 231.342 350.842 164.15 144.463 128.248 402.846 210.319 211.307 63.7675 63.652 76.6421 139.97 103.37 127.407 61.1434
threshold=10.500000000000002 60.804464285714282 49.595000000000013 81.448809523809544 52.132738095238103 53.049513888888889 24.250000000000004 47.754761904761914 42.284583333333337 44.530347222222225 11.350000000000003 29.760625000000001 32.850000000000001 34.95000000000001 53.987500000000004 29.304761904761907 51.139375000000008 20.008055555555561 18.752013888888893 35.009861111111128 1.0000000180025095e-35 63.400892857142864 0.15000000000000005 15.65 22.323472222222218 11.15 36.178750000000001 7.5000000000000009 14.450000000000001 24.018750000000008
decision_type=2 10 10 10 10 10 2 10 10 10 2 10 2 2 2 10 8 8 10 8 2 10 2 2 8 2 8 2 2 2
left_child=4 2 9 -3 5 7 -6 8 11 -2 -10 17 15 14 -14 16 -13 18 23 20 -17 22 -21 -1 -19 -26 -27 29 -29 -28
right_child=1 3 -4 -5 6 -7 -8 -9 10 -11 -12 12 13 -15 -16 19 -18 24 -20 21 -22 -23 -24 -25 25 26 27 28 -30 -31
leaf_value=0.029095652880090656 -0.013628727418405038 0.29776622893554822 -0.20187052172422409 0.06471963759624598 -0.001291322173216404 0.23080019463192333 -0.25942689316968121 0.1794454108585011 -0.2304983560740948 0.16974251887628011 -0.0666889610744658 0.21535569810867311 0.068593036978004077 -0.0389033052783746 0.29892703995108605 -0.1332272799766582 -0.03639388584321545 -0.084288087677920162 0.11190728727532061 -0.057821061128172382 0.15960486078013977 0.046558725088834768 -0.26607992407821474 -0.080800599333914855 -0.095635113120079052 0.079735667529431259 -0.027687058899374235 0.10695467808324358 -0.063386470434211556 -0.11462923899675026
leaf_weight=33 27 35 25 33 39 22 24 22 20 21 21 25 26 26 20 23 31 63 38 29 24 20 21 22 33 33 42 23 21 39
leaf_count=33 27 35 25 33 39 22 24 22 20 21 21 25 26 26 20 23 31 63 38 29 24 20 21 22 33 33 42 23 21 39
internal_value=0 0.0759392 -0.0253445 0.18467 -0.00638767 0.00228912 -0.0996287 -0.00538606 -0.0118099 0.0665962 -0.146596 -0.00247506 0.0222005 0.0937566 0.168738 -0.00758002 0.0759943 -0.0198973 0.0369357 -0.0475814 0.016304 -0.0904759 -0.14529 -0.0148628 -0.0407062 -0.0263311 -0.0118562 -0.0360364 0.0256555 -0.0695481
internal_weight=0 141 73 68 740 677 63 655 633 48 41 592 245 72 46 173 56 347 93 117 47 70 50 55 254 191 158 125 44 81
internal_count=881 141 73 68 740 677 63 655 633 48 41 592 245 72 46 173 56 347 93 117 47 70 50 55 254 191 158 125 44 81
is_linear=0
shrinkage=0.05


Tree=77
num_leaves=31
num_cat=0
split_feature=10 7 6 12 5 3 7 5 12 1 10 7 13 13 8 13 8 3 7 7 13 5 0 4 3 0 0 1 5 8
split_gain=289.778 560.555 427.707 350.432 220.241 178.841 319.717 507.008 190.49 204.755 324.771 160.983 197.391 148.234 143.388 137.142 146.338 119.537 107.849 172.216 146.181 333.975 176.917 126.08 125.53 107.116 135.972 98.9268 114.152 90.5161
threshold=10.500000000000002 60.804464285714282 49.595000000000013 23.250000000000004 57.285119047619055 10.65 58.261904761904766 42.592857142857149 25.650000000000002 61.564583333333331 4.5000000000000009 42.906547619047622 10.250000000000002 10.15 44.530347222222225 13.350000000000003 59.439861111111121 15.350000000000003 62.000892857142865 56.257440476190474 12.350000000000003 24.923809523809528 35.525000000000013 0.35000000000000003 13.15 28.66041666666667 26.520833333333339 38.881250000000001 26.01011904761905 39.84236111111111
decision_type=2 10 10 2 10 2 10 10 2 2 2 10 2 2 10 2 10 2 10 10 2 10 2 2 2 2 2 2 10 8
left_child=4 2 14 -3 5 6 7 11 15 18 -11 12 -1 -5 -2 16 -7 -12 19 20 21 -10 24 -23 29 26 27 28 -26 -22
right_child=1 3 -4 13 -6 8 -8 -9 9 10 17 -13 -14 -15 -16 -17 -18 -19 -20 -21 22 23 -24 -25 25 -27 -28 -29 -30 -31
leaf_value=0.18837520376495695 -0.012947289590482358 0.31969962888039077 -0.19177699542045595 0.17569272000003944 -0.13036685947547941 -0.23331631056287072 -0.1272445640393666 0.2742244456101347 -0.068713850993663075 0.21058476056371417 -0.082591492217034101 -0.067601710284749678 -0.0024374051527543505 -0.012387140989303588 0.16125539626394 -0.014706375250002233 -0.052939676461012469 0.075216811802238229 0.086537074327468877 -0.16349123075604441 -0.0045446966416560685 0.049172282591462141 -0.16890047756688936 0.22082423272988072 -0.032680892791503512 0.042573320453888494 -0.17271936856210235 0.0548324122451819 -0.16194087103009225 0.13694024585187434
leaf_weight=23 27 26 25 22 34 22 21 27 34 28 24 30 33 20 21 41 23 24 25 20 26 20 21 23 117 38 20 26 20 20
leaf_count=23 27 26 25 22 34 22 21 27 34 28 24 30 33 20 21 41 23 24 25 20 26 20 21 23 117 38 20 26 20 20
internal_value=0 0.0721422 -0.0240772 0.175437 -0.00606828 -8.22335e-05 0.051911 0.0852053 -0.0122625 -0.000124676 0.075255 0.0258621 0.0759321 0.0861309 0.0632664 -0.080855 -0.141124 -0.00368734 -0.0140975 -0.0206322 -0.0128043 0.0483913 -0.0291657 0.140986 -0.0181753 -0.0338165 -0.0496788 -0.0345818 -0.051551 0.0569705
internal_weight=0 141 73 68 740 706 134 113 572 486 76 86 56 42 48 86 45 48 410 385 365 77 288 43 267 221 183 163 137 46
internal_count=881 141 73 68 740 706 134 113 572 486 76 86 56 42 48 86 45 48 410 385 365 77 288 43 267 221 183 163 137 46
is_linear=0
shrinkage=0.05


Tree=78
num_leaves=31
num_cat=0
split_feature=10 7 6 7 5 6 9 5 6 8 3 7 7 13 4 14 2 13 5 8 6 8 0 2 0 2 2 7 7 2
split_gain=261.524 505.901 386.006 329.199 205.382 421.973 386.098 268.253 292.53 129.407 107.783 92.9528 150.464 348.736 263.713 211.174 143.783 239.05 230.776 137.481 115.969 93.0578 137.013 128.468 203.582 91.8333 187.328 117.097 79.463 78.3018
threshold=10.500000000000002 60.804464285714282 49.595000000000013 81.448809523809544 52.132738095238103 53.049513888888889 2.5000000000000004 47.754761904761914 42.284583333333337 44.530347222222225 11.350000000000003 34.215773809523817 44.703273809523822 12.450000000000001 2.1500000000000008 0.75000000000000011 32.850000000000001 16.550000000000004 35.194047619047623 37.021527777777784 26.626041666666666 45.772083333333335 25.708333333333339 25.950000000000003 12.01041666666667 32.050000000000004 30.650000000000002 50.723214285714299 59.347321428571433 27.050000000000004
decision_type=2 10 10 10 10 10 2 10 10 10 2 8 8 2 2 2 2 2 10 10 10 10 2 2 2 2 2 8 10 2
left_child=4 2 9 -3 5 7 -6 8 11 -2 -10 21 13 20 16 19 25 18 -18 -15 -13 22 23 24 -1 26 27 -14 -16 -25
right_child=1 3 -4 -5 6 -7 -8 -9 10 -11 -12 12 14 15 28 -17 17 -19 -20 -21 -22 -23 -24 29 -26 -27 -28 -29 -30 -31
leaf_value=-0.047606212078877122 -0.012299925971914221 0.27348854924951282 -0.18218814915418624 0.053366789086298508 0.060491155892610553 0.21766147708350961 -0.19251272984241186 0.16667374006726526 -0.22315801978111269 0.1531926228886559 -0.060972708463668826 0.095233891106077606 -0.1313590407371521 0.062944138608872893 -0.057731617845240092 0.12486448786780238 0.025585707243193281 -0.037403657776303591 0.25210036350333176 -0.094608735243479417 0.26346572905778887 0.063310624122619633 -0.13205102679855896 -0.077720140609400065 0.17051346942782403 -0.11821941726841033 0.11777714419923724 0.002159632369875908 -0.19698952585458757 0.0055013572341865965
leaf_weight=23 27 35 25 33 25 22 38 22 20 21 21 21 24 20 21 25 22 32 23 45 20 25 33 76 20 20 25 52 20 45
leaf_count=23 27 35 25 33 25 22 38 22 20 21 21 21 24 20 21 25 22 32 23 45 20 25 33 76 20 20 25 52 20 45
internal_value=0 0.0685351 -0.0228734 0.166665 -0.00576487 0.00227061 -0.0921144 -0.0049639 -0.0109292 0.0601031 -0.140087 -0.0019841 0.0133626 0.05643 -0.0102433 0.0013678 0.0136566 0.0670685 0.14136 -0.0461309 0.177298 -0.027562 -0.039094 -0.0203893 0.0538448 -0.0203329 -0.000949381 -0.0400042 -0.125662 -0.04677
internal_weight=0 141 73 68 740 677 63 655 633 48 41 592 370 131 239 90 198 77 45 65 41 222 197 164 43 121 101 76 41 121
internal_count=881 141 73 68 740 677 63 655 633 48 41 592 370 131 239 90 198 77 45 65 41 222 197 164 43 121 101 76 41 121
is_linear=0
shrinkage=0.05


Tree=79
num_leaves=31
num_cat=0
split_feature=3 12 14 7 5 6 5 1 10 6 2 14 10 10 6 6 12 7 7 4 1 6 7 5 14 1 6 9 9 6
split_gain=242.259 477.467 373.57 483.695 277.631 631.838 384.074 461.275 192.401 186.368 161.208 226.185 617.133 181.472 163.096 140.969 324.536 236.418 234.261 134.238 175.884 116.598 169.392 162.894 102.91 99.3576 91.8767 131.423 91.7576 89.0588
threshold=10.65 29.050000000000004 0.35000000000000003 43.082738095238106 54.010714285714293 38.866180555555559 44.725595238095245 40.125000000000007 10.500000000000002 48.689791666666672 30.750000000000004 0.45000000000000007 5.5000000000000009 6.5000000000000009 29.760625000000001 33.162916666666682 33.350000000000001 62.615476190476194 49.381845238095245 0.45000000000000007 57.666666666666679 39.761458333333337 54.634226190476191 27.087797619047624 0.8500000000000002 43.318750000000001 20.008055555555561 2.5000000000000004 2.5000000000000004 22.559930555555557
decision_type=2 2 2 10 10 10 10 2 2 10 2 2 2 2 10 10 2 10 10 2 2 10 10 10 2 2 10 2 2 10
left_child=1 2 4 -4 5 -1 7 -7 -6 -10 11 13 -13 21 25 16 -16 18 -17 20 -15 23 -23 -2 -14 -12 28 -28 -26 -29
right_child=10 -3 3 -5 8 6 -8 -9 9 -11 14 12 24 19 15 17 -18 -19 -20 -21 -22 22 -24 -25 26 -27 27 29 -30 -31
leaf_value=0.25352851142143379 -0.073949431131283438 -0.17575699971480804 0.072006575775242623 -0.24338118433952333 0.074941617636768917 -0.12290302887558938 -0.15688309352244101 0.1831956632435322 0.35178081251326065 0.14353858510201628 0.017234203136629527 0.25784938050941991 0.084600473301751286 0.081222125712189494 0.26800766275687654 0.080868703450845639 -0.006791145975391071 0.13502696699152392 -0.12973817115829839 -0.10938728497578548 -0.097604458220303059 0.020664286116758981 -0.13736863472522834 -0.26863584254275669 0.073975387553218752 -0.1083486293874947 -0.12400407902896404 -0.099153057150542734 -0.034451720015611496 0.030069680148735647
leaf_weight=29 21 22 31 20 27 20 31 32 21 22 36 22 21 44 22 23 21 30 31 26 20 30 39 22 32 28 48 20 50 40
leaf_count=29 21 22 31 20 27 20 31 32 21 22 36 22 21 44 22 23 21 30 31 26 20 30 39 22 32 28 48 20 50 40
internal_value=0 0.046901 0.0679245 -0.0516749 0.101439 0.0526174 -0.0175804 0.0654654 0.179552 0.245238 -0.010914 -0.0277271 0.00584315 -0.0664493 0.0273776 0.0601769 0.133804 0.022487 -0.0400352 -0.0135821 0.0253388 -0.108932 -0.0686587 -0.173556 -0.0204324 -0.0377083 -0.0320413 -0.0623377 0.0078613 -0.0130046
internal_weight=0 255 233 51 182 112 83 52 70 43 626 435 233 202 191 127 43 84 54 90 64 112 69 43 211 64 190 108 82 60
internal_count=881 255 233 51 182 112 83 52 70 43 626 435 233 202 191 127 43 84 54 90 64 112 69 43 211 64 190 108 82 60
is_linear=0
shrinkage=0.05


Tree=80
num_leaves=31
num_cat=0
split_feature=0 2 12 8 8 12 12 0 6 9 5 9 2 2 6 6 12 2 2 10 5 0 1 12 7 10 10 1 9 5
split_gain=230.215 300.24 508.928 306.855 275.499 281.475 258.057 324.31 165.331 327.726 249.728 268.195 196.527 196.937 218.104 397.247 166.297 190.82 344.449 156.017 298.35 224.438 145.467 119.032 121.513 162.008 118.484 92.5374 82.4153 73.6079
threshold=82.302083333333329 21.450000000000003 20.450000000000003 55.888125000000009 83.566874999999996 21.950000000000003 23.250000000000004 63.997916666666676 48.518472222222236 2.5000000000000004 45.557142857142864 2.5000000000000004 24.850000000000005 27.150000000000002 36.640972222222231 34.598541666666669 36.350000000000001 33.150000000000013 34.150000000000013 9.5000000000000018 35.351785714285718 35.341666666666676 24.883333333333336 27.550000000000004 28.469047619047622 7.5000000000000009 5.5000000000000009 49.347916666666677 4.5000000000000009 14.086607142857146
decision_type=2 2 2 10 10 2 2 2 10 2 10 2 2 2 8 10 2 2 2 2 10 2 2 2 10 2 2 2 2 10
left_child=1 2 -1 -4 5 -3 -7 8 10 -10 12 -12 -8 23 15 16 17 19 -19 20 21 22 -15 24 29 -26 -24 -16 -27 -14
right_child=-2 4 3 -5 -6 6 7 -9 9 -11 11 -13 13 14 27 -17 -18 18 -20 -21 -22 -23 26 -25 25 28 -28 -29 -30 -31
leaf_value=-0.088398585530618828 -0.16841074585914614 -0.18580022819340231 0.054018929820846433 0.30557874463222645 -0.17621993785319123 0.15903154006944253 0.13405517664063593 -0.18202623501420023 -0.045271291126581757 0.21933072137832643 0.017071892719038511 -0.22012977794958999 0.002662888275725501 0.092910087800451693 -0.0094010717774692335 0.1913156766248377 -0.10988940777985945 0.27855680156499146 0.015591523403330058 0.12206034537118216 -0.16900625202059746 0.16917357095295477 0.037086116458688465 -0.15101775441850937 -0.083507234500399957 0.018338602911247764 -0.077982248167597482 -0.12919364321444715 0.13732165213335643 -0.093870533424526906
leaf_weight=24 20 20 22 27 23 26 29 24 22 25 22 26 28 28 38 38 23 20 33 26 25 21 35 21 29 43 62 28 22 67
leaf_count=24 20 20 22 27 23 26 29 24 22 25 22 26 28 28 38 38 23 20 33 26 25 21 35 21 29 43 62 28 22 67
internal_value=0 0.00315016 0.100239 0.192634 -0.00566516 -0.000642421 0.00422375 -0.00125244 0.00484963 0.0954745 -0.00156508 -0.111412 0.00699444 0.000717166 0.0223321 0.0398516 0.0187687 0.0306052 0.114824 0.00794749 -0.00940301 0.0179263 -0.00748322 -0.0380867 -0.0255388 0.0147652 -0.0364627 -0.0602222 0.0586098 -0.0654186
internal_weight=0 877 73 49 804 781 761 735 711 47 664 48 616 587 377 311 273 250 53 197 171 146 125 210 189 94 97 66 65 95
internal_count=897 877 73 49 804 781 761 735 711 47 664 48 616 587 377 311 273 250 53 197 171 146 125 210 189 94 97 66 65 95
is_linear=0
shrinkage=0.05


Tree=81
num_leaves=31
num_cat=0
split_feature=0 2 12 8 8 3 0 6 0 3 2 12 10 0 3 7 10 2 9 7 3 4 6 4 0 3 13 10 12 14
split_gain=207.769 270.967 459.307 276.936 248.638 260.204 810.378 494.344 363.77 275.454 211.98 429.543 699.385 197.121 182.376 170.305 393.286 198.84 217.166 178.13 200.416 413.879 222.907 101.289 105.084 95.6338 119.874 164.86 159.778 92.743
threshold=82.302083333333329 21.450000000000003 20.450000000000003 55.888125000000009 83.566874999999996 9.9500000000000011 63.102083333333347 44.226458333333348 55.179166666666667 9.1500000000000004 32.650000000000013 33.850000000000001 4.5000000000000009 33.577083333333341 17.250000000000004 53.170238095238105 3.5000000000000004 28.750000000000004 2.5000000000000004 39.635119047619057 12.65 0.15000000000000005 33.421180555555566 12.750000000000002 13.289583333333338 10.950000000000001 12.250000000000002 6.5000000000000009 27.950000000000003 1.5500000000000003
decision_type=2 2 2 10 10 2 2 10 2 2 2 2 2 2 2 10 2 2 2 10 2 2 8 2 2 2 2 2 2 2
left_child=1 2 -1 -4 5 7 10 9 -9 13 15 12 -12 -3 -13 19 -17 18 -18 23 21 -21 -22 25 -25 -7 28 -28 -27 -29
right_child=-2 4 3 -5 -6 6 -8 8 -10 -11 11 14 -14 -15 -16 16 17 -19 -20 20 22 -23 -24 24 -26 26 27 29 -30 -31
leaf_value=-0.083978660839299363 -0.15999020747840406 0.035559360818429427 0.051317982832816515 0.29029979904492698 -0.16740894084391389 -0.14198178549607596 -0.32659132706932725 0.073877870484634678 0.35522046896629034 0.12120062364981726 0.39521538963541392 -0.080392869890201835 0.026445149102558692 -0.16148613835374515 0.080869195030795205 -0.21388414765105532 0.15114311346640955 -0.10186531467265206 -0.051315175052042361 0.23987006841888353 0.10426340912069594 -0.047616602444932578 -0.11293714752903693 -0.044038851861841977 0.073431302293976583 -0.038734370523265435 -0.13705363766085812 0.052241671038791543 0.14630126889795067 -0.054121991580254158
leaf_weight=24 20 22 22 27 23 21 20 27 20 26 20 50 36 30 27 34 26 38 27 31 21 21 27 32 47 28 41 32 20 57
leaf_count=24 20 22 22 27 23 21 20 27 20 26 20 50 36 30 27 34 26 38 27 31 21 21 27 32 47 28 41 32 20 57
internal_value=0 0.00299265 0.0952274 0.183002 -0.0053819 -0.0006103 -0.0132084 0.0655044 0.193598 -0.0116803 -0.00335357 0.0527831 0.158149 -0.0781207 -0.0238464 -0.0181969 -0.0687899 -0.0145788 0.048004 -0.00146639 0.0557625 0.12377 -0.0179119 -0.0220523 0.0258485 -0.0410682 -0.0291627 -0.0540955 0.0383638 -0.0158789
internal_weight=0 877 73 49 804 781 656 125 47 78 636 133 56 52 77 503 125 91 53 378 100 52 48 278 79 199 178 130 48 89
internal_count=897 877 73 49 804 781 656 125 47 78 636 133 56 52 77 503 125 91 53 378 100 52 48 278 79 199 178 130 48 89
is_linear=0
shrinkage=0.05


Tree=82
num_leaves=31
num_cat=0
split_feature=0 2 12 8 7 3 5 4 0 2 12 14 3 0 5 8 3 4 13 8 4 0 10 8 3 14 4 7 5 4
split_gain=187.512 247.348 370.866 287.593 287.52 217.474 668.414 386.167 348.499 155.912 363.278 255.382 164.594 148.56 145.063 134.93 165.761 535.52 133.382 129.763 136.046 128.345 104.709 162.82 129.534 71.6597 121.406 109.113 71.4582 69.2669
threshold=82.302083333333329 21.750000000000004 20.450000000000003 83.566874999999996 48.439880952380953 9.9500000000000011 52.438095238095237 1.0000000180025095e-35 55.179166666666667 32.650000000000013 33.850000000000001 0.15000000000000005 17.250000000000004 55.581250000000004 45.557142857142864 40.382083333333334 11.350000000000003 0.15000000000000005 9.9500000000000011 37.134444444444448 0.15000000000000005 32.595833333333331 3.5000000000000004 47.667500000000011 15.250000000000002 1.5500000000000003 12.750000000000002 35.301190476190484 19.213690476190479 18.850000000000005
decision_type=2 2 2 10 10 2 10 2 2 2 2 2 2 2 8 10 2 2 2 8 2 2 2 10 2 2 2 10 10 2
left_child=1 2 -1 5 -4 7 9 8 18 13 11 -11 -12 14 15 19 17 -17 -3 25 -21 -9 24 -24 -18 27 28 -7 -27 -28
right_child=-2 3 4 -5 -6 6 -8 21 -10 10 12 -13 -14 -15 -16 16 22 -19 -20 20 -22 -23 23 -25 -26 26 29 -29 -30 -31
leaf_value=-0.079779727539668485 -0.15199069365859033 -0.042214599640473083 0.03463830765750673 -0.19288755565881732 0.25781838874663077 -0.017853910263095584 -0.22177313802142939 0.019370383645097414 0.26413789078079425 0.25941047591085614 -0.076373226663097746 0.045312732433279358 0.076825734255490483 -0.14338378139904567 -0.13911877900362016 0.30384502150118353 0.0054226420427623545 -0.053638698702508758 0.12163942743230749 -0.19159235188906842 -0.027894944672783219 -0.15213034182786944 0.11616247228991528 -0.011651795702999916 -0.15178319749888033 -0.029098374352735636 0.09814386734738946 0.11097912379988917 -0.13593692692189382 -0.021983551109830538
leaf_weight=24 20 23 27 20 31 42 36 24 29 26 50 30 27 21 20 20 38 22 27 22 30 20 39 69 20 34 20 27 29 30
leaf_count=24 20 23 27 20 31 42 36 24 29 26 50 30 27 21 20 20 38 22 27 22 30 20 39 69 20 34 20 27 29 30
internal_value=0 0.00284302 0.0855231 -0.00568499 0.153924 -0.000853955 -0.012358 0.0601269 0.126245 -0.000119467 0.0478172 0.144715 -0.0226541 -0.0133194 -0.0074074 -0.00144761 0.0278539 0.116592 0.0462666 -0.0274934 -0.0971515 -0.0585845 0.00540216 0.0345034 -0.0487863 -0.00759106 -0.0321075 0.032559 -0.078278 0.0260674
internal_weight=0 877 82 795 58 775 652 123 79 616 133 56 77 483 462 442 208 42 50 234 52 44 166 108 58 182 113 69 63 50
internal_count=897 877 82 795 58 775 652 123 79 616 133 56 77 483 462 442 208 42 50 234 52 44 166 108 58 182 113 69 63 50
is_linear=0
shrinkage=0.05


Tree=83
num_leaves=31
num_cat=0
split_feature=12 12 12 3 5 3 5 9 6 6 10 10 0 1 13 3 6 6 14 7 7 7 7 7 7 1 3 8 8 6
split_gain=172.924 190.732 390.141 303.98 401.869 308.862 170.185 588.991 329.005 878.3 290.045 141.554 176.873 151.624 203.62 148.642 148.322 233.328 272.64 147.387 208.104 208.582 145.397 123.434 93.3091 83.8787 71.0754 68.0432 81.9624 81.4997
threshold=20.450000000000003 23.250000000000004 23.850000000000005 10.350000000000003 51.079166666666673 8.9500000000000011 46.729166666666679 4.5000000000000009 53.049513888888889 44.226458333333348 2.5000000000000004 9.5000000000000018 44.966666666666676 55.987500000000018 10.850000000000003 10.550000000000002 36.363611111111119 33.301458333333336 1.0000000180025095e-35 57.17886904761906 40.101190476190482 45.055952380952384 42.050892857142863 37.994345238095242 35.301190476190484 49.347916666666677 15.450000000000001 36.178750000000001 32.948194444444447 20.008055555555561
decision_type=2 2 2 2 10 2 10 2 10 10 2 2 2 2 2 2 8 10 2 10 10 10 10 10 10 2 2 10 10 10
left_child=-1 3 -3 5 -5 -2 10 8 9 -8 -4 12 15 14 -13 22 17 19 -19 20 23 -22 -12 24 27 26 -18 28 29 -17
right_child=1 2 6 4 -6 -7 7 -9 -10 -11 11 13 -14 -15 -16 16 25 18 -20 -21 21 -23 -24 -25 -26 -27 -28 -29 -30 -31
leaf_value=-0.12519649625928314 0.011048493981361389 -0.20865739055949711 0.15650563724339009 -0.16644340029989299 0.12391521891748364 0.22566077803310597 -0.1290086561136625 -0.24975369531532815 -0.14282718726566859 0.31288971991642667 -0.029525628866571368 0.21053668269542636 0.10640986698563211 -0.023334801581598098 0.0080860390287378556 0.0094612873423455379 -0.092663491585037935 -0.015134071700629734 0.23404850282746814 -0.12679463016490142 0.20906689786130475 0.02128982801362872 -0.2003750140219927 -0.13973711114376783 0.077034010848513357 -0.14632153661549094 0.037571570947766308 -0.065178433781669987 0.079871232390403751 -0.088587625060350672
leaf_weight=27 30 23 32 26 22 38 22 29 21 23 33 27 32 31 23 67 22 21 23 24 21 50 20 20 27 25 20 62 25 31
leaf_count=27 30 23 32 26 22 38 22 29 21 23 33 27 32 31 23 67 22 21 23 24 21 50 20 20 27 25 20 62 25 31
internal_value=0 0.00328867 -0.00589394 0.0629756 -0.0333624 0.130979 0.00048576 -0.0619364 0.0205894 0.0968505 0.00980982 0.00203786 -0.007488 0.0635443 0.117409 -0.0149111 -0.00534131 0.00702347 0.11512 -0.00752169 0.00192568 0.0768295 -0.0939971 -0.0209975 -0.00979563 -0.073809 -0.0306468 -0.0224681 -0.000939263 -0.0215542
internal_weight=0 870 754 116 48 68 731 95 66 45 636 604 523 81 50 491 438 371 44 327 303 71 53 232 212 67 42 185 123 98
internal_count=897 870 754 116 48 68 731 95 66 45 636 604 523 81 50 491 438 371 44 327 303 71 53 232 212 67 42 185 123 98
is_linear=0
shrinkage=0.05


Tree=84
num_leaves=31
num_cat=0
split_feature=0 2 12 1 8 12 12 0 6 9 5 7 2 2 6 6 12 14 7 12 2 5 3 12 7 10 3 6 6 0
split_gain=170.241 224.565 349.114 246.746 193.241 251.313 220.954 276.152 141.216 289.086 205.808 270.581 173.874 161.375 187.222 335.845 142.86 156.678 231.514 179.844 260.083 204.61 126.721 99.7828 109.795 138.769 97.0093 94.5734 93.8749 81.3796
threshold=82.302083333333329 21.450000000000003 20.450000000000003 41.935416666666669 83.566874999999996 21.950000000000003 23.250000000000004 63.997916666666676 48.518472222222236 2.5000000000000004 45.557142857142864 74.862500000000011 24.850000000000005 27.150000000000002 36.640972222222231 34.598541666666669 36.350000000000001 2.0500000000000003 38.736607142857146 28.850000000000005 33.150000000000013 28.002976190476193 15.850000000000003 27.550000000000004 28.626785714285717 7.5000000000000009 14.950000000000001 29.887500000000003 24.589166666666667 23.264583333333345
decision_type=2 2 2 2 10 2 2 2 10 2 10 10 2 2 8 8 2 2 10 2 2 10 2 2 10 2 2 10 10 2
left_child=1 2 -1 -4 5 -3 -7 8 10 -10 12 -12 -8 23 15 16 17 19 26 28 22 -22 27 24 -14 -26 -19 -21 -15 -27
right_child=-2 4 3 -5 -6 6 7 -9 9 -11 11 -13 13 14 -16 -17 -18 18 -20 20 21 -23 -24 -25 25 29 -28 -29 -30 -31
leaf_value=-0.069530910356115791 -0.14479163125157357 -0.17563370216637852 0.033672163316181732 0.26039980096476423 -0.14772530496120453 0.14716748451957337 0.1258396507305061 -0.16795980955163639 -0.043949015438556671 0.20456494069099429 -0.2416286112111993 -0.00083465677286897382 -0.060329944283231018 0.071073036640882492 -0.056498869023088254 0.17548696453634061 -0.10241317460718363 0.10349147337675096 -0.14580990244035744 -0.018955979815551215 0.017251718357205393 0.2216398555164536 0.048814212391152981 -0.13810191679568518 -0.074594241945907996 -0.012483311116695405 -0.033195318723166431 -0.15932262513254369 0.22426808170042933 0.10367124445344274
leaf_weight=24 20 20 21 28 23 26 29 24 22 25 20 28 97 20 66 38 23 25 28 28 25 24 32 21 29 25 27 21 20 38
leaf_count=24 20 20 21 28 23 26 29 24 22 25 20 28 97 20 66 38 23 25 28 28 25 24 32 21 29 25 27 21 20 38
internal_value=0 0.0027396 0.0867064 0.163231 -0.00488426 -0.000677669 0.00392039 -0.00114686 0.00448396 0.0882393 -0.0014445 -0.101165 0.00632596 0.000421538 0.0199878 0.0362197 0.0168345 0.0278053 -0.0298958 0.0549587 0.026432 0.11736 -0.0285739 -0.0347045 -0.0232159 0.0159151 0.0325195 -0.0791131 0.147671 0.0575782
internal_weight=0 877 73 49 804 781 761 735 711 47 664 48 616 587 377 311 273 250 80 170 130 49 81 210 189 92 52 49 40 63
internal_count=897 877 73 49 804 781 761 735 711 47 664 48 616 587 377 311 273 250 80 170 130 49 81 210 189 92 52 49 40 63
is_linear=0
shrinkage=0.05


Tree=85
num_leaves=31
num_cat=0
split_feature=0 0 6 3 6 6 5 5 9 8 7 13 7 5 5 0 0 1 1 6 5 1 1 13 5 8 9 5 5 8
split_gain=244.793 339.52 184.228 385.058 332.427 180.362 191.888 396.198 129.243 310.478 374.198 183.117 159.297 135.943 178.722 213.773 158.281 284.101 169.165 120.012 212.071 135.054 126.991 104.156 94.8572 107.005 89.3291 77.2009 97.4062 85.5694
threshold=71.858333333333363 64.375000000000014 53.404791666666675 11.350000000000003 57.180277777777782 49.595000000000013 52.132738095238103 47.754761904761914 4.5000000000000009 49.950416666666662 59.347321428571433 12.250000000000002 70.808035714285722 41.903571428571432 39.109821428571429 42.800000000000004 23.172916666666669 23.620833333333337 21.437500000000004 35.009861111111128 32.522916666666667 45.768750000000004 39.131250000000009 10.550000000000002 25.462202380952384 38.42486111111112 2.5000000000000004 21.338690476190482 16.103273809523813 38.42486111111112
decision_type=2 2 10 2 10 10 10 10 2 10 10 2 8 10 10 2 2 2 2 10 10 2 2 2 10 10 2 10 8 10
left_child=1 2 5 4 -4 6 7 8 12 11 -11 23 13 14 15 16 17 18 26 20 22 -21 -18 -10 -24 -26 -1 28 -13 -29
right_child=-2 -3 3 -5 -6 -7 -8 -9 9 10 -12 27 -14 -15 -16 -17 19 -19 -20 21 -22 -23 24 -25 25 -27 -28 29 -30 -31
leaf_value=0.026686161034034962 0.12870071791112422 -0.19827862065708773 0.12185742164200003 0.23557893085479736 -0.15979673553258181 -0.12439864566249233 -0.12957604806870224 0.19170495834615497 0.0099103803172354305 0.2498239056269328 -0.025367785387095956 -0.075079272484237514 0.12011998593807222 -0.13507055643086249 0.12491956409953892 -0.15796623594526735 0.08272181683116489 -0.11740097091987547 0.13268085829913617 0.012319207907869266 0.14605595314076969 -0.14044558548409006 0.051428770072137323 0.15612420194915363 -0.14078340018168092 0.0013318280172016886 -0.094735318741628105 -0.15728716826997699 0.070575697968403503 -0.028626340434753469
leaf_weight=33 36 22 22 25 20 31 28 27 29 30 21 22 20 26 21 28 36 82 22 39 35 23 24 21 26 27 28 24 24 28
leaf_count=33 36 22 22 25 20 31 28 27 29 30 21 22 20 26 21 28 36 82 22 39 35 23 24 21 26 27 28 24 24 28
internal_value=0 -0.0044331 0.000754982 0.080215 -0.0122636 -0.00629643 -0.00123957 0.00392339 -0.00365524 0.0301188 0.13651 -0.00654289 -0.0179553 -0.024092 -0.0172867 -0.024697 -0.0147462 -0.051393 0.0138197 0.0140477 0.0385123 -0.0443516 0.00520236 0.0713202 -0.0310405 -0.0683851 -0.0290483 -0.0462689 0.000914625 -0.0880083
internal_weight=0 844 822 67 42 755 724 696 669 199 51 148 470 450 424 403 375 165 83 210 148 62 113 50 77 53 61 98 46 52
internal_count=880 844 822 67 42 755 724 696 669 199 51 148 470 450 424 403 375 165 83 210 148 62 113 50 77 53 61 98 46 52
is_linear=0
shrinkage=0.05


Tree=86
num_leaves=31
num_cat=0
split_feature=0 0 6 3 6 6 5 5 2 12 2 5 7 7 13 13 8 1 7 8 12 14 13 7 13 10 13 7 13 8
split_gain=220.926 306.416 166.266 347.515 300.015 162.777 173.179 357.569 201.344 143.509 287.036 176.913 143.28 157.032 119.354 123.472 236.818 203.713 190.926 187.414 341.82 170.909 112.147 107.922 98.6686 95.3786 92.8231 73.9739 71.1375 53.8554
threshold=71.858333333333363 64.375000000000014 53.404791666666675 11.350000000000003 57.180277777777782 49.595000000000013 52.132738095238103 47.754761904761914 20.250000000000004 23.050000000000004 24.350000000000005 43.320535714285718 25.226190476190478 22.544940476190479 9.3500000000000032 13.950000000000001 50.826458333333342 39.050000000000004 36.488988095238099 47.186875000000008 30.950000000000003 0.45000000000000007 18.050000000000004 49.473809523809535 11.250000000000002 7.5000000000000009 17.450000000000003 44.703273809523822 11.550000000000002 35.654375000000009
decision_type=2 2 10 2 10 10 10 10 2 2 2 10 8 10 2 2 10 2 10 8 2 2 2 10 2 2 2 10 2 10
left_child=1 2 5 4 -4 6 7 8 -1 -10 -11 12 13 -12 -14 19 18 -18 26 20 24 22 -19 27 -16 -26 29 -20 -21 -17
right_child=-2 -3 3 -5 -6 -7 -8 -9 9 10 11 -13 14 -15 15 16 17 21 23 28 -22 -23 -24 -25 25 -27 -28 -29 -30 -31
leaf_value=0.15278253123164176 0.12226568045314506 -0.18836469020355831 0.11576455208388242 0.22379998350143435 -0.15180690132081509 -0.11817870995690745 -0.12309724405141814 0.18211970980520603 -0.11152934787678533 0.17874764565910614 -0.0082893670429704629 -0.14848088540814139 -0.092662840176905903 -0.13674901352287869 0.11055173994197201 0.013450334469477335 -0.077801863778205152 0.12368152525275947 -0.08313164265924379 -0.089164339464444381 0.27003124494105579 0.2011059107545477 -0.03991078439761292 -0.018554631868998209 -0.069327471822500236 0.054582270107618194 -0.061173031911253929 -0.193874978100881 0.020703009143471719 0.11785012607773145
leaf_weight=20 36 22 22 25 20 31 28 27 32 21 61 22 28 39 36 30 21 20 38 26 20 26 22 36 25 41 25 25 34 21
leaf_count=20 36 22 22 25 20 31 28 27 32 21 61 22 28 39 36 30 21 20 38 26 20 26 22 36 25 41 25 25 34 21
internal_value=0 -0.00421144 0.000717233 0.0762042 -0.0116504 -0.00598161 -0.00117759 0.00372722 -0.00347247 -0.00828773 -0.00293322 -0.00933473 -0.0040016 -0.0583886 0.00747246 0.013759 -0.00808447 0.0583203 -0.041856 0.045444 0.081026 0.100358 0.0379903 -0.0876146 0.0439662 0.00764676 0.0177505 -0.127077 -0.0269062 0.0564385
internal_weight=0 844 822 67 42 755 724 696 669 649 617 596 574 100 474 446 264 89 175 182 122 68 42 99 102 66 76 63 60 51
internal_count=880 844 822 67 42 755 724 696 669 649 617 596 574 100 474 446 264 89 175 182 122 68 42 99 102 66 76 63 60 51
is_linear=0
shrinkage=0.05


Tree=87
num_leaves=31
num_cat=0
split_feature=0 0 6 9 6 5 5 2 12 12 5 1 7 1 3 6 13 13 5 3 8 5 1 3 13 2 5 13 8 5
split_gain=199.385 276.541 150.055 315.008 146.906 156.294 322.706 181.713 129.517 259.293 186.179 158.872 175.708 183.299 199.817 150.987 104.379 111.52 157.959 116.37 127.869 92.7505 87.5387 82.4724 135.551 95.7749 69.4095 74.4892 65.061 62.3944
threshold=71.858333333333363 64.375000000000014 53.404791666666675 2.5000000000000004 49.595000000000013 52.132738095238103 47.754761904761914 20.250000000000004 23.050000000000004 24.450000000000003 43.320535714285718 52.787500000000016 49.145238095238106 58.87916666666667 13.050000000000002 34.879513888888901 9.4500000000000011 13.950000000000001 15.635416666666666 12.450000000000001 36.050069444444453 31.806250000000002 33.689583333333339 14.850000000000003 17.050000000000004 32.650000000000013 21.638690476190479 19.950000000000003 35.208194444444452 29.048809523809528
decision_type=2 2 10 2 10 10 10 2 2 2 10 2 10 2 2 10 2 2 10 2 8 10 2 2 2 2 10 2 8 10
left_child=1 2 4 -4 5 6 7 -1 -9 -10 11 16 -13 -14 -15 -16 -11 18 -18 22 -21 23 -20 24 -19 26 27 28 -25 -22
right_child=-2 -3 3 -5 -6 -7 -8 8 9 10 -12 12 13 14 15 -17 17 21 19 20 29 -23 -24 25 -26 -27 -28 -29 -30 -31
leaf_value=0.14514340624213218 0.11615239705683456 -0.17894645854830743 -0.055557947020445558 0.16425692727550484 -0.11226978061660645 -0.11694238438670124 0.17301372289657593 -0.10595288036856801 0.16193552606779596 -0.10803007445530965 -0.14863978702089062 -0.071927580352012938 0.18558880576380976 -0.072637007851153609 0.16270468674840466 -0.013504899013787508 -0.11072418726980687 -0.024494855506521352 -0.061341862670249415 0.17476800107955934 0.084667191095650199 -0.10795731616871698 0.052315709553658968 0.034233819892009097 0.11674616178870201 0.027199287904160364 -0.14513118642827738 -0.12610533549672082 -0.074980894595384595 -0.02934525740288553
leaf_weight=20 36 22 28 39 31 28 27 32 23 30 23 26 27 28 31 20 20 53 36 25 28 35 32 30 25 35 23 21 25 21
leaf_count=20 36 22 28 39 31 28 27 32 23 30 23 26 27 28 31 20 20 53 36 25 28 35 32 30 25 35 23 21 25 21
internal_value=0 -0.00400087 0.000681371 0.072394 -0.00568253 -0.00111871 0.00354086 -0.00329885 -0.00787334 -0.00278656 -0.00916469 -0.0035466 0.0445507 0.0731208 0.0346824 0.0936029 -0.0180087 -0.0114056 0.020833 0.0393622 0.0827518 -0.03255 -0.00785595 -0.0201006 0.0207747 -0.0438937 -0.0690276 -0.0459963 -0.0154092 0.0358047
internal_weight=0 844 822 67 755 724 696 669 649 617 594 571 132 106 79 51 439 409 162 142 74 247 68 212 78 134 99 76 55 49
internal_count=880 844 822 67 755 724 696 669 649 617 594 571 132 106 79 51 439 409 162 142 74 247 68 212 78 134 99 76 55 49
is_linear=0
shrinkage=0.05


Tree=88
num_leaves=31
num_cat=0
split_feature=0 0 6 3 6 6 5 5 2 12 2 5 1 1 5 6 14 13 13 5 8 3 1 6 5 5 3 8 0 1
split_gain=179.945 249.578 135.425 312.752 272.042 132.583 141.055 291.242 163.996 116.889 240.931 143.028 117.833 142.377 129.68 114.357 125.362 97.7252 99.0872 144.081 132.199 148.783 86.7601 85.1626 62.6869 105.64 92.992 72.5536 68.1438 85.0046
threshold=71.858333333333363 64.375000000000014 53.404791666666675 11.350000000000003 57.180277777777782 49.595000000000013 52.132738095238103 47.754761904761914 20.250000000000004 23.050000000000004 24.350000000000005 43.320535714285718 53.987500000000004 56.562500000000007 38.747619047619047 34.879513888888901 0.65000000000000002 9.3500000000000032 13.950000000000001 15.635416666666666 47.186875000000008 12.350000000000003 34.243750000000006 27.220000000000006 30.263392857142858 28.002976190476193 12.750000000000002 49.772777777777797 22.106250000000006 29.308333333333334
decision_type=2 2 10 2 10 10 10 10 2 2 2 10 2 2 10 8 2 2 2 10 8 2 2 10 10 10 2 10 2 2
left_child=1 2 5 4 -4 6 7 8 -1 -10 -11 12 17 -14 15 16 -15 -12 19 -19 21 22 -21 -23 25 26 -20 -26 29 -28
right_child=-2 -3 3 -5 -6 -7 -8 -9 9 10 11 -13 13 14 -16 -17 -18 18 24 20 -22 23 -24 -25 27 -27 28 -29 -30 -31
leaf_value=0.137886234074831 0.11034477810478874 -0.16999913196672092 0.10675926841795445 0.20879343962669372 -0.14803310707211495 -0.10665628496677644 -0.11109526223902191 0.16436304152011871 -0.10065523609519006 0.16380421428364658 -0.10262856913109622 -0.13362485075538807 0.16199918106198311 0.081488992708424732 0.11220650271727489 -0.11976203743368388 -0.07259826578877189 -0.10518797829747201 0.054696646904838941 -0.045614483859390022 -0.041052887856196138 0.076938515021983123 0.087137709408998495 0.20562182813882829 -0.1264910228310093 0.084760491566165636 -0.049859184901840214 -0.0077652194621888083 -0.10348287732214541 0.050302493864936494
leaf_weight=20 36 22 22 25 20 31 28 27 32 21 30 22 20 33 26 20 22 20 28 32 39 36 20 20 31 23 87 22 37 28
leaf_count=20 36 22 22 25 20 31 28 27 32 21 30 22 20 33 26 20 22 20 28 32 39 36 20 20 31 23 87 22 37 28
internal_value=0 -0.00380083 0.000647303 0.0687743 -0.0145704 -0.0053984 -0.00106278 0.00336382 -0.00313391 -0.00747968 -0.00264723 -0.00851213 -0.00371687 0.0401164 0.0159812 -0.0173769 0.0198541 -0.0154251 -0.00924046 0.0207215 0.037852 0.0663455 0.00544405 0.122897 -0.028786 -0.0161436 -0.0290369 -0.0772086 -0.0444615 -0.025472
internal_weight=0 844 822 67 42 755 724 696 669 649 617 596 574 121 101 75 55 453 423 167 147 108 52 56 256 203 180 53 152 115
internal_count=880 844 822 67 42 755 724 696 669 649 617 596 574 121 101 75 55 453 423 167 147 108 52 56 256 203 180 53 152 115
is_linear=0
shrinkage=0.05


Tree=89
num_leaves=31
num_cat=0
split_feature=0 0 3 0 0 1 2 12 9 0 5 7 5 2 2 7 0 10 2 14 5 13 5 2 7 5 3 6 7 7
split_gain=162.401 225.244 130.412 152.878 131.237 121.161 126.219 376.876 304.117 165.382 120.683 240.949 117.53 171.599 106.552 101.075 115.62 229.004 115.004 113.41 95.4832 84.1547 79.8868 70.2706 157.297 135.646 133.889 107.638 79.722 117.589
threshold=71.858333333333363 64.375000000000014 8.5500000000000025 59.572916666666664 55.581250000000004 63.556249999999999 21.750000000000004 23.350000000000005 3.5000000000000004 43.283333333333339 43.507738095238103 63.755654761904765 38.747619047619047 26.750000000000004 26.750000000000004 57.300892857142863 28.183333333333341 3.5000000000000004 25.650000000000002 0.75000000000000011 31.222023809523815 15.550000000000002 35.065476190476197 27.250000000000004 42.906547619047622 25.462202380952384 13.950000000000001 26.428680555555562 29.370238095238097 22.544940476190479
decision_type=2 2 2 2 2 2 2 2 2 2 10 10 10 2 2 10 2 2 2 2 10 2 10 2 8 10 2 8 8 10
left_child=1 2 14 4 5 6 8 -8 -4 10 11 15 22 -14 -1 16 18 -18 -9 21 23 -19 -7 25 26 28 -25 -28 29 -20
right_child=-2 -3 3 -5 -6 12 7 9 -10 -11 -12 -13 13 -15 -16 -17 17 19 20 -21 -22 -23 -24 24 -26 -27 27 -29 -30 -31
leaf_value=-0.0092776570130478266 0.10482753771874641 -0.16149917854504153 -0.038260569449128784 0.11788232663068279 -0.10948581592394756 0.056357794268322853 -0.19980817151069641 0.067028867666210454 0.20235499901076159 0.11935658278288666 -0.10322855336050835 0.16846964508295059 0.013925872483979102 0.20316618547588586 -0.16873640611767771 -0.11094475751337798 0.16682101333582844 -0.077720572136160807 0.007175304231847205 0.089657789182204461 -0.13157885471979777 0.038670384146273135 -0.074480294734239588 0.046345968514072654 0.12521575838327409 -0.16844758351333441 0.031392262658725183 -0.094199522212147724 0.053645195299759509 -0.1166630747003688
leaf_weight=22 36 22 29 29 26 28 25 35 24 27 31 20 23 25 20 23 27 41 41 26 21 25 20 49 22 20 24 59 24 36
leaf_count=22 36 22 29 29 26 28 25 35 24 27 31 20 23 25 20 23 27 41 41 26 21 25 20 49 22 20 24 59 24 36
internal_value=0 -0.00361079 0.000614938 0.0052363 0.000886455 0.00484463 -0.0031407 -0.00993484 0.0706974 -0.00131989 -0.00753796 -0.0015209 0.0571652 0.112489 -0.0852104 -0.00870866 -0.00348326 0.0387856 -0.0186796 0.00120999 -0.0288141 -0.0336331 0.00184192 -0.0209666 0.00143728 -0.0494806 -0.0191925 -0.0578838 -0.0259228 -0.0507232
internal_weight=0 844 822 780 751 725 629 576 53 551 524 493 96 48 42 473 450 119 331 92 296 66 48 275 154 121 132 83 101 77
internal_count=880 844 822 780 751 725 629 576 53 551 524 493 96 48 42 473 450 119 331 92 296 66 48 275 154 121 132 83 101 77
is_linear=0
shrinkage=0.05


Tree=90
num_leaves=31
num_cat=0
split_feature=0 2 8 2 2 13 8 8 0 2 12 13 10 5 7 7 7 13 8 3 8 0 5 13 12 2 9 2 1 2
split_gain=310.21 187.115 371.215 326.93 123.237 197.617 485.676 322.862 266.516 130.537 181.104 396.266 117.679 315.852 210.676 400.753 268.591 229.221 176.857 428.457 155.787 138.765 113.717 106.22 102.439 100.078 68.4665 62.1185 86.1111 75.1553
threshold=80.38333333333334 21.750000000000004 46.58590277777779 20.850000000000005 31.250000000000004 14.65 47.186875000000008 51.631041666666661 31.650000000000009 29.150000000000002 28.250000000000004 12.65 10.500000000000002 56.542261904761908 65.812797619047629 63.613988095238099 53.170238095238105 11.750000000000002 47.471041666666672 12.550000000000002 55.574305555555547 33.054166666666667 32.335119047619052 10.550000000000002 34.95000000000001 33.050000000000004 2.5000000000000004 26.150000000000002 19.668750000000006 26.650000000000002
decision_type=2 2 10 2 2 2 10 10 2 2 2 2 2 10 10 8 10 2 10 2 10 2 10 2 2 2 2 2 2 2
left_child=1 2 -1 -4 9 6 -6 24 -9 10 12 -12 14 23 15 16 18 -16 21 -20 -18 27 26 -14 25 -7 -11 28 -3 -29
right_child=-2 4 3 -5 5 7 -8 8 -10 22 11 -13 13 -15 17 -17 20 -19 19 -21 -22 -23 -24 -25 -26 -27 -28 29 -30 -31
leaf_value=-0.1010812757980256 -0.1925906221009791 -0.010277299710402364 0.049630722900231683 0.29095903660940087 0.2899519785914732 -0.035416429557583555 -0.0075413338292170985 0.23357237499384653 0.0013271302481492361 0.031300706416368486 0.24617939449169418 -0.035229860605864687 0.034654225243462455 0.20935975362857184 -0.24541148500783103 0.20187885193597702 -0.057219378813169901 -0.028504389524459842 0.25392876560134547 -0.034975391671513069 -0.23248184046575002 -0.12738906616078957 -0.16787650215884914 -0.10684328016248489 0.0088547157456300082 -0.18305550348013641 -0.09652185793966056 -0.080920049480416562 0.11588342289129894 -0.0034995381711819852
leaf_weight=21 20 38 36 23 23 22 34 21 30 22 22 29 36 21 21 21 32 29 21 33 21 28 23 21 28 24 20 44 21 109
leaf_count=21 20 38 36 23 23 22 34 21 30 22 22 29 36 21 21 21 32 29 21 33 21 28 23 21 28 24 20 44 21 109
internal_value=0 0.00656644 0.0794507 0.143708 -0.000777061 0.0353448 0.1125 0.000162178 0.0969575 -0.0115192 -0.00355899 0.0861624 -0.0127844 0.0435948 -0.0233049 -0.0102206 -0.0230566 -0.119605 -0.00437923 0.0773762 -0.126663 -0.0227742 -0.0785074 -0.0174764 -0.0665481 -0.112446 -0.0295672 -0.00895716 0.0346274 -0.0257643
internal_weight=0 874 80 59 794 182 57 125 51 612 547 51 496 78 418 368 347 50 294 54 53 240 65 57 74 46 42 212 59 153
internal_count=894 874 80 59 794 182 57 125 51 612 547 51 496 78 418 368 347 50 294 54 53 240 65 57 74 46 42 212 59 153
is_linear=0
shrinkage=0.05


Tree=91
num_leaves=31
num_cat=0
split_feature=0 2 8 2 13 1 13 1 2 13 8 8 0 0 6 5 3 1 12 2 2 5 14 8 6 6 12 2 5 12
split_gain=279.964 168.871 335.022 295.054 117.819 190.286 185.951 365.643 154.562 239.529 334.819 244.376 263.571 162.687 189.79 193.123 173.026 136.715 145.758 175.846 161.529 118.95 132.621 128.169 124.568 112.828 97.1815 107.27 83.4769 57.0609
threshold=80.38333333333334 21.750000000000004 46.58590277777779 20.850000000000005 8.9500000000000011 59.581250000000004 9.7500000000000018 47.937500000000014 31.250000000000004 14.450000000000001 47.186875000000008 51.631041666666661 31.650000000000009 61.941666666666677 54.390902777777789 31.551488095238096 16.250000000000004 73.881250000000009 25.750000000000004 27.050000000000004 24.350000000000005 27.199404761904763 0.45000000000000007 53.438541666666673 28.582916666666669 23.296388888888895 34.95000000000001 33.050000000000004 32.522916666666667 26.350000000000005
decision_type=2 2 10 2 2 2 2 2 2 2 10 10 2 2 10 10 2 2 2 2 2 10 2 10 10 10 2 2 10 2
left_child=1 2 -1 -4 5 28 7 -6 13 10 -10 26 -13 14 15 21 17 18 20 -20 -17 23 -23 24 25 29 27 -11 -3 -8
right_child=-2 4 3 -5 6 -7 8 -9 9 11 -12 12 -14 -15 -16 16 -18 -19 19 -21 -22 22 -24 -25 -26 -27 -28 -29 -30 -31
leaf_value=-0.096027209787141715 -0.1829610910266638 -0.071235982198268183 0.047149184718728067 0.27641108658002772 -0.053285995423793801 -0.17709022980804245 -0.037106444576272261 0.23618464525789024 0.27701635020361709 -0.02279414379078409 0.020210531738897166 0.22189375932017963 -0.0075254199966307616 -0.13993960905075073 0.12226914737660151 0.011949087977409364 -0.18957535598589026 -0.13140725051203081 0.16386301185935737 -0.03025368466707213 -0.17615317390078591 -0.00029665979522245902 0.16124075123419365 -0.12942973685450851 0.082809886639479371 -0.091366244695688548 0.016435398116450887 -0.17390272884319227 0.073225897483062005 0.026244668770008361
leaf_weight=21 20 20 36 23 20 24 54 24 22 23 30 21 31 25 26 25 23 31 20 28 21 27 24 20 40 38 29 24 20 104
leaf_count=21 20 20 36 23 20 24 54 24 22 23 30 21 31 25 26 25 23 31 20 28 21 27 24 20 40 38 29 24 20 104
internal_value=0 0.00623812 0.0754782 0.136522 -0.000738208 -0.065787 0.0049647 0.104607 -0.00142636 0.0383658 0.128859 0.00160294 0.0851246 -0.0155817 -0.00911818 -0.016626 -0.0635418 -0.0403517 -0.0103227 0.0506283 -0.0739237 0.00599137 0.0757209 -0.00790007 0.00239905 -0.0140113 -0.0555435 -0.099956 0.000994958 0.00459302
internal_weight=0 874 80 59 794 64 730 44 686 180 52 128 52 506 481 455 148 125 94 48 46 307 51 256 236 196 76 47 40 158
internal_count=894 874 80 59 794 64 730 44 686 180 52 128 52 506 481 455 148 125 94 48 46 307 51 256 236 196 76 47 40 158
is_linear=0
shrinkage=0.05


Tree=92
num_leaves=31
num_cat=0
split_feature=0 2 8 2 13 1 13 1 2 13 8 8 0 0 6 5 5 9 13 13 0 13 2 12 2 5 8 8 6 0
split_gain=252.668 152.406 302.357 266.287 106.332 171.733 167.821 329.993 139.492 216.587 323.522 265.014 216.17 146.825 171.286 174.408 246.907 134.186 333.947 180.183 119.566 112.247 96.1889 83.2218 80.8517 75.3379 72.3475 155.445 100.812 55.8075
threshold=80.38333333333334 21.750000000000004 46.58590277777779 20.850000000000005 8.9500000000000011 59.581250000000004 9.7500000000000018 47.937500000000014 31.250000000000004 14.65 47.186875000000008 51.631041666666661 31.650000000000009 61.941666666666677 54.390902777777789 33.699404761904766 37.064285714285724 2.5000000000000004 12.950000000000001 12.15 36.218750000000014 11.250000000000002 25.250000000000004 34.95000000000001 33.050000000000004 32.522916666666667 52.618055555555564 45.558472222222214 24.296944444444446 23.450000000000003
decision_type=2 2 10 2 2 2 2 2 2 2 10 10 2 2 10 10 10 2 2 2 2 2 2 2 2 10 10 10 10 2
left_child=1 2 -1 -4 5 25 7 -6 13 10 -10 23 -13 14 15 20 -17 19 -19 -18 21 -8 -23 24 -11 -3 27 28 -24 -30
right_child=-2 4 3 -5 6 -7 8 -9 9 11 -12 12 -14 -15 -16 16 17 18 -20 -21 -22 22 26 -25 -26 -27 -28 -29 29 -31
leaf_value=-0.091225848879132959 -0.1738130334019661 -0.067674181675538431 0.044791723166902858 0.26259054152861888 -0.050621697157621381 -0.16823572393817207 0.081739434567006206 0.22437541447579862 0.26217004682706752 -0.032505898109891199 0.016323214920703322 0.21079906917044094 0.0016370478272438049 -0.1329426226615906 0.11615569039305018 -0.21670380085706711 0.13530818034302106 -0.15642964869737627 0.08504113413038708 -0.060889679938554764 0.11963713311013723 0.090672099068760878 -0.011283354244090075 0.0075902089875723644 -0.16520759146660569 0.069564605522900821 -0.10778133891846822 0.095507090006555828 -0.044943215876169833 -0.15914464302361012
leaf_weight=21 20 20 36 23 20 24 34 24 23 22 32 21 30 25 26 22 22 45 21 25 21 20 151 28 24 20 23 28 23 20
leaf_count=21 20 20 36 23 20 24 34 24 23 22 32 21 30 25 26 22 22 45 21 25 21 20 151 28 24 20 23 28 23 20
internal_value=0 0.00592621 0.0717043 0.129696 -0.000701297 -0.0624976 0.00471646 0.0993767 -0.00135504 0.0364476 0.119132 6.64463e-05 0.0877626 -0.0148026 -0.00866227 -0.0157947 -0.0634549 -0.0336189 -0.079598 0.0309476 0.00431193 -0.00378784 -0.0147611 -0.0603728 -0.101742 0.000945212 -0.0233679 -0.0146224 -0.0305174 -0.0980602
internal_weight=0 874 80 59 794 64 730 44 686 180 55 125 51 506 481 455 135 113 66 47 320 299 265 74 46 40 245 222 194 43
internal_count=894 874 80 59 794 64 730 44 686 180 55 125 51 506 481 455 135 113 66 47 320 299 265 74 46 40 245 222 194 43
is_linear=0
shrinkage=0.05


Tree=93
num_leaves=31
num_cat=0
split_feature=5 5 7 2 13 6 6 2 12 13 1 2 6 6 9 2 8 3 1 8 14 5 12 2 1 7 9 6 12 14
split_gain=140.949 448.295 189.728 363.654 182.94 150.205 254.411 166.171 175.071 351.374 252.115 402.944 134.553 150.895 179.785 107.894 202.314 100.431 251.764 196.925 80.4394 74.8441 165.881 140.088 55.9663 118.578 50.8145 58.7292 59.6525 70.5477
threshold=58.726190476190489 54.010714285714293 98.068154761904779 23.050000000000004 8.2500000000000018 53.983402777777791 49.595000000000013 20.850000000000005 28.150000000000002 14.450000000000001 61.564583333333331 28.650000000000002 47.833125000000003 19.757500000000004 2.5000000000000004 30.750000000000004 47.186875000000008 16.650000000000002 61.229166666666671 51.631041666666661 1.0000000180025095e-35 49.874702380952392 23.050000000000004 24.450000000000003 38.766666666666673 46.255357142857143 2.5000000000000004 22.323472222222218 27.450000000000003 0.8500000000000002
decision_type=10 10 10 2 2 10 10 2 2 2 2 2 8 10 2 2 10 2 2 10 2 10 2 2 2 10 2 10 2 2
left_child=1 4 3 -2 -1 6 7 -6 12 10 11 -10 13 14 -9 -13 -17 18 24 -19 -21 22 -15 -24 -11 -26 -25 -28 29 -29
right_child=2 -3 -4 -5 5 -7 -8 8 9 17 -12 15 -14 21 -16 16 -18 19 -20 20 -22 -23 23 26 25 -27 27 28 -30 -31
leaf_value=-0.12190386514489851 -0.2785389820025081 0.1728531876817728 0.054559409760293512 0.0092453411091928898 0.12160687215369324 0.099554426452288264 -0.15790253940224649 0.12739332601428033 0.25593481447015493 0.0694443165883422 0.25748776093125347 -0.082030130906597443 0.091672343046714871 -0.17488388362384977 -0.032089213212562161 0.15051938760280612 -0.046874090008161687 -0.062000165017587795 -0.18375994703517512 0.026012323535978793 0.16456107460385697 -0.14041837900876999 0.098356577605009085 -0.070174506226664088 -0.11554126443172044 0.042181435342018424 -0.076848527980702269 -0.030685157829097337 -0.065514352669318529 0.066517454348504548
leaf_weight=30 21 39 21 23 29 39 25 30 21 20 20 23 24 21 43 25 27 35 26 20 22 20 20 85 22 26 35 35 27 40
leaf_count=30 21 39 21 23 29 39 25 30 21 20 20 23 24 21 43 25 27 35 26 20 22 20 20 85 22 26 35 35 27 40
internal_value=0 0.00736914 -0.0690912 -0.128106 -0.000800326 0.00398008 -0.00118969 0.00443937 -0.000654873 0.0288209 0.095992 0.0623471 -0.0229168 -0.030642 0.0334516 0.00814255 0.0480266 -0.0167455 -0.0514262 0.025592 0.0985855 -0.0471749 -0.0400841 -0.0283867 -0.000828002 -0.0301081 -0.039805 -0.0209625 -0.00178598 0.0211562
internal_weight=0 829 65 44 790 760 721 696 667 287 116 96 380 356 73 75 52 171 94 77 42 283 263 242 68 48 222 137 102 75
internal_count=894 829 65 44 790 760 721 696 667 287 116 96 380 356 73 75 52 171 94 77 42 283 263 242 68 48 222 137 102 75
is_linear=0
shrinkage=0.05


Tree=94
num_leaves=31
num_cat=0
split_feature=0 2 1 8 2 12 14 3 0 2 7 2 12 2 13 1 7 0 3 2 13 3 1 1 7 6 3 7 2 12
split_gain=223.64 133.261 273.382 220.772 93.3191 307.737 297.45 129.666 222.953 213.569 189.748 187.428 355.999 412.861 294.744 360.071 311.285 214.883 150.812 144.238 110.228 93.0006 70.6499 141.629 101.091 171.904 110.56 80.5533 102.006 108.688
threshold=80.38333333333334 21.750000000000004 38.881250000000001 64.226944444444456 32.95000000000001 33.850000000000001 0.15000000000000005 12.350000000000003 56.483333333333348 28.150000000000002 39.635119047619057 26.150000000000002 25.250000000000004 24.450000000000003 9.2500000000000018 56.483333333333341 73.527083333333351 45.479166666666679 10.050000000000002 27.250000000000004 17.250000000000004 16.250000000000004 23.620833333333337 20.047916666666669 63.755654761904765 36.856875000000009 13.15 35.301190476190484 28.250000000000004 31.650000000000002
decision_type=2 2 2 10 2 2 2 2 2 2 10 2 2 2 2 2 10 2 2 2 2 2 2 2 10 10 2 8 2 2
left_child=1 2 -1 -4 7 6 -6 9 22 11 -11 12 13 14 -3 -16 -17 18 -13 -20 21 -7 23 -9 25 26 -24 -28 -29 -30
right_child=-2 4 3 -5 5 20 -8 8 -10 10 -12 17 -14 -15 15 16 -18 -19 19 -21 -22 -23 24 -25 -26 -27 27 28 29 -31
leaf_value=-0.058949653272117888 -0.16359718769788745 -0.11085432325877871 0.23397024075190226 0.027768834233283995 0.28046640093837466 -0.045657695355740463 0.022794043024381004 -0.01924463090224144 -0.18972896412014961 0.0098266378383744853 0.21311864733385544 0.06685770554468036 0.1835782384267077 -0.21140262484550476 -0.056885938197374343 0.31256632256236944 0.040015630424022675 -0.17265033170028971 -0.14177573411060232 0.034031367152929308 -0.10129300955949086 0.10144683910267693 0.05508241679053754 0.11017246698511059 0.037097847617642829 -0.16236794927057677 -0.086882224079707401 0.061664749547068423 -0.13293589744716883 0.014618629109687531
leaf_weight=28 20 24 27 25 21 22 24 78 20 22 24 36 32 20 25 22 20 27 28 20 28 21 32 29 43 28 69 29 24 26
leaf_count=28 20 24 27 25 21 22 24 78 20 22 24 36 32 20 25 22 20 27 28 20 28 21 32 29 43 28 69 29 24 26
internal_value=0 0.00550244 0.0670103 0.134835 -0.000694835 0.0407462 0.143041 -0.00778504 -0.0272648 0.0167594 0.115892 -0.00119372 0.0366473 -0.00571111 0.0394958 0.0933526 0.18278 -0.0499439 -0.0105026 -0.0685228 -0.0240886 0.0261841 -0.0181886 0.015831 -0.032691 -0.0471185 -0.0291908 -0.047412 -0.012938 -0.0562075
internal_weight=0 874 80 52 794 116 45 678 378 300 46 254 143 111 91 67 42 111 84 48 71 43 358 107 251 208 180 148 79 50
internal_count=894 874 80 52 794 116 45 678 378 300 46 254 143 111 91 67 42 111 84 48 71 43 358 107 251 208 180 148 79 50
is_linear=0
shrinkage=0.05


Tree=95
num_leaves=31
num_cat=0
split_feature=13 13 10 7 2 6 2 5 6 10 10 5 12 5 2 0 1 10 12 7 13 5 7 5 8 9 0 8 13 8
split_gain=299.138 121.762 232.67 325.011 441.463 754.708 250.572 218.393 214.388 204.075 167.492 321.267 309.148 145.297 106.623 99.7346 157.538 107.005 122.117 49.1728 58.3948 67.4256 48.3316 127.45 64.0104 152.756 142.218 138.156 125.488 106.565
threshold=8.0500000000000025 10.350000000000003 9.5000000000000018 84.011607142857159 20.850000000000005 45.438958333333346 25.950000000000003 28.002976190476193 50.093055555555566 11.500000000000002 1.5000000000000002 56.356845238095246 24.350000000000005 46.729166666666679 24.150000000000002 44.418750000000003 77.29791666666668 8.5000000000000018 25.550000000000004 24.811011904761909 12.450000000000001 25.462202380952384 63.755654761904765 36.474702380952387 45.892430555555563 2.5000000000000004 31.650000000000009 36.178750000000001 14.850000000000003 32.715000000000003
decision_type=2 2 2 10 2 10 2 10 10 2 2 10 2 10 2 2 2 2 2 10 2 10 10 10 8 2 2 10 2 10
left_child=-1 2 7 4 -4 6 -6 -2 14 10 -3 12 -12 15 -9 17 -17 18 -14 -19 -21 -22 23 24 27 28 -27 29 -26 -20
right_child=1 9 3 -5 5 -7 -8 8 -10 -11 11 -13 13 -15 -16 16 -18 19 22 20 21 -23 -24 -25 25 26 -28 -29 -30 -31
leaf_value=0.18060657382011414 0.10831423079513985 0.097311406610281884 -0.063743153214454659 -0.086572148359340184 -0.027974279046058655 0.44669886767864231 0.20946783380582931 -0.060647143532211581 0.046097072328512484 -0.13165789612514131 0.15080124720931054 -0.20933101892471317 -0.13800476459057437 -0.13177428340911865 -0.21303774998946623 0.16213077477046423 -0.033947756513953209 -0.023110184339540346 -0.043386353217065333 0.12493613919331914 0.094229756593704236 -0.026895452718491909 0.042695972437424394 -0.13564335356156032 0.046888059927594095 0.013261808167127047 0.16005495231259953 -0.093046489702676663 -0.10341419535802632 0.060456456013378651
leaf_weight=23 23 37 23 23 25 20 20 24 26 34 30 20 23 25 22 21 20 28 60 21 20 27 29 24 21 66 22 67 41 42
leaf_count=23 23 37 23 23 25 20 20 24 26 34 30 20 23 25 22 21 20 28 60 21 20 27 29 24 21 66 22 67 41 42
internal_value=0 -0.00204324 0.0316219 0.0807813 0.124521 0.191138 0.0775555 -0.025817 -0.0686644 -0.0122719 -0.0059689 -0.0122644 -0.00555004 -0.0139711 -0.13353 -0.00843525 0.0664827 -0.0146911 -0.0261983 0.0326562 0.0556188 0.0246472 -0.0192856 -0.024526 -0.016166 0.0076077 0.0499601 -0.037267 -0.0525054 -0.000627549
internal_weight=0 884 206 111 88 65 45 95 72 678 644 607 587 557 46 532 41 491 395 96 68 47 372 343 319 150 88 169 62 102
internal_count=907 884 206 111 88 65 45 95 72 678 644 607 587 557 46 532 41 491 395 96 68 47 372 343 319 150 88 169 62 102
is_linear=0
shrinkage=0.05


Tree=96
num_leaves=31
num_cat=0
split_feature=13 3 13 2 6 8 12 5 7 3 5 3 0 6 0 0 6 10 6 9 2 9 3 2 6 7 0 7 7 12
split_gain=269.972 231.964 358.976 307.073 381.982 508.121 202.064 190.765 411.443 536.343 555.209 317.282 293.361 145.996 172.502 62.9962 86.9932 75.5671 97.156 112.93 163.568 54.5765 117.102 97.0127 80.2284 173.737 132.617 121.439 61.342 77.0367
threshold=8.0500000000000025 8.7500000000000018 10.550000000000002 21.850000000000005 55.547222222222224 55.301805555555553 22.050000000000004 44.189583333333339 82.552083333333343 10.15 49.874702380952392 11.850000000000003 48.827083333333341 43.237916666666663 43.283333333333339 39.702083333333341 38.423333333333332 8.5000000000000018 20.084861111111113 4.5000000000000009 27.050000000000004 5.5000000000000009 15.15 36.45000000000001 34.241597222222232 53.623511904761912 30.766666666666669 54.383333333333333 17.732142857142865 33.150000000000013
decision_type=2 2 2 2 10 10 2 10 10 2 10 2 2 10 2 2 10 2 10 2 2 2 2 2 10 10 2 10 8 2
left_child=-1 2 -2 4 5 -3 -5 12 9 -9 -11 -12 13 14 15 16 17 21 -19 20 -20 23 -23 24 25 26 28 -26 -8 -30
right_child=1 3 -4 6 -6 -7 7 8 -10 10 11 -13 -14 -15 -16 -17 -18 18 19 -21 -22 22 -24 -25 27 -27 -28 -29 29 -31
leaf_value=0.17157624389814297 0.0054505382478237151 0.017383082155828122 -0.22797490640410356 -0.15752871089747975 -0.063566898735240115 0.32138328942071115 0.072454291284084316 0.29743391245317002 -0.12107142714353709 0.20778250579855273 -0.21154647523706613 0.054050793466360672 -0.16712752056532895 -0.11747664505339883 0.14576049283146861 -0.079746462347415781 0.08735988195295688 0.13168636966496705 -0.096958486161061702 0.10312187976163367 0.070493578135967253 -0.1579390634223819 -0.0006725093414043558 -0.11456185195595026 -0.0088789483939763162 -0.1372369303703308 0.12463812702335418 0.1524361767154187 -0.032128941529700833 0.069917905862842286
leaf_weight=23 40 27 28 21 25 28 20 26 26 28 22 23 29 27 20 26 27 20 35 23 25 20 29 20 28 25 20 20 155 21
leaf_count=23 40 27 28 21 25 28 20 26 26 28 22 23 29 27 20 26 27 20 35 23 25 20 29 20 28 25 20 20 155 21
internal_value=0 -0.00194108 -0.0906658 0.00545265 0.0984863 0.172147 -0.0046597 -0.000169844 0.0559398 0.102428 0.0329734 -0.0757968 -0.0120575 -0.00404139 0.0016941 -0.0039116 0.000128785 -0.00498019 0.0327604 0.00892284 -0.0271868 -0.0158385 -0.0648629 -0.00806443 -0.000694366 -0.0124514 0.00199138 0.0583357 -0.0105236 -0.0199529
internal_weight=0 884 68 816 80 55 736 715 125 99 73 45 590 561 534 514 488 461 103 83 60 358 49 309 289 241 216 48 196 176
internal_count=907 884 68 816 80 55 736 715 125 99 73 45 590 561 534 514 488 461 103 83 60 358 49 309 289 241 216 48 196 176
is_linear=0
shrinkage=0.05


Tree=97
num_leaves=31
num_cat=0
split_feature=13 3 2 2 2 13 12 5 0 3 5 1 8 3 6 0 10 0 1 5 5 5 8 6 6 6 2 5 13 5
split_gain=243.65 209.347 327.631 277.134 381.862 269.59 182.363 172.166 264.759 249.976 552.748 297.841 224.655 146.32 132.114 155.438 62.4497 114.914 101.382 80.3447 211.956 165.368 70.4759 133.079 58.2919 114.095 53.3253 48.9201 96.3142 70.3406
threshold=8.0500000000000025 8.7500000000000018 22.350000000000005 21.850000000000005 20.750000000000004 10.850000000000003 22.050000000000004 44.189583333333339 48.827083333333341 10.15 49.874702380952392 67.258333333333354 55.699652777777786 10.950000000000001 42.284583333333337 43.283333333333339 3.5000000000000004 26.775000000000002 54.914583333333333 34.177976190476194 37.132738095238103 31.551488095238096 53.541388888888896 31.320972222222224 19.757500000000004 18.752013888888893 32.350000000000001 18.736309523809528 15.250000000000002 26.120833333333334
decision_type=2 2 2 2 2 2 2 10 2 2 10 2 10 2 10 2 2 2 2 10 10 10 10 10 8 10 2 8 2 10
left_child=-1 2 -2 4 -3 -4 -5 8 14 12 -11 -12 -9 -6 15 16 17 -8 19 21 -21 22 23 24 25 -18 -20 -26 29 -29
right_child=1 3 5 6 13 -7 7 9 -10 10 11 -13 -14 -15 -16 -17 18 -19 26 20 -22 -23 -24 -25 27 -27 -28 28 -30 -31
leaf_value=0.16299743211787682 -0.25032280669325874 -0.033500547241419557 0.094849894023858586 -0.14965227168230785 0.28061795505610382 -0.14601573750731492 -0.020370366853294949 0.27470989946275948 -0.15877114226078165 0.17292101207760074 0.005395979131571949 -0.23359023806723683 0.037721052467823035 0.10209923069924116 -0.1097033222205937 0.13847246855497361 -0.011887650224897597 0.1160552683061567 -0.028157478921975083 0.17928863799288161 -0.034283946843173069 -0.14808300279080869 -0.080389810025691996 0.12532608541236684 0.014973078152213834 0.11967731850365033 -0.1176856427325 -0.1074329241916227 0.020972090137555549 -0.0077133698122841977
leaf_weight=23 21 34 26 21 22 21 33 20 29 31 32 22 20 24 28 20 45 29 39 21 26 20 25 22 76 26 29 48 46 28
leaf_count=23 21 34 26 21 22 21 33 20 29 31 32 22 20 24 28 20 45 29 39 21 26 20 25 22 76 26 29 48 46 28
internal_value=0 -0.00184403 -0.0861325 0.00518002 0.093562 -0.0127709 -0.00442672 -0.000161351 -0.0114546 0.0531429 0.00463809 -0.0919688 0.156215 0.187478 -0.00383932 0.00172201 -0.00360939 0.0434416 -0.0100776 -8.86978e-05 0.0611421 -0.00865372 0.000170918 0.00709194 -0.00257776 0.0362911 -0.0663386 -0.0165156 -0.0361315 -0.0706941
internal_weight=0 884 68 816 80 47 736 715 590 125 85 54 40 46 561 533 513 62 451 383 47 336 316 291 269 71 68 198 122 76
internal_count=907 884 68 816 80 47 736 715 590 125 85 54 40 46 561 533 513 62 451 383 47 336 316 291 269 71 68 198 122 76
is_linear=0
shrinkage=0.05


Tree=98
num_leaves=31
num_cat=0
split_feature=13 2 2 2 7 7 12 0 0 0 13 0 1 0 8 10 5 9 9 5 14 9 1 1 1 9 6 1 8 7
split_gain=219.894 106.193 516.868 431.664 138.424 346.635 143.365 209.793 372.338 158.822 268.959 128.837 72.2353 143.532 88.188 176.327 75.2098 204.794 192.613 136.122 52.6694 57.2386 58.173 103.932 137.346 90.8932 81.7404 78.9115 71.9826 72.3064
threshold=8.0500000000000025 19.850000000000005 20.750000000000004 21.450000000000003 82.552083333333343 77.168750000000017 21.950000000000003 61.175000000000004 55.581250000000004 44.418750000000003 10.750000000000002 59.160416666666684 67.904166666666683 39.702083333333341 55.699652777777786 2.5000000000000004 31.551488095238096 4.5000000000000009 2.5000000000000004 35.194047619047623 33.850000000000001 5.5000000000000009 18.306250000000006 25.995833333333334 33.256250000000001 3.5000000000000004 22.90465277777778 41.935416666666669 41.59236111111111 35.301190476190484
decision_type=2 2 2 2 10 10 2 2 2 2 2 2 2 2 10 2 8 2 2 10 2 2 2 2 2 2 8 2 10 10
left_child=-1 -2 -3 -4 5 6 -5 8 9 12 -11 -6 13 14 15 -8 20 18 19 -18 21 22 -17 26 -25 28 -24 -27 29 -26
right_child=1 2 3 4 11 -7 7 -9 -10 10 -12 -13 -14 -15 -16 16 17 -19 -20 -21 -22 -23 23 24 25 27 -28 -29 -30 -31
leaf_value=0.15484755972157355 0.11215066049247979 -0.24941162427976016 0.1736252680846623 -0.12745169214904309 -0.0044197875261306769 0.17849836945533754 0.1384026555175131 0.11110797220546949 -0.19899232584238052 0.21423384960402145 -0.0044086403953723418 -0.18173970722016836 0.076593349857822721 -0.12215576667563413 -0.057532492503765735 -0.031369527687246983 -0.12484396979035367 0.071930396795272827 -0.22519998427480462 0.057420282065868383 -0.075320625975728042 -0.042974257282912737 0.15163628642375654 -0.052347131409361716 -0.018530803360044958 0.17034549146890643 0.029545192317716008 0.035869126239170629 -0.062813139051198966 0.099389030153934785
leaf_weight=23 20 21 35 24 20 26 22 38 25 22 39 21 23 29 77 52 21 25 20 20 20 47 26 61 26 20 29 24 25 26
leaf_count=23 20 21 35 24 20 26 22 38 25 22 39 21 23 29 77 52 21 25 20 20 20 47 26 61 26 20 29 24 25 26
internal_value=0 -0.00175182 -0.00438846 0.00171532 -0.00573127 -0.000946462 -0.00724277 -0.00321904 -0.00961731 -0.00237821 0.074446 -0.0952422 -0.0102809 -0.0137863 -0.00797724 0.000246371 -0.00663019 -0.0485937 -0.0979888 -0.0359346 0.00350707 0.00819919 0.0165215 0.0270293 0.00882736 0.0396674 0.087261 0.0969947 0.0069089 0.0404291
internal_weight=0 884 864 843 808 767 741 717 679 654 61 41 593 570 541 464 442 86 61 41 356 336 289 237 182 121 55 44 77 52
internal_count=907 884 864 843 808 767 741 717 679 654 61 41 593 570 541 464 442 86 61 41 356 336 289 237 182 121 55 44 77 52
is_linear=0
shrinkage=0.05


Tree=99
num_leaves=31
num_cat=0
split_feature=13 3 13 2 2 3 2 3 7 12 0 0 3 5 1 8 6 9 1 7 2 3 8 6 6 1 5 7 1 9
split_gain=198.454 193.32 310.758 244.964 287.374 257.839 200.494 313.276 279.173 374.525 234.583 257.383 236.45 175.488 67.7706 172.241 125.633 113.196 95.6795 88.7816 73.1569 70.7975 73.6687 102.705 96.4566 58.3574 94.8215 56.1103 58.4104 48.5613
threshold=8.0500000000000025 8.7500000000000018 10.550000000000002 22.050000000000004 20.750000000000004 10.550000000000002 23.650000000000002 10.850000000000003 71.972916666666677 24.450000000000003 55.581250000000004 44.418750000000003 12.550000000000002 48.082440476190477 46.977083333333333 37.812916666666673 35.247291666666676 3.5000000000000004 45.04375000000001 53.236904761904775 32.350000000000001 10.350000000000003 52.618055555555564 30.732222222222227 37.225972222222232 32.927083333333336 18.736309523809528 33.163690476190489 39.88333333333334 2.5000000000000004
decision_type=2 2 2 2 2 2 2 2 10 2 2 2 2 10 2 10 10 2 2 10 2 2 10 10 10 2 8 10 2 2
left_child=-1 2 -2 4 -3 -6 7 -5 10 -10 11 14 -13 -11 18 -16 17 20 19 21 -17 -8 23 25 -25 26 -23 -27 -29 -28
right_child=1 3 -4 6 5 -7 8 -9 9 13 -12 12 -14 -15 15 16 -18 -19 -20 -21 -22 22 -24 24 -26 27 29 28 -30 -31
leaf_value=0.14710518173549489 0.0067664800211787229 -0.029989120944896166 -0.2104169549420476 0.02268725090067495 0.29253720045089721 0.068420288057038287 -0.069247886165976533 -0.2473020380451566 0.2807478252053261 0.10901896789669992 -0.14459177235762277 0.24261853508651257 0.0023998901602767762 -0.089688646942377104 -0.15410028784363361 0.049571865163743498 -0.086976511108160431 0.1121796311736107 0.10634341459721326 -0.080611563235935241 -0.079908324902256342 0.02093329569278285 -0.05679424530949051 0.16901987120509149 0.017302886803041807 -0.0063388134945522659 -0.10418101795788469 0.14240494251251221 0.023010987822254678 -0.021210093887315859
leaf_weight=23 40 34 28 22 21 33 32 21 20 25 30 20 21 20 27 20 37 25 20 36 24 100 38 20 22 33 29 20 21 45
leaf_count=23 40 34 28 22 21 33 32 21 20 25 30 20 21 20 27 20 37 25 20 36 24 100 38 20 22 33 29 20 21 45
internal_value=0 -0.00166423 -0.082662 0.00508558 0.0838809 0.155577 -0.00443913 -0.109168 0.00213509 0.100718 -0.0082002 -0.00126503 0.11958 0.0207045 -0.0102899 -0.0413587 -0.0126415 0.0272193 -0.000356794 -0.00574569 -0.0210537 0.00174089 0.00866663 0.0172443 0.0895491 0.00499909 -0.0108182 0.0421912 0.0812519 -0.0537257
internal_weight=0 884 68 816 88 54 728 43 685 65 620 590 41 45 549 133 106 69 416 396 44 360 328 290 42 248 174 74 41 74
internal_count=907 884 68 816 88 54 728 43 685 65 620 590 41 45 549 133 106 69 416 396 44 360 328 290 42 248 174 74 41 74
is_linear=0
shrinkage=0.05


end of trees

feature_importances:
wind_speed_10m_max=328
pm2_5_lag_1=280
pm2_5_roll_30=276
pm10_roll_7=273
pm10_roll_30=269
temperature_lag_1=263
pm2_5_roll_7=242
pm10_lag_1=234
temperature_2m_mean=201
wind_speed_lag_1=196
month=138
precipitation_sum=135
day_of_week=90
precipitation_lag_1=73
is_weekend=2

parameters:
[boosting: gbdt]
[objective: regression]
[metric: l1]
[tree_learner: serial]
[device_type: cpu]
[data_sample_strategy: bagging]
[data: ]
[valid: ]
[num_iterations: 100]
[learning_rate: 0.05]
[num_leaves: 31]
[num_threads: 0]
[seed: 42]
[deterministic: 0]
[force_col_wise: 0]
[force_row_wise: 0]
[histogram_pool_size: -1]
[max_depth: -1]
[min_data_in_leaf: 20]
[min_sum_hessian_in_leaf: 0.001]
[bagging_fraction: 0.8]
[pos_bagging_fraction: 1]
[neg_bagging_fraction: 1]
[bagging_freq: 5]
[bagging_seed: 400]
[feature_fraction: 0.9]
[feature_fraction_bynode: 1]
[feature_fraction_seed: 30056]
[extra_trees: 0]
[extra_seed: 12879]
[early_stopping_round: 0]
[early_stopping_min_delta: 0]
[first_metric_only: 0]
[max_delta_step: 0]
[lambda_l1: 0]
[lambda_l2: 0]
[linear_lambda: 0]
[min_gain_to_split: 0]
[drop_rate: 0.1]
[max_drop: 50]
[skip_drop: 0.5]
[xgboost_dart_mode: 0]
[uniform_drop: 0]
[drop_seed: 17869]
[top_rate: 0.2]
[other_rate: 0.1]
[min_data_per_group: 100]
[max_cat_threshold: 32]
[cat_l2: 10]
[cat_smooth: 10]
[max_cat_to_onehot: 4]
[top_k: 20]
[monotone_constraints: ]
[monotone_constraints_method: basic]
[monotone_penalty: 0]
[feature_contri: ]
[forcedsplits_filename: ]
[refit_decay_rate: 0.9]
[cegb_tradeoff: 1]
[cegb_penalty_split: 0]
[cegb_penalty_feature_lazy: ]
[cegb_penalty_feature_coupled: ]
[path_smooth: 0]
[interaction_constraints: ]
[verbosity: -1]
[saved_feature_importance_type: 0]
[use_quantized_grad: 0]
[num_grad_quant_bins: 4]
[quant_train_renew_leaf: 0]
[stochastic_rounding: 1]
[linear_tree: 0]
[max_bin: 255]
[max_bin_by_feature: ]
[min_data_in_bin: 3]
[bin_construct_sample_cnt: 200000]
[data_random_seed: 175]
[is_enable_sparse: 1]
[enable_bundle: 1]
[use_missing: 1]
[zero_as_missing: 0]
[feature_pre_filter: 1]
[pre_partition: 0]
[two_round: 0]
[header: 0]
[label_column: ]
[weight_column: ]
[group_column: ]
[ignore_column: ]
[categorical_feature: ]
[forcedbins_filename: ]
[precise_float_parser: 0]
[parser_config_file: ]
[objective_seed: 16083]
[num_class: 1]
[is_unbalance: 0]
[scale_pos_weight: 1]
[sigmoid: 1]
[boost_from_average: 1]
[reg_sqrt: 0]
[alpha: 0.9]
[fair_c: 1]
[poisson_max_delta_step: 0.7]
[tweedie_variance_power: 1.5]
[lambdarank_truncation_level: 30]
[lambdarank_norm: 1]
[label_gain: ]
[lambdarank_position_bias_regularization: 0]
[eval_at: ]
[multi_error_top_k: 1]
[auc_mu_weights: ]
[num_machines: 1]
[local_listen_port: 12400]
[time_out: 120]
[machine_list_filename: ]
[machines: ]
[gpu_platform_id: -1]
[gpu_device_id: -1]
[gpu_use_dp: 0]
[num_gpu: 1]

end of parameters

pandas_categorical:null
